temperature_C,day,ac_count,ac_hours,fridge_count,fridge_hours,tv_count,tv_hours,light_count,light_hours,fan_count,fan_hours,ac_kwh,fridge_kwh,tv_kwh,light_kwh,fan_kwh,total_kwh
32.5,Wednesday,1,3.9,1,21.0,1,2.7,5,5.6,3,10.7,6.82,3.15,0.27,1.68,1.6,13.54
29.3,Tuesday,1,3.06,1,18.5,1,2.0,2,1.8,3,3.4,4.28,2.78,0.2,0.22,0.51,7.96
33.2,Friday,1,3.59,1,19.1,1,1.4,4,5.6,1,7.6,6.64,2.86,0.14,1.34,0.38,11.35
37.6,Saturday,1,3.48,1,18.3,1,3.7,5,4.1,1,4.5,8.57,2.74,0.37,1.23,0.22,13.07
28.8,Friday,2,2.18,1,18.9,1,2.4,6,9.1,3,8.7,3.05,2.83,0.24,3.28,1.3,10.57
28.8,Monday,1,5.17,1,18.8,0,3.6,1,1.2,1,4.6,7.24,2.82,0.0,0.07,0.23,10.5
37.9,Saturday,0,0.0,1,19.2,1,1.8,2,1.8,0,8.1,0.0,2.88,0.18,0.22,0.0,3.28
33.8,Sunday,1,6.54,1,19.6,1,1.4,2,2.8,1,6.4,12.64,2.94,0.14,0.34,0.32,16.72
27.7,Monday,1,3.45,1,20.2,2,3.2,3,5.8,2,3.3,4.83,3.03,0.64,1.04,0.33,9.71
32.7,Wednesday,0,0.0,1,18.7,1,3.6,5,1.6,2,6.4,0.0,2.8,0.36,0.48,0.64,4.58
27.7,Tuesday,1,2.47,1,19.8,1,2.4,5,7.2,1,7.0,3.46,2.97,0.24,2.16,0.35,9.22
27.7,Thursday,2,4.36,1,18.6,1,2.0,5,0.0,1,7.2,6.1,2.79,0.2,0.0,0.36,9.45
31.2,Monday,2,3.98,1,17.4,2,4.2,6,7.0,3,5.5,6.24,2.61,0.84,2.52,0.82,12.86
20.4,Thursday,0,0.0,1,20.8,1,2.9,3,5.4,2,11.2,0.0,3.12,0.29,0.97,1.12,5.4
21.4,Thursday,2,2.79,1,19.0,1,2.0,2,4.0,2,9.9,3.91,2.85,0.2,0.48,0.99,8.62
27.2,Tuesday,1,4.41,1,17.4,1,1.5,2,2.0,2,6.7,6.17,2.61,0.15,0.24,0.67,9.44
24.9,Wednesday,1,2.98,1,20.8,0,2.3,6,5.9,2,3.4,4.17,3.12,0.0,2.12,0.34,9.48
31.6,Tuesday,1,4.37,1,19.6,1,2.6,5,5.9,2,4.0,7.1,2.94,0.26,1.77,0.4,12.23
25.5,Saturday,2,4.24,1,20.7,0,3.8,5,3.0,1,5.5,5.94,3.1,0.0,0.9,0.28,10.4
22.9,Monday,1,4.9,1,20.6,1,3.0,3,4.3,1,5.8,6.86,3.09,0.3,0.77,0.29,11.41
37.3,Thursday,1,5.7,1,18.4,0,2.9,3,2.0,2,4.3,13.81,2.76,0.0,0.36,0.43,17.21
28.9,Tuesday,1,4.16,1,21.4,1,2.1,6,10.2,2,4.9,5.82,3.21,0.21,3.67,0.49,13.33
30.3,Tuesday,1,4.18,1,17.3,1,4.4,2,1.7,3,2.0,6.03,2.6,0.44,0.2,0.3,9.59
22.9,Tuesday,0,0.0,1,19.4,0,4.0,5,5.6,1,1.7,0.0,2.91,0.0,1.68,0.08,4.82
27.3,Monday,2,4.7,1,19.3,1,3.9,3,5.0,3,6.0,6.58,2.9,0.39,0.9,0.9,11.52
30.6,Wednesday,1,3.42,1,18.8,1,2.9,1,1.8,3,9.2,5.08,2.82,0.29,0.11,1.38,9.7
24.2,Sunday,1,4.53,1,21.8,1,3.4,5,8.6,1,2.9,6.34,3.27,0.34,2.58,0.14,12.62
31.9,Tuesday,0,0.0,1,20.5,1,0.4,3,4.5,2,5.6,0.0,3.08,0.04,0.81,0.56,4.47
27.0,Monday,1,4.37,1,17.9,1,3.2,5,3.0,2,6.0,6.12,2.68,0.32,0.9,0.6,10.49
28.5,Thursday,0,0.0,1,18.1,0,4.9,5,6.6,3,6.7,0.0,2.72,0.0,1.98,1.01,5.74
27.0,Saturday,0,0.0,1,23.2,1,2.4,4,4.9,2,5.0,0.0,3.48,0.24,1.18,0.5,5.28
39.3,Sunday,1,3.01,1,19.3,1,2.0,5,5.3,2,3.8,8.13,2.9,0.2,1.59,0.38,13.21
29.9,Friday,1,3.88,1,18.8,1,2.9,4,5.5,2,7.3,5.43,2.82,0.29,1.32,0.73,10.82
24.7,Sunday,1,1.28,1,21.7,1,2.1,3,2.3,1,2.1,1.79,3.26,0.21,0.41,0.11,5.94
34.1,Sunday,0,0.0,1,17.3,1,2.1,5,6.6,1,6.8,0.0,2.6,0.21,1.98,0.34,5.34
23.9,Monday,1,2.53,1,22.1,1,3.3,4,4.5,2,4.4,3.54,3.32,0.33,1.08,0.44,8.76
31.0,Friday,0,0.0,1,18.8,1,3.8,1,1.0,2,6.5,0.0,2.82,0.38,0.06,0.65,4.08
20.2,Tuesday,2,4.27,1,20.8,0,3.3,6,3.5,2,8.3,5.98,3.12,0.0,1.26,0.83,10.92
23.4,Tuesday,1,3.7,1,19.3,1,1.9,4,2.3,2,4.6,5.18,2.9,0.19,0.55,0.46,9.03
31.0,Sunday,1,5.65,1,17.6,2,2.3,6,13.4,1,5.3,8.7,2.64,0.46,4.82,0.26,16.73
33.7,Monday,1,5.24,1,20.3,1,3.3,6,8.5,2,5.2,10.06,3.04,0.33,3.06,0.52,16.87
30.9,Friday,0,0.0,1,21.4,1,3.7,4,10.2,0,10.6,0.0,3.21,0.37,2.45,0.0,6.19
29.4,Tuesday,2,3.47,1,16.5,1,2.8,4,10.3,2,5.7,4.86,2.48,0.28,2.47,0.57,10.43
28.5,Thursday,1,5.08,1,18.3,1,2.1,4,8.6,3,5.7,7.11,2.74,0.21,2.06,0.86,12.78
22.6,Wednesday,1,2.71,1,21.9,1,3.8,4,1.9,2,5.8,3.79,3.28,0.38,0.46,0.58,8.47
26.4,Wednesday,1,4.25,1,20.6,1,4.8,6,13.6,0,8.7,5.95,3.09,0.48,4.9,0.0,14.44
27.7,Tuesday,0,0.0,1,20.7,1,4.1,5,6.2,1,4.7,0.0,3.1,0.41,1.86,0.24,5.74
35.3,Friday,2,4.29,1,21.4,1,5.0,2,2.3,2,7.6,9.2,3.21,0.5,0.28,0.76,13.91
31.7,Saturday,1,4.46,1,20.7,1,2.4,4,4.2,2,4.5,7.3,3.1,0.24,1.01,0.45,12.07
21.2,Tuesday,1,4.17,1,20.2,2,4.0,6,6.6,2,4.3,5.84,3.03,0.8,2.38,0.43,12.61
31.6,Saturday,0,0.0,1,21.7,1,4.3,4,6.4,1,6.7,0.0,3.26,0.43,1.54,0.34,5.44
28.1,Saturday,0,0.0,1,19.4,1,2.5,5,14.3,2,8.4,0.0,2.91,0.25,4.29,0.84,8.31
26.6,Friday,2,3.88,1,20.0,1,2.2,5,1.2,2,5.2,5.43,3.0,0.22,0.36,0.52,9.62
33.1,Saturday,1,5.06,1,21.2,1,2.0,3,7.9,1,5.2,9.27,3.18,0.2,1.42,0.26,14.27
35.2,Thursday,1,2.26,1,18.9,1,2.9,3,7.0,2,7.3,4.8,2.83,0.29,1.26,0.73,10.04
34.7,Friday,0,0.0,1,22.1,1,1.5,5,6.1,1,6.0,0.0,3.32,0.15,1.83,0.3,5.47
25.8,Tuesday,1,3.7,1,20.4,1,4.7,4,4.0,2,7.4,5.18,3.06,0.47,0.96,0.74,10.64
28.5,Sunday,1,3.3,1,18.3,1,1.7,4,1.7,3,2.7,4.62,2.74,0.17,0.41,0.4,8.29
31.7,Thursday,1,4.94,1,19.7,1,3.4,5,3.6,2,3.9,8.1,2.95,0.34,1.08,0.39,12.79
34.9,Monday,1,5.2,1,17.9,2,0.7,5,4.6,2,5.9,10.85,2.68,0.14,1.38,0.59,15.42
27.6,Wednesday,1,3.0,1,20.1,1,5.0,3,3.8,2,6.9,4.2,3.02,0.5,0.68,0.69,8.92
29.1,Tuesday,1,4.16,1,19.4,1,4.2,2,2.6,1,5.7,5.82,2.91,0.42,0.31,0.29,9.63
24.5,Tuesday,2,3.75,1,18.7,1,1.4,3,5.5,2,6.2,5.25,2.8,0.14,0.99,0.62,9.63
24.0,Tuesday,0,0.0,1,17.3,1,3.3,4,7.1,2,7.2,0.0,2.6,0.33,1.7,0.72,5.17
34.1,Thursday,1,6.31,1,18.8,1,2.8,3,4.5,1,3.5,12.45,2.82,0.28,0.81,0.18,16.55
36.8,Monday,1,4.68,1,19.7,1,3.2,4,5.2,1,7.2,11.0,2.95,0.32,1.25,0.36,15.97
29.6,Sunday,1,3.99,1,19.4,1,3.6,2,4.2,2,8.1,5.59,2.91,0.36,0.5,0.81,10.21
35.0,Friday,1,3.78,1,17.9,1,2.2,4,7.6,1,5.3,7.94,2.68,0.22,1.82,0.26,12.44
31.8,Monday,2,3.42,1,20.0,1,2.9,3,4.9,1,4.3,5.65,3.0,0.29,0.88,0.22,9.88
26.8,Thursday,1,4.29,1,18.5,1,1.2,4,4.3,2,7.8,6.01,2.78,0.12,1.03,0.78,10.89
31.8,Tuesday,1,3.8,1,21.4,1,3.1,4,8.3,1,9.4,6.28,3.21,0.31,1.99,0.47,12.06
37.7,Wednesday,1,4.55,1,21.6,1,0.9,3,5.7,3,6.3,11.27,3.24,0.09,1.03,0.94,16.55
29.8,Tuesday,0,0.0,1,19.6,1,4.3,6,7.0,1,4.2,0.0,2.94,0.43,2.52,0.21,5.94
37.8,Friday,0,0.0,1,22.4,1,1.5,2,0.1,2,6.0,0.0,3.36,0.15,0.01,0.6,4.32
16.9,Saturday,1,3.22,1,19.8,1,3.3,5,7.0,2,4.3,4.51,2.97,0.33,2.1,0.43,10.22
34.1,Wednesday,0,0.0,1,18.0,1,3.8,6,5.2,2,7.4,0.0,2.7,0.38,1.87,0.74,5.79
30.4,Tuesday,1,4.85,1,21.8,1,4.9,4,7.2,1,5.9,7.06,3.27,0.49,1.73,0.3,12.74
28.5,Sunday,1,6.71,1,22.4,1,4.8,6,8.9,3,4.1,9.39,3.36,0.48,3.2,0.62,16.69
30.5,Wednesday,1,5.49,1,21.5,1,4.4,2,0.4,2,6.4,8.07,3.22,0.44,0.05,0.64,12.49
20.1,Saturday,1,3.06,1,18.9,2,3.0,4,6.1,2,4.7,4.28,2.83,0.6,1.46,0.47,9.35
28.9,Monday,1,5.31,1,18.1,1,4.1,4,9.9,1,3.4,7.43,2.72,0.41,2.38,0.17,12.97
31.8,Thursday,0,0.0,1,19.5,1,3.3,1,1.2,1,7.5,0.0,2.92,0.33,0.07,0.38,3.98
37.4,Tuesday,1,4.08,1,23.7,0,3.4,4,5.3,2,6.6,9.94,3.56,0.0,1.27,0.66,15.9
27.4,Friday,1,4.65,1,18.2,1,2.4,3,3.3,0,5.1,6.51,2.73,0.24,0.59,0.0,10.07
26.0,Monday,1,4.49,1,21.2,1,4.7,5,6.9,2,8.5,6.29,3.18,0.47,2.07,0.85,12.73
27.5,Tuesday,1,4.56,1,19.9,1,2.2,6,14.2,1,4.5,6.38,2.98,0.22,5.11,0.22,14.91
34.6,Monday,1,3.86,1,21.4,2,1.9,2,4.1,2,5.1,7.88,3.21,0.38,0.49,0.51,12.27
31.6,Friday,0,0.0,1,18.1,1,3.4,3,2.8,3,6.8,0.0,2.72,0.34,0.5,1.02,4.52
27.4,Tuesday,1,4.08,1,19.6,1,1.2,4,5.1,2,7.8,5.71,2.94,0.12,1.22,0.78,11.01
32.6,Saturday,0,0.0,1,18.7,1,3.1,4,5.3,2,6.8,0.0,2.8,0.31,1.27,0.68,5.09
30.5,Saturday,2,5.13,1,18.7,0,4.6,5,8.0,2,4.9,7.54,2.8,0.0,2.4,0.49,13.02
34.8,Friday,1,4.23,1,21.1,1,3.4,4,6.5,2,5.5,8.76,3.16,0.34,1.56,0.55,14.43
26.5,Wednesday,1,3.58,1,18.3,0,3.0,1,1.3,3,4.7,5.01,2.74,0.0,0.08,0.7,8.27
28.4,Friday,1,2.39,1,20.4,1,2.2,5,2.5,3,5.3,3.35,3.06,0.22,0.75,0.8,7.9
28.0,Wednesday,0,0.0,1,20.1,0,1.5,6,7.5,2,5.5,0.0,3.02,0.0,2.7,0.55,6.38
22.7,Tuesday,1,3.86,1,18.6,1,3.9,4,4.4,1,6.8,5.4,2.79,0.39,1.06,0.34,9.87
31.5,Wednesday,0,0.0,1,18.9,1,3.0,4,2.9,2,4.6,0.0,2.83,0.3,0.7,0.46,4.53
31.3,Tuesday,0,0.0,1,20.5,1,3.6,2,3.7,1,7.9,0.0,3.08,0.36,0.44,0.4,4.12
30.0,Tuesday,1,3.74,1,20.0,1,0.8,3,4.0,2,6.0,5.24,3.0,0.08,0.72,0.6,9.82
28.8,Sunday,1,4.85,1,20.1,1,3.7,3,1.9,2,4.3,6.79,3.02,0.37,0.34,0.43,11.2
22.9,Thursday,1,3.5,1,19.7,1,5.0,4,10.6,2,6.8,4.9,2.95,0.5,2.54,0.68,11.59
27.9,Tuesday,1,3.19,1,19.6,1,4.3,6,9.7,3,5.8,4.47,2.94,0.43,3.49,0.87,12.15
28.3,Wednesday,1,5.76,1,20.0,1,3.3,4,7.4,2,5.1,8.06,3.0,0.33,1.78,0.51,13.59
26.0,Thursday,1,5.35,1,22.2,1,2.0,2,4.1,0,8.8,7.49,3.33,0.2,0.49,0.0,11.43
29.2,Thursday,0,0.0,1,20.8,1,3.1,3,3.1,3,5.4,0.0,3.12,0.31,0.56,0.81,4.56
32.0,Tuesday,1,4.72,1,19.8,1,3.2,3,5.1,1,5.1,7.93,2.97,0.32,0.92,0.26,12.5
39.4,Friday,1,4.35,1,18.4,1,2.5,4,0.2,2,7.9,11.81,2.76,0.25,0.05,0.79,15.75
30.9,Friday,1,2.43,1,19.4,2,2.6,4,7.9,0,7.0,3.71,2.91,0.52,1.9,0.0,9.01
31.3,Saturday,1,5.67,1,18.6,1,5.1,3,3.9,1,7.5,8.97,2.79,0.51,0.7,0.38,13.35
29.6,Thursday,2,3.3,1,18.8,1,2.0,4,6.7,3,4.9,4.62,2.82,0.2,1.61,0.74,9.92
20.4,Tuesday,2,4.47,1,17.2,1,2.6,3,3.9,1,6.4,6.26,2.58,0.26,0.7,0.32,9.94
29.9,Sunday,1,4.88,1,20.0,1,3.6,2,5.1,2,3.2,6.83,3.0,0.36,0.61,0.32,10.92
30.3,Friday,1,4.48,1,23.1,0,5.2,1,2.1,1,2.2,6.46,3.47,0.0,0.13,0.11,10.08
42.3,Sunday,1,5.09,1,20.3,1,2.7,3,0.0,3,4.8,15.9,3.04,0.27,0.0,0.72,19.87
29.0,Tuesday,1,4.8,1,21.1,1,1.2,2,3.4,3,6.1,6.72,3.16,0.12,0.41,0.92,11.5
31.5,Tuesday,1,3.28,1,21.4,1,0.9,3,3.4,1,10.8,5.28,3.21,0.09,0.61,0.54,9.83
29.8,Thursday,1,5.53,1,19.6,1,5.5,5,8.6,1,8.5,7.74,2.94,0.55,2.58,0.43,14.47
24.2,Sunday,2,3.83,1,19.7,1,1.1,5,8.6,2,3.8,5.36,2.95,0.11,2.58,0.38,11.48
35.7,Saturday,1,6.34,1,17.9,1,3.1,4,3.4,1,7.8,13.94,2.68,0.31,0.82,0.39,17.9
33.8,Thursday,1,4.33,1,20.3,1,1.5,6,7.5,2,3.3,8.36,3.04,0.15,2.7,0.33,14.36
34.0,Monday,1,4.64,1,20.1,1,2.2,3,2.0,0,9.1,9.1,3.02,0.22,0.36,0.0,12.54
25.5,Sunday,2,4.05,1,18.7,1,2.4,6,13.9,1,5.0,5.67,2.8,0.24,5.0,0.25,13.91
37.0,Friday,1,5.4,1,21.7,1,1.0,3,4.7,2,4.9,12.85,3.26,0.1,0.85,0.49,17.43
23.0,Friday,1,5.23,1,18.8,1,4.2,4,6.5,1,8.0,7.32,2.82,0.42,1.56,0.4,12.62
32.9,Friday,1,3.91,1,24.0,1,3.4,4,6.1,3,4.9,7.06,3.6,0.34,1.46,0.74,13.38
41.0,Wednesday,2,4.88,1,20.6,0,2.6,2,1.3,1,9.5,14.34,3.09,0.0,0.16,0.48,17.89
25.0,Tuesday,0,0.0,1,20.0,1,2.4,6,10.5,1,4.9,0.0,3.0,0.24,3.78,0.25,7.02
27.2,Thursday,2,1.66,1,22.9,1,4.1,2,5.0,3,7.8,2.32,3.43,0.41,0.6,1.17,8.18
30.5,Friday,1,3.62,1,16.6,0,3.1,3,0.9,2,6.2,5.32,2.49,0.0,0.16,0.62,8.62
27.5,Monday,1,3.48,1,19.6,1,5.1,3,4.2,2,7.4,4.87,2.94,0.51,0.76,0.74,9.74
22.2,Friday,1,5.87,1,19.3,0,2.6,2,3.7,1,4.0,8.22,2.9,0.0,0.44,0.2,12.0
30.3,Saturday,1,4.45,1,19.7,1,3.4,2,1.7,2,2.3,6.42,2.95,0.34,0.2,0.23,10.33
24.7,Tuesday,0,0.0,1,20.3,1,1.8,1,1.8,2,4.1,0.0,3.04,0.18,0.11,0.41,3.65
32.4,Sunday,2,2.75,1,19.7,2,2.6,3,4.1,1,5.2,4.77,2.95,0.52,0.74,0.26,9.37
25.4,Tuesday,1,3.73,1,22.1,1,4.0,6,5.1,2,5.6,5.22,3.32,0.4,1.84,0.56,11.51
37.7,Sunday,1,5.89,1,20.7,1,4.2,3,0.0,2,5.0,14.6,3.1,0.42,0.0,0.5,18.75
26.1,Sunday,0,0.0,1,20.7,1,4.8,2,2.5,1,1.7,0.0,3.1,0.48,0.3,0.08,4.15
28.4,Thursday,1,3.34,1,20.7,1,3.4,4,5.1,2,4.7,4.68,3.1,0.34,1.22,0.47,9.67
34.1,Wednesday,1,2.45,1,18.1,1,4.2,6,13.3,2,6.1,4.84,2.72,0.42,4.79,0.61,13.38
23.8,Sunday,1,2.95,1,20.3,1,3.6,3,4.7,1,5.5,4.13,3.04,0.36,0.85,0.28,8.91
31.1,Sunday,1,3.43,1,20.4,1,2.6,3,2.9,2,5.3,5.33,3.06,0.26,0.52,0.53,9.64
36.5,Thursday,1,3.79,1,18.3,1,1.5,6,1.7,1,5.1,8.76,2.74,0.15,0.61,0.26,12.42
22.0,Friday,2,4.32,1,21.3,0,2.8,2,3.8,2,6.1,6.05,3.2,0.0,0.46,0.61,10.34
30.9,Saturday,1,4.59,1,16.9,1,1.9,4,5.6,2,3.9,7.01,2.53,0.19,1.34,0.39,11.22
31.3,Monday,2,3.06,1,23.8,1,4.1,3,3.2,2,5.5,4.84,3.57,0.41,0.58,0.55,10.0
33.9,Thursday,0,0.0,1,19.9,1,4.1,6,5.8,3,5.2,0.0,2.98,0.41,2.09,0.78,6.01
23.8,Wednesday,1,5.4,1,18.7,1,2.0,6,13.0,1,3.5,7.56,2.8,0.2,4.68,0.18,15.61
23.4,Thursday,1,2.08,1,20.9,1,4.1,5,11.3,2,5.6,2.91,3.14,0.41,3.39,0.56,10.17
32.6,Tuesday,1,5.65,1,20.9,1,1.8,3,2.7,2,2.0,9.97,3.14,0.18,0.49,0.2,14.11
31.5,Friday,2,4.1,1,23.1,1,4.4,4,0.0,2,4.6,6.6,3.47,0.44,0.0,0.46,10.86
31.3,Friday,0,0.0,1,22.7,1,2.8,3,3.6,2,6.7,0.0,3.4,0.28,0.65,0.67,4.84
31.7,Sunday,0,0.0,1,18.0,1,3.5,6,8.9,1,6.8,0.0,2.7,0.35,3.2,0.34,6.59
26.6,Friday,2,3.45,1,19.6,0,4.4,6,8.3,1,6.0,4.83,2.94,0.0,2.99,0.3,11.1
31.2,Friday,1,3.7,1,18.6,0,3.6,4,1.1,1,6.4,5.8,2.79,0.0,0.26,0.32,9.18
31.5,Friday,1,4.44,1,21.1,1,2.9,5,11.8,3,7.2,7.15,3.16,0.29,3.54,1.08,15.27
26.4,Friday,1,5.95,1,22.1,2,3.9,2,0.2,1,6.2,8.33,3.32,0.78,0.02,0.31,12.86
39.3,Monday,2,4.28,1,18.0,1,2.0,4,3.3,3,8.4,11.56,2.7,0.2,0.79,1.26,16.21
32.4,Wednesday,0,0.0,1,19.9,1,1.1,4,2.6,2,1.8,0.0,2.98,0.11,0.62,0.18,3.91
24.0,Sunday,0,0.0,1,19.1,2,4.1,3,1.9,1,7.6,0.0,2.86,0.82,0.34,0.38,4.2
33.3,Friday,1,5.58,1,21.3,1,1.7,3,0.0,2,1.7,10.39,3.2,0.17,0.0,0.17,13.74
25.1,Sunday,2,3.53,1,20.6,1,3.9,1,1.4,2,4.7,4.94,3.09,0.39,0.08,0.47,8.8
33.9,Wednesday,1,5.2,1,21.8,1,3.1,5,11.4,3,7.5,10.12,3.27,0.31,3.42,1.12,17.94
35.8,Saturday,1,4.82,1,19.4,1,3.0,6,7.3,1,7.2,10.66,2.91,0.3,2.63,0.36,16.86
25.9,Friday,1,3.89,1,19.8,1,2.1,6,4.0,1,4.1,5.45,2.97,0.21,1.44,0.2,10.0
34.8,Sunday,2,6.35,1,20.6,1,2.5,5,11.4,1,5.9,13.16,3.09,0.25,3.42,0.3,20.28
32.1,Thursday,2,3.28,1,19.6,1,3.0,4,7.6,0,4.8,5.55,2.94,0.3,1.82,0.0,10.84
34.1,Sunday,2,3.32,1,20.4,1,3.2,3,2.3,2,7.7,6.56,3.06,0.32,0.41,0.77,11.35
39.5,Friday,0,0.0,1,21.9,1,2.1,6,9.3,3,5.8,0.0,3.28,0.21,3.35,0.87,7.55
28.8,Tuesday,0,0.0,1,23.2,1,3.7,4,8.2,1,4.7,0.0,3.48,0.37,1.97,0.24,5.88
26.2,Monday,1,3.91,1,19.3,1,3.8,5,3.7,2,6.8,5.47,2.9,0.38,1.11,0.68,10.66
25.6,Thursday,2,4.48,1,23.2,0,3.5,5,7.1,2,7.2,6.27,3.48,0.0,2.13,0.72,12.61
25.9,Thursday,1,3.76,1,19.2,0,2.6,5,5.4,1,5.6,5.26,2.88,0.0,1.62,0.28,10.03
29.6,Tuesday,1,3.93,1,21.3,1,3.9,1,0.5,1,7.3,5.5,3.2,0.39,0.03,0.36,9.28
31.7,Friday,1,4.65,1,19.3,1,3.6,3,4.3,2,9.1,7.62,2.9,0.36,0.77,0.91,12.58
31.4,Monday,0,0.0,1,18.5,1,1.0,5,8.1,3,1.8,0.0,2.78,0.1,2.43,0.27,5.71
34.1,Thursday,1,3.18,1,21.8,0,3.2,6,8.2,2,8.4,6.27,3.27,0.0,2.95,0.84,13.21
30.1,Monday,1,3.21,1,19.9,2,4.9,5,3.9,0,8.9,4.53,2.98,0.98,1.17,0.0,9.73
37.3,Thursday,1,4.79,1,21.9,1,4.0,4,10.9,1,6.9,11.61,3.28,0.4,2.62,0.34,18.27
28.7,Friday,1,6.12,1,21.1,1,4.2,3,3.0,1,5.4,8.57,3.16,0.42,0.54,0.27,12.86
43.6,Saturday,1,3.84,1,20.6,1,2.3,5,8.5,2,2.9,12.7,3.09,0.23,2.55,0.29,18.85
33.1,Thursday,1,4.4,1,20.8,1,3.1,5,9.4,2,6.1,8.07,3.12,0.31,2.82,0.61,14.77
25.7,Saturday,1,2.98,1,21.6,1,2.8,4,0.0,1,5.2,4.17,3.24,0.28,0.0,0.26,8.08
24.6,Thursday,1,4.1,1,21.4,1,3.0,3,5.7,2,3.2,5.74,3.21,0.3,1.03,0.32,10.45
32.4,Wednesday,1,2.11,1,19.4,1,2.5,6,8.0,2,4.7,3.66,2.91,0.25,2.88,0.47,10.08
28.9,Friday,1,3.02,1,20.6,1,1.8,4,4.6,2,5.9,4.23,3.09,0.18,1.1,0.59,9.33
33.6,Tuesday,0,0.0,1,22.3,0,3.1,5,6.3,3,6.5,0.0,3.34,0.0,1.89,0.98,6.13
32.4,Saturday,0,0.0,1,20.1,1,2.2,3,5.2,1,4.0,0.0,3.02,0.22,0.94,0.2,4.24
29.6,Tuesday,1,3.36,1,19.3,2,3.6,3,0.0,3,1.2,4.7,2.9,0.72,0.0,0.18,8.53
25.8,Friday,1,3.78,1,19.1,0,3.0,6,8.1,1,5.5,5.29,2.86,0.0,2.92,0.28,11.62
22.4,Sunday,2,3.5,1,21.3,1,1.1,2,3.2,1,4.2,4.9,3.2,0.11,0.38,0.21,8.97
27.8,Tuesday,1,4.54,1,19.6,2,4.4,4,11.1,3,5.1,6.36,2.94,0.88,2.66,0.76,13.69
34.3,Friday,1,2.17,1,20.5,1,3.4,4,1.7,3,1.9,4.35,3.08,0.34,0.41,0.29,8.62
31.1,Tuesday,1,3.15,1,19.6,1,2.5,5,8.1,2,5.4,4.9,2.94,0.25,2.43,0.54,11.14
23.8,Saturday,1,2.79,1,21.8,1,2.7,3,3.0,2,6.7,3.91,3.27,0.27,0.54,0.67,8.69
30.9,Wednesday,1,4.9,1,20.2,1,1.8,3,5.0,2,5.1,7.48,3.03,0.18,0.9,0.51,12.24
31.9,Tuesday,0,0.0,1,22.1,1,2.9,6,11.5,2,6.2,0.0,3.32,0.29,4.14,0.62,8.42
25.6,Saturday,0,0.0,1,22.1,1,3.7,4,3.4,1,5.4,0.0,3.32,0.37,0.82,0.27,4.77
30.8,Thursday,1,5.1,1,19.9,0,4.7,2,5.3,2,2.1,7.71,2.98,0.0,0.64,0.21,11.57
30.3,Friday,2,3.82,1,22.0,1,2.9,2,4.4,2,6.2,5.51,3.3,0.29,0.53,0.62,10.3
24.3,Monday,0,0.0,1,19.5,1,3.0,6,11.2,2,4.4,0.0,2.92,0.3,4.03,0.44,7.74
31.8,Sunday,0,0.0,1,20.4,1,4.2,2,2.2,2,3.4,0.0,3.06,0.42,0.26,0.34,4.13
32.8,Monday,1,5.95,1,18.8,1,1.8,4,3.9,2,7.4,10.66,2.82,0.18,0.94,0.74,15.19
35.4,Friday,1,4.48,1,20.9,1,3.1,4,6.5,3,6.5,9.66,3.14,0.31,1.56,0.98,15.62
35.3,Wednesday,2,3.46,1,20.5,0,2.2,6,6.4,2,4.8,7.41,3.08,0.0,2.3,0.48,13.08
23.1,Tuesday,1,1.71,1,20.8,1,3.1,5,4.9,3,5.7,2.39,3.12,0.31,1.47,0.86,8.19
25.3,Wednesday,2,1.8,1,18.0,1,3.9,4,10.4,1,6.3,2.52,2.7,0.39,2.5,0.32,8.48
32.6,Monday,1,4.88,1,17.0,1,1.3,1,1.7,2,2.6,8.61,2.55,0.13,0.1,0.26,11.85
32.6,Sunday,1,4.86,1,18.3,1,4.1,6,11.3,2,3.7,8.57,2.74,0.41,4.07,0.37,16.21
32.6,Saturday,1,3.63,1,20.7,0,3.4,4,10.3,2,3.8,6.4,3.1,0.0,2.47,0.38,12.29
45.0,Sunday,1,7.1,1,21.0,1,3.1,6,8.3,2,7.0,24.85,3.15,0.31,2.99,0.7,31.94
32.9,Friday,1,4.16,1,21.7,1,4.3,4,3.6,2,9.1,7.51,3.26,0.43,0.86,0.91,13.07
35.7,Friday,0,0.0,1,19.4,2,2.2,5,3.1,3,7.2,0.0,2.91,0.44,0.93,1.08,5.26
34.8,Wednesday,1,5.87,1,20.3,1,1.7,2,4.5,2,6.2,12.17,3.04,0.17,0.54,0.62,16.56
33.3,Saturday,1,5.57,1,18.9,2,2.0,5,5.4,1,3.9,10.37,2.83,0.4,1.62,0.2,15.56
28.4,Wednesday,2,3.98,1,22.1,2,3.5,3,0.0,2,7.5,5.57,3.32,0.7,0.0,0.75,10.64
33.8,Tuesday,1,5.04,1,18.9,1,2.5,3,0.0,2,5.3,9.74,2.83,0.25,0.0,0.53,13.52
26.1,Thursday,1,4.47,1,21.8,1,2.1,2,0.7,1,4.0,6.26,3.27,0.21,0.08,0.2,9.94
28.8,Saturday,0,0.0,1,19.6,1,2.0,2,2.2,3,7.4,0.0,2.94,0.2,0.26,1.11,4.4
27.6,Thursday,1,3.84,1,22.4,1,3.2,2,2.4,2,8.7,5.38,3.36,0.32,0.29,0.87,10.31
30.4,Sunday,1,2.96,1,20.3,1,3.0,3,5.1,2,7.5,4.31,3.04,0.3,0.92,0.75,9.29
41.6,Tuesday,2,5.88,1,20.2,1,1.6,6,3.5,1,10.8,17.78,3.03,0.16,1.26,0.54,22.55
20.7,Thursday,2,3.47,1,18.9,1,1.6,3,4.4,0,4.5,4.86,2.83,0.16,0.79,0.0,9.03
33.4,Monday,0,0.0,1,23.3,1,2.5,5,9.6,2,5.1,0.0,3.5,0.25,2.88,0.51,7.17
21.9,Sunday,2,3.48,1,21.5,1,3.9,2,2.5,1,4.2,4.87,3.22,0.39,0.3,0.21,9.18
27.6,Thursday,0,0.0,1,20.8,1,2.6,4,4.1,2,4.2,0.0,3.12,0.26,0.98,0.42,4.73
35.4,Tuesday,1,4.89,1,20.4,1,1.5,4,3.0,1,8.8,10.55,3.06,0.15,0.72,0.44,14.92
30.3,Thursday,1,3.81,1,19.0,1,2.9,6,12.6,2,3.8,5.49,2.85,0.29,4.54,0.38,13.57
24.6,Friday,0,0.0,1,21.0,1,3.0,5,2.1,1,4.9,0.0,3.15,0.3,0.63,0.25,4.29
26.4,Wednesday,1,3.49,1,19.9,1,1.5,4,9.5,1,8.5,4.89,2.98,0.15,2.28,0.43,10.62
33.4,Monday,0,0.0,1,20.1,1,1.8,5,6.6,2,6.8,0.0,3.02,0.18,1.98,0.68,6.19
26.3,Friday,0,0.0,1,21.3,1,3.7,2,1.3,1,4.0,0.0,3.2,0.37,0.16,0.2,3.98
31.1,Friday,1,4.22,1,20.4,1,1.8,4,7.6,2,5.8,6.56,3.06,0.18,1.82,0.58,11.96
30.2,Tuesday,1,5.38,1,20.0,1,3.8,2,3.3,3,2.6,7.68,3.0,0.38,0.4,0.39,11.87
26.7,Wednesday,2,4.63,1,22.2,1,1.5,3,4.8,2,5.6,6.48,3.33,0.15,0.86,0.56,11.16
40.7,Wednesday,1,4.92,1,18.8,1,1.5,3,5.4,2,6.2,14.26,2.82,0.15,0.97,0.62,18.69
33.2,Saturday,1,3.27,1,17.5,2,3.0,5,7.2,1,6.3,6.05,2.62,0.6,2.16,0.32,11.77
19.9,Sunday,1,3.84,1,18.8,1,2.2,4,6.6,1,9.8,5.38,2.82,0.22,1.58,0.49,10.57
30.9,Monday,0,0.0,1,20.2,1,2.5,5,11.2,3,7.5,0.0,3.03,0.25,3.36,1.12,7.38
26.7,Sunday,0,0.0,1,21.0,1,3.2,4,5.9,2,3.7,0.0,3.15,0.32,1.42,0.37,5.52
34.3,Tuesday,1,3.02,1,18.9,1,2.4,2,3.8,2,6.2,6.05,2.83,0.24,0.46,0.62,10.1
26.0,Monday,1,4.24,1,24.0,1,2.1,5,0.0,2,5.9,5.94,3.6,0.21,0.0,0.59,10.31
29.4,Saturday,1,6.78,1,20.3,1,3.5,5,7.7,2,9.7,9.49,3.04,0.35,2.31,0.97,16.39
32.5,Thursday,1,3.81,1,20.2,1,3.2,6,16.0,0,5.1,6.66,3.03,0.32,5.76,0.0,16.03
34.3,Friday,1,5.21,1,18.1,1,3.0,4,0.6,2,6.3,10.42,2.72,0.3,0.14,0.63,14.12
24.0,Monday,0,0.0,1,17.8,0,3.0,5,13.3,2,6.5,0.0,2.67,0.0,3.99,0.65,7.47
28.3,Sunday,0,0.0,1,17.3,1,2.2,5,9.1,2,3.9,0.0,2.6,0.22,2.73,0.39,5.96
27.6,Friday,2,1.56,1,22.1,1,2.0,2,0.4,3,3.0,2.18,3.32,0.2,0.05,0.45,6.6
26.7,Tuesday,1,4.57,1,21.8,1,2.7,2,2.7,1,5.5,6.4,3.27,0.27,0.32,0.28,10.44
38.8,Sunday,2,4.96,1,20.0,1,2.2,2,3.2,1,7.3,13.05,3.0,0.22,0.38,0.36,17.26
32.0,Thursday,0,0.0,1,18.2,1,3.0,3,5.8,3,3.4,0.0,2.73,0.3,1.04,0.51,4.49
23.7,Tuesday,2,3.71,1,19.6,1,2.6,4,4.2,2,5.8,5.19,2.94,0.26,1.01,0.58,9.82
34.6,Thursday,1,5.84,1,22.1,1,3.0,6,10.8,2,4.7,11.94,3.32,0.3,3.89,0.47,19.87
40.6,Thursday,0,0.0,1,19.2,1,2.9,4,9.0,1,2.1,0.0,2.88,0.29,2.16,0.11,5.19
35.2,Friday,2,7.06,1,18.6,1,4.8,5,9.6,1,6.5,15.02,2.79,0.48,2.88,0.32,21.35
22.4,Tuesday,1,4.17,1,19.4,1,1.6,5,10.6,2,6.8,5.84,2.91,0.16,3.18,0.68,12.72
27.6,Tuesday,1,4.97,1,19.6,1,2.8,3,3.1,1,7.3,6.96,2.94,0.28,0.56,0.36,11.06
36.3,Monday,0,0.0,1,21.1,2,1.9,2,3.6,2,7.6,0.0,3.16,0.38,0.43,0.76,4.87
26.5,Sunday,1,4.18,1,16.7,1,2.5,4,11.5,3,5.8,5.85,2.5,0.25,2.76,0.87,12.35
32.2,Tuesday,2,2.5,1,20.3,1,2.2,5,3.1,2,6.8,4.27,3.04,0.22,0.93,0.68,9.13
33.9,Monday,1,3.83,1,19.0,1,3.6,6,9.7,1,6.4,7.45,2.85,0.36,3.49,0.32,14.21
25.4,Wednesday,1,4.81,1,19.2,1,1.5,3,1.8,2,0.9,6.73,2.88,0.15,0.32,0.09,9.85
29.7,Wednesday,0,0.0,1,21.1,1,3.8,6,13.0,1,3.0,0.0,3.16,0.38,4.68,0.15,8.29
15.0,Wednesday,1,2.13,1,18.0,1,3.5,3,0.0,1,4.5,2.98,2.7,0.35,0.0,0.22,6.12
24.9,Saturday,1,3.11,1,20.3,1,5.1,5,4.8,0,6.1,4.35,3.04,0.51,1.44,0.0,9.25
28.7,Tuesday,1,3.35,1,20.7,1,4.8,4,11.5,1,6.5,4.69,3.1,0.48,2.76,0.32,11.59
23.8,Saturday,1,3.63,1,20.9,1,2.2,2,2.0,3,7.3,5.08,3.14,0.22,0.24,1.1,9.69
38.2,Sunday,0,0.0,1,21.1,1,4.2,2,2.6,1,7.3,0.0,3.16,0.42,0.31,0.36,4.12
22.8,Tuesday,2,4.86,1,20.9,1,2.7,1,2.2,1,6.4,6.8,3.14,0.27,0.13,0.32,10.66
27.8,Monday,1,4.19,1,21.1,1,3.3,3,3.7,3,7.0,5.87,3.16,0.33,0.67,1.05,11.0
30.7,Saturday,1,2.75,1,18.7,1,4.7,5,0.0,0,9.1,4.12,2.8,0.47,0.0,0.0,7.48
37.2,Saturday,1,6.55,1,22.0,1,2.2,2,1.2,2,6.8,15.77,3.3,0.22,0.14,0.68,20.15
22.8,Sunday,1,3.54,1,18.2,1,3.1,4,8.8,1,5.9,4.96,2.73,0.31,2.11,0.3,10.69
35.8,Saturday,1,5.21,1,20.6,1,1.1,3,6.9,0,6.9,11.52,3.09,0.11,1.24,0.0,15.92
30.1,Thursday,2,4.49,1,19.0,2,3.9,5,0.0,3,7.6,6.35,2.85,0.78,0.0,1.14,11.41
25.1,Monday,1,4.16,1,17.4,1,5.1,5,3.5,1,9.1,5.82,2.61,0.51,1.05,0.46,10.55
32.3,Wednesday,2,3.97,1,19.1,1,3.6,5,4.4,2,3.8,6.84,2.86,0.36,1.32,0.38,11.84
31.0,Monday,1,4.59,1,19.8,1,4.4,4,4.3,1,2.7,7.07,2.97,0.44,1.03,0.14,11.35
27.0,Thursday,0,0.0,1,22.1,1,4.1,3,2.1,1,6.4,0.0,3.32,0.41,0.38,0.32,4.11
30.3,Sunday,1,4.56,1,22.7,1,2.3,5,7.0,0,3.1,6.57,3.4,0.23,2.1,0.0,12.06
28.1,Sunday,1,3.82,1,19.8,1,3.3,2,1.9,1,5.5,5.35,2.97,0.33,0.23,0.28,9.19
30.6,Tuesday,1,3.9,1,17.9,1,3.5,3,3.1,1,9.6,5.79,2.68,0.35,0.56,0.48,9.97
33.3,Monday,2,2.81,1,18.0,1,1.8,2,1.2,2,6.0,5.23,2.7,0.18,0.14,0.6,8.93
37.9,Sunday,1,4.79,1,21.2,1,4.4,5,9.3,2,6.0,12.01,3.18,0.44,2.79,0.6,19.03
23.8,Saturday,2,3.87,1,21.1,1,2.5,5,2.0,1,5.2,5.42,3.16,0.25,0.6,0.26,9.83
40.7,Sunday,1,7.33,1,19.1,1,2.8,5,7.9,2,9.0,21.24,2.86,0.28,2.37,0.9,27.83
20.2,Sunday,1,3.78,1,18.2,1,2.7,4,8.0,3,6.8,5.29,2.73,0.27,1.92,1.02,11.18
29.2,Sunday,1,3.35,1,21.5,1,3.0,2,5.3,3,5.1,4.69,3.22,0.3,0.64,0.76,9.69
32.9,Sunday,1,3.28,1,18.2,2,5.9,6,10.0,2,9.0,5.92,2.73,1.18,3.6,0.9,14.39
31.4,Wednesday,2,4.56,1,19.3,1,2.4,4,5.9,3,6.4,7.27,2.9,0.24,1.42,0.96,12.91
26.9,Wednesday,1,3.18,1,20.7,1,1.5,4,0.8,1,5.2,4.45,3.1,0.15,0.19,0.26,8.2
29.0,Tuesday,0,0.0,1,17.0,0,3.2,4,9.3,1,1.8,0.0,2.55,0.0,2.23,0.09,4.91
27.5,Sunday,1,3.22,1,21.4,1,2.1,2,2.9,2,6.3,4.51,3.21,0.21,0.35,0.63,8.82
27.1,Monday,1,3.61,1,23.6,0,2.6,2,3.1,2,5.1,5.05,3.54,0.0,0.37,0.51,9.5
34.2,Thursday,0,0.0,1,20.2,1,3.6,4,6.4,2,5.4,0.0,3.03,0.36,1.54,0.54,5.42
31.8,Tuesday,0,0.0,1,19.9,1,1.9,3,4.2,2,5.3,0.0,2.98,0.19,0.76,0.53,4.3
26.5,Monday,1,5.14,1,20.1,1,2.6,3,4.0,3,2.3,7.2,3.02,0.26,0.72,0.34,11.58
34.5,Sunday,1,4.29,1,20.3,1,3.3,6,6.5,2,11.1,8.71,3.04,0.33,2.34,1.11,15.38
31.5,Friday,1,3.6,1,18.9,1,2.2,4,7.3,2,4.6,5.8,2.83,0.22,1.75,0.46,11.05
34.1,Sunday,1,5.48,1,18.3,1,3.0,4,1.3,2,7.3,10.81,2.74,0.3,0.31,0.73,14.84
33.1,Wednesday,0,0.0,1,19.5,1,3.3,5,1.6,1,5.6,0.0,2.92,0.33,0.48,0.28,3.93
25.9,Thursday,1,2.83,1,20.2,2,2.9,6,4.6,1,0.5,3.96,3.03,0.58,1.66,0.02,9.46
27.2,Saturday,1,2.44,1,18.5,1,3.2,2,4.3,1,5.7,3.42,2.78,0.32,0.52,0.29,7.58
33.7,Thursday,1,5.23,1,18.0,1,3.4,5,8.2,2,6.2,10.03,2.7,0.34,2.46,0.62,16.11
33.1,Saturday,1,5.25,1,19.3,1,2.3,4,3.6,0,4.9,9.63,2.9,0.23,0.86,0.0,13.77
29.9,Thursday,1,3.72,1,18.0,1,1.5,2,1.6,2,8.9,5.21,2.7,0.15,0.19,0.89,8.9
30.6,Wednesday,0,0.0,1,21.0,0,2.0,3,3.8,1,9.6,0.0,3.15,0.0,0.68,0.48,4.13
36.4,Saturday,0,0.0,1,14.8,1,1.8,4,6.4,2,6.6,0.0,2.22,0.18,1.54,0.66,4.59
27.0,Monday,0,0.0,1,18.2,1,4.2,5,11.2,1,6.8,0.0,2.73,0.42,3.36,0.34,6.69
32.7,Saturday,2,3.33,1,22.1,1,1.3,3,8.1,1,3.7,5.92,3.32,0.13,1.46,0.19,11.08
29.0,Tuesday,1,2.98,1,19.7,1,3.6,4,5.0,3,3.7,4.17,2.95,0.36,1.2,0.56,9.28
28.9,Monday,1,3.55,1,20.3,1,2.3,5,14.0,2,4.7,4.97,3.04,0.23,4.2,0.47,12.9
35.5,Tuesday,1,4.14,1,19.8,1,4.0,4,5.5,3,10.0,8.99,2.97,0.4,1.32,1.5,15.54
34.1,Sunday,1,5.78,1,19.1,2,2.6,6,9.2,3,4.9,11.41,2.86,0.52,3.31,0.74,18.9
34.1,Thursday,1,4.82,1,21.6,1,3.0,6,11.9,1,8.6,9.52,3.24,0.3,4.28,0.43,17.86
36.5,Monday,1,3.79,1,19.1,1,3.5,4,8.3,1,4.6,8.76,2.86,0.35,1.99,0.23,14.26
30.1,Thursday,0,0.0,1,18.8,1,4.3,6,14.3,3,4.1,0.0,2.82,0.43,5.15,0.62,8.88
33.4,Sunday,1,3.96,1,21.0,1,2.4,2,1.0,3,5.0,7.42,3.15,0.24,0.12,0.75,11.97
28.4,Friday,1,3.22,1,17.1,1,2.4,1,1.4,2,4.9,4.51,2.56,0.24,0.08,0.49,7.67
31.6,Thursday,1,4.2,1,19.6,1,3.5,3,6.5,2,4.5,6.82,2.94,0.35,1.17,0.45,11.77
29.3,Sunday,1,3.91,1,19.2,1,1.4,4,2.5,2,9.1,5.47,2.88,0.14,0.6,0.91,10.11
30.5,Thursday,1,3.4,1,19.5,1,1.3,4,0.3,1,5.9,5.0,2.92,0.13,0.07,0.3,8.57
33.0,Sunday,1,3.55,1,19.3,1,3.4,4,1.4,2,5.6,6.46,2.9,0.34,0.34,0.56,10.55
25.9,Tuesday,1,4.61,1,20.6,0,3.7,2,2.5,2,6.1,6.45,3.09,0.0,0.3,0.61,10.56
40.5,Sunday,2,5.53,1,21.6,1,3.3,2,5.4,2,7.8,15.87,3.24,0.33,0.65,0.78,20.71
25.0,Saturday,1,4.65,1,20.7,0,2.9,6,2.0,0,6.1,6.51,3.1,0.0,0.72,0.0,10.58
23.9,Friday,1,3.41,1,19.5,1,2.5,6,3.3,1,6.6,4.77,2.92,0.25,1.19,0.33,9.44
35.8,Thursday,1,3.37,1,20.9,1,4.6,5,5.0,1,8.0,7.46,3.14,0.46,1.5,0.4,12.89
34.0,Sunday,2,3.84,1,21.1,1,4.7,5,3.4,1,3.9,7.53,3.16,0.47,1.02,0.2,12.28
33.1,Sunday,1,5.54,1,20.5,1,3.1,4,2.2,3,4.3,10.17,3.08,0.31,0.53,0.64,14.77
33.1,Thursday,1,2.64,1,21.6,2,2.3,3,0.0,0,6.2,4.85,3.24,0.46,0.0,0.0,8.31
29.9,Friday,1,5.65,1,16.5,1,2.0,4,3.9,1,4.6,7.91,2.48,0.2,0.94,0.23,11.89
25.5,Friday,1,2.75,1,20.0,1,3.4,5,13.2,1,5.5,3.85,3.0,0.34,3.96,0.28,11.34
30.4,Sunday,2,5.01,1,20.5,1,1.8,4,6.8,2,3.8,7.29,3.08,0.18,1.63,0.38,12.76
26.6,Monday,0,0.0,1,17.8,2,1.8,1,2.1,2,4.3,0.0,2.67,0.36,0.13,0.43,3.4
34.9,Tuesday,0,0.0,1,20.3,1,2.5,6,5.6,1,8.2,0.0,3.04,0.25,2.02,0.41,5.74
29.3,Friday,2,1.99,1,21.4,1,3.5,5,3.9,1,5.3,2.79,3.21,0.35,1.17,0.26,7.86
25.9,Friday,1,5.61,1,19.7,0,4.5,3,5.0,1,5.1,7.85,2.95,0.0,0.9,0.26,12.06
28.4,Wednesday,1,4.61,1,21.0,0,3.3,4,5.6,2,4.3,6.45,3.15,0.0,1.34,0.43,11.29
32.1,Saturday,1,5.01,1,21.5,1,3.5,6,7.8,1,4.2,8.48,3.22,0.35,2.81,0.21,14.88
27.2,Friday,0,0.0,1,22.0,1,4.0,2,4.9,3,3.9,0.0,3.3,0.4,0.59,0.58,4.8
25.9,Tuesday,1,2.94,1,21.7,1,3.9,4,3.2,2,3.4,4.12,3.26,0.39,0.77,0.34,9.05
31.2,Saturday,1,5.08,1,22.0,2,2.4,4,2.8,1,4.6,7.96,3.3,0.48,0.67,0.23,12.95
31.2,Saturday,1,2.98,1,19.3,1,3.9,4,7.6,2,5.8,4.67,2.9,0.39,1.82,0.58,10.12
27.5,Thursday,1,3.79,1,19.4,1,4.0,5,9.1,1,7.3,5.31,2.91,0.4,2.73,0.36,11.6
27.6,Thursday,2,2.73,1,16.3,2,3.3,3,1.9,2,5.8,3.82,2.44,0.66,0.34,0.58,7.58
31.2,Thursday,0,0.0,1,18.4,1,3.1,2,2.8,1,4.0,0.0,2.76,0.31,0.34,0.2,3.53
22.8,Thursday,2,1.87,1,21.8,1,3.6,2,0.3,2,4.9,2.62,3.27,0.36,0.04,0.49,6.68
23.0,Wednesday,1,2.27,1,19.1,1,3.5,1,1.5,2,4.8,3.18,2.86,0.35,0.09,0.48,6.78
26.4,Friday,1,3.04,1,20.6,0,1.1,4,4.1,3,4.7,4.26,3.09,0.0,0.98,0.7,9.28
28.9,Thursday,2,4.7,1,20.4,1,3.4,5,5.8,1,5.2,6.58,3.06,0.34,1.74,0.26,12.15
31.6,Sunday,1,3.72,1,21.9,1,4.2,3,1.7,1,7.8,6.04,3.28,0.42,0.31,0.39,10.48
37.4,Monday,1,5.92,1,17.0,1,4.0,4,8.5,2,7.3,14.42,2.55,0.4,2.04,0.73,20.12
34.3,Thursday,1,6.19,1,20.5,1,3.4,5,7.5,3,9.2,12.4,3.08,0.34,2.25,1.38,19.58
29.2,Friday,1,3.78,1,20.5,1,3.1,3,6.0,3,4.2,5.29,3.08,0.31,1.08,0.63,10.24
29.9,Thursday,1,2.62,1,18.7,1,2.6,4,5.1,1,3.8,3.67,2.8,0.26,1.22,0.19,8.18
25.0,Wednesday,2,4.67,1,21.4,1,2.9,5,10.6,1,5.3,6.54,3.21,0.29,3.18,0.26,13.39
29.9,Tuesday,1,2.55,1,17.9,1,3.7,4,0.4,2,8.3,3.57,2.68,0.37,0.1,0.83,7.9
28.6,Tuesday,1,3.13,1,21.6,1,3.4,3,4.0,1,1.8,4.38,3.24,0.34,0.72,0.09,8.57
31.6,Friday,1,2.46,1,16.8,0,3.9,4,8.5,1,6.2,3.99,2.52,0.0,2.04,0.31,8.82
25.9,Sunday,0,0.0,1,18.6,1,2.5,6,0.1,1,5.3,0.0,2.79,0.25,0.04,0.26,3.15
32.6,Tuesday,0,0.0,1,19.8,1,4.1,4,5.7,2,7.2,0.0,2.97,0.41,1.37,0.72,5.58
37.7,Tuesday,1,6.71,1,20.3,1,2.4,3,5.2,3,6.8,16.62,3.04,0.24,0.94,1.02,21.97
29.5,Monday,1,3.67,1,17.2,0,3.2,4,4.3,3,7.2,5.14,2.58,0.0,1.03,1.08,9.73
32.0,Friday,1,3.43,1,21.6,1,2.4,2,4.0,1,7.0,5.76,3.24,0.24,0.48,0.35,9.88
33.5,Sunday,2,3.86,1,21.1,1,2.9,4,8.0,2,11.6,7.29,3.16,0.29,1.92,1.16,13.76
28.0,Friday,0,0.0,1,22.9,0,5.0,3,2.8,3,9.6,0.0,3.43,0.0,0.5,1.44,5.27
31.1,Tuesday,1,5.77,1,21.1,2,3.5,2,2.2,1,7.7,8.97,3.16,0.7,0.26,0.38,13.48
30.1,Tuesday,1,7.69,1,18.9,0,3.2,4,2.2,2,5.0,10.88,2.83,0.0,0.53,0.5,14.98
30.5,Tuesday,1,3.44,1,18.4,1,4.4,1,1.5,2,5.2,5.06,2.76,0.44,0.09,0.52,8.97
26.1,Saturday,0,0.0,1,19.4,0,0.4,4,5.9,1,8.3,0.0,2.91,0.0,1.42,0.42,4.86
30.1,Wednesday,2,4.01,1,23.3,1,2.8,2,2.7,2,8.4,5.67,3.5,0.28,0.32,0.84,10.61
32.5,Thursday,1,4.84,1,20.1,0,2.5,1,1.4,1,4.3,8.48,3.02,0.0,0.08,0.22,12.2
37.3,Wednesday,2,6.0,1,20.1,1,2.1,5,3.8,2,2.0,14.53,3.02,0.21,1.14,0.2,19.12
34.8,Friday,1,3.25,1,22.1,1,1.5,6,2.3,1,2.3,6.73,3.32,0.15,0.83,0.12,11.26
40.8,Monday,2,4.42,1,18.3,1,2.8,3,4.9,1,8.3,12.88,2.74,0.28,0.88,0.42,17.36
26.2,Thursday,1,5.02,1,20.8,1,3.7,4,4.8,1,8.7,7.03,3.12,0.37,1.15,0.44,12.1
34.4,Monday,2,5.09,1,20.8,0,2.9,3,1.9,3,6.0,10.27,3.12,0.0,0.34,0.9,14.66
30.9,Sunday,0,0.0,1,21.4,1,3.8,4,3.4,2,6.6,0.0,3.21,0.38,0.82,0.66,4.98
40.9,Saturday,1,5.67,1,21.3,0,3.1,4,7.8,2,9.6,16.59,3.2,0.0,1.87,0.96,22.62
26.0,Friday,2,4.42,1,19.9,2,4.2,3,5.7,2,10.0,6.19,2.98,0.84,1.03,1.0,12.26
25.8,Saturday,0,0.0,1,17.9,0,2.5,5,8.9,2,7.4,0.0,2.68,0.0,2.67,0.74,6.26
27.0,Friday,0,0.0,1,19.2,1,1.1,2,2.6,1,6.0,0.0,2.88,0.11,0.31,0.3,3.7
19.4,Monday,1,3.27,1,21.3,1,1.4,2,1.8,2,5.1,4.58,3.2,0.14,0.22,0.51,8.79
27.4,Monday,2,4.3,1,22.8,1,2.5,5,11.1,1,5.4,6.02,3.42,0.25,3.33,0.27,13.28
26.2,Monday,1,3.79,1,18.2,1,2.1,5,5.6,1,4.5,5.31,2.73,0.21,1.68,0.22,10.29
30.8,Friday,1,3.44,1,18.1,1,2.4,4,6.1,2,7.3,5.21,2.72,0.24,1.46,0.73,10.34
31.7,Tuesday,0,0.0,1,17.6,1,4.1,4,3.1,1,5.7,0.0,2.64,0.41,0.74,0.29,3.83
39.4,Monday,0,0.0,1,18.8,2,1.5,4,4.7,1,4.4,0.0,2.82,0.3,1.13,0.22,4.74
34.8,Saturday,2,2.61,1,21.4,1,4.5,4,0.0,2,8.3,5.4,3.21,0.45,0.0,0.83,9.86
27.1,Sunday,0,0.0,1,22.0,1,2.2,3,2.7,2,7.1,0.0,3.3,0.22,0.49,0.71,4.88
25.5,Thursday,1,4.7,1,16.9,1,1.8,4,1.3,2,6.5,6.58,2.53,0.18,0.31,0.65,10.2
32.5,Friday,2,4.95,1,18.2,1,2.9,4,5.9,2,5.7,8.66,2.73,0.29,1.42,0.57,13.27
23.4,Saturday,1,4.44,1,17.9,1,4.5,5,4.7,2,6.9,6.22,2.68,0.45,1.41,0.69,11.44
39.2,Wednesday,1,4.68,1,18.7,1,2.3,5,5.7,2,5.3,12.58,2.8,0.23,1.71,0.53,17.57
35.9,Sunday,0,0.0,1,19.7,1,2.4,3,8.3,1,11.5,0.0,2.95,0.24,1.49,0.58,5.37
27.7,Wednesday,1,4.92,1,19.4,1,2.5,4,2.6,1,10.6,6.89,2.91,0.25,0.62,0.53,11.17
21.4,Thursday,0,0.0,1,20.8,1,4.2,3,4.2,2,4.4,0.0,3.12,0.42,0.76,0.44,4.92
36.8,Tuesday,1,3.42,1,17.1,2,2.6,4,5.9,1,5.5,8.05,2.56,0.52,1.42,0.28,12.86
29.4,Monday,1,4.57,1,19.2,1,3.4,4,2.8,3,4.2,6.4,2.88,0.34,0.67,0.63,10.77
36.2,Friday,1,5.15,1,22.0,1,3.1,6,12.4,2,2.2,11.68,3.3,0.31,4.46,0.22,20.07
22.0,Saturday,1,4.34,1,22.1,1,2.9,5,12.2,1,9.4,6.08,3.32,0.29,3.66,0.47,13.59
27.0,Monday,0,0.0,1,22.5,1,2.5,6,12.8,0,5.7,0.0,3.38,0.25,4.61,0.0,8.19
30.0,Saturday,1,4.06,1,20.6,0,5.0,5,3.5,0,3.8,5.68,3.09,0.0,1.05,0.0,9.54
30.2,Friday,1,3.0,1,19.0,0,5.8,6,5.2,1,2.5,4.28,2.85,0.0,1.87,0.12,9.17
27.7,Wednesday,1,4.83,1,20.3,0,2.1,4,0.0,1,6.4,6.76,3.04,0.0,0.0,0.32,10.16
33.1,Monday,0,0.0,1,23.8,1,1.9,6,7.3,2,6.7,0.0,3.57,0.19,2.63,0.67,7.08
24.7,Thursday,1,4.21,1,19.2,1,3.0,2,2.5,3,6.8,5.89,2.88,0.3,0.3,1.02,10.25
29.3,Tuesday,0,0.0,1,22.7,1,0.7,2,3.7,2,8.1,0.0,3.4,0.07,0.44,0.81,4.92
30.6,Thursday,1,3.42,1,16.3,1,3.0,4,10.0,1,7.8,5.08,2.44,0.3,2.4,0.39,10.75
32.6,Tuesday,1,3.92,1,20.9,2,5.0,6,3.0,1,3.4,6.92,3.14,1.0,1.08,0.17,12.35
33.6,Sunday,1,3.51,1,21.0,1,2.4,4,5.7,2,3.8,6.68,3.15,0.24,1.37,0.38,11.73
24.4,Saturday,1,3.56,1,20.6,1,4.1,3,3.5,2,7.9,4.98,3.09,0.41,0.63,0.79,9.85
22.3,Monday,2,2.88,1,20.7,1,4.5,4,4.9,2,4.8,4.03,3.1,0.45,1.18,0.48,9.24
36.4,Monday,2,3.06,1,20.8,1,2.1,4,9.5,3,3.1,7.02,3.12,0.21,2.28,0.47,12.93
31.7,Sunday,0,0.0,1,20.9,0,3.2,3,4.2,2,3.3,0.0,3.14,0.0,0.76,0.33,4.36
26.3,Tuesday,1,4.31,1,19.5,1,3.4,5,8.5,2,7.9,6.03,2.92,0.34,2.55,0.79,12.82
37.8,Wednesday,0,0.0,1,19.6,1,3.7,6,9.9,1,7.8,0.0,2.94,0.37,3.56,0.39,7.52
30.6,Friday,1,3.75,1,18.0,1,3.8,6,8.9,2,6.3,5.56,2.7,0.38,3.2,0.63,12.42
35.9,Thursday,1,2.44,1,21.1,0,4.1,3,2.5,1,4.1,5.44,3.16,0.0,0.45,0.2,9.46
30.3,Sunday,1,5.04,1,22.0,1,2.2,3,7.7,2,5.9,7.27,3.3,0.22,1.39,0.59,12.99
40.3,Saturday,1,6.14,1,22.6,1,3.2,3,3.9,2,5.7,17.46,3.39,0.32,0.7,0.57,22.35
38.8,Sunday,1,6.25,1,18.8,1,4.5,3,5.1,1,5.1,16.45,2.82,0.45,0.92,0.26,20.75
28.8,Thursday,1,5.56,1,17.4,1,4.6,2,3.0,1,7.4,7.78,2.61,0.46,0.36,0.37,11.74
34.9,Thursday,0,0.0,1,20.6,1,3.2,5,0.0,0,5.0,0.0,3.09,0.32,0.0,0.0,3.33
33.2,Saturday,1,3.34,1,18.3,1,2.5,3,1.9,0,7.1,6.18,2.74,0.25,0.34,0.0,9.4
36.8,Saturday,1,6.52,1,20.9,1,4.0,6,8.5,0,6.7,15.34,3.14,0.4,3.06,0.0,22.06
25.2,Monday,1,3.47,1,16.7,0,3.5,6,4.6,1,3.1,4.86,2.5,0.0,1.66,0.16,8.97
33.4,Thursday,1,5.32,1,21.6,1,3.5,1,1.6,1,10.0,9.98,3.24,0.35,0.1,0.5,14.1
35.3,Friday,1,4.88,1,20.2,1,3.8,6,4.4,1,7.2,10.45,3.03,0.38,1.58,0.36,15.52
21.2,Friday,1,2.62,1,17.1,2,2.0,5,6.7,3,2.8,3.67,2.56,0.4,2.01,0.42,8.93
24.1,Tuesday,0,0.0,1,20.5,1,3.8,4,0.8,1,3.1,0.0,3.08,0.38,0.19,0.16,3.71
19.8,Sunday,1,2.96,1,20.1,2,3.2,3,5.7,1,9.2,4.14,3.02,0.64,1.03,0.46,9.18
28.7,Saturday,2,5.94,1,20.8,1,4.1,4,6.5,2,6.4,8.32,3.12,0.41,1.56,0.64,13.99
33.6,Monday,2,3.6,1,21.2,0,3.0,3,5.0,3,7.1,6.85,3.18,0.0,0.9,1.06,11.68
37.5,Friday,1,3.56,1,16.4,2,3.6,4,5.1,2,6.8,8.72,2.46,0.72,1.22,0.68,13.65
30.4,Wednesday,1,3.5,1,19.3,0,3.5,2,1.7,1,8.2,5.1,2.9,0.0,0.2,0.41,8.81
38.1,Monday,0,0.0,1,19.9,1,2.5,4,9.5,2,8.3,0.0,2.98,0.25,2.28,0.83,6.38
23.1,Monday,2,2.19,1,19.6,1,2.1,3,7.3,2,4.2,3.07,2.94,0.21,1.31,0.42,7.87
21.5,Friday,0,0.0,1,19.5,1,3.8,1,1.3,2,7.0,0.0,2.92,0.38,0.08,0.7,3.98
29.7,Wednesday,2,6.03,1,21.6,1,2.1,4,3.8,2,3.2,8.44,3.24,0.21,0.91,0.32,13.23
31.9,Tuesday,1,4.13,1,17.4,1,2.7,4,0.7,3,3.8,6.88,2.61,0.27,0.17,0.57,10.51
29.8,Friday,1,3.74,1,19.6,1,2.6,4,5.9,3,5.4,5.24,2.94,0.26,1.42,0.81,10.5
19.7,Wednesday,2,3.4,1,19.7,1,3.4,2,1.8,2,2.6,4.76,2.95,0.34,0.22,0.26,8.45
29.6,Monday,0,0.0,1,19.8,1,3.7,6,6.1,2,4.4,0.0,2.97,0.37,2.2,0.44,5.79
23.5,Wednesday,1,6.05,1,18.5,2,1.4,4,7.9,2,1.7,8.47,2.78,0.28,1.9,0.17,13.5
33.3,Monday,1,5.16,1,23.2,1,2.3,2,1.4,2,6.0,9.6,3.48,0.23,0.17,0.6,14.18
31.8,Sunday,1,2.99,1,21.5,1,2.2,4,10.5,0,9.3,4.94,3.22,0.22,2.52,0.0,10.99
25.3,Friday,1,3.02,1,23.3,1,2.8,4,2.6,3,6.1,4.23,3.5,0.28,0.62,0.92,9.7
27.4,Saturday,1,4.13,1,21.0,1,1.0,2,0.0,1,6.1,5.78,3.15,0.1,0.0,0.3,9.35
24.7,Friday,1,2.53,1,21.1,1,4.1,4,3.6,2,5.3,3.54,3.16,0.41,0.86,0.53,8.27
29.7,Sunday,0,0.0,1,20.0,1,3.1,5,7.9,3,8.0,0.0,3.0,0.31,2.37,1.2,6.69
34.8,Thursday,2,4.88,1,22.3,1,2.9,5,7.1,1,5.9,10.11,3.34,0.29,2.13,0.3,16.24
25.1,Thursday,0,0.0,1,20.8,1,3.8,3,4.4,2,3.8,0.0,3.12,0.38,0.79,0.38,4.69
32.5,Thursday,1,5.36,1,19.7,1,3.5,6,6.9,1,6.3,9.38,2.95,0.35,2.48,0.32,15.31
27.3,Friday,1,3.89,1,22.8,1,3.5,3,3.0,1,9.1,5.45,3.42,0.35,0.54,0.46,10.17
26.0,Tuesday,0,0.0,1,18.0,1,3.0,6,3.0,1,3.1,0.0,2.7,0.3,1.08,0.16,4.52
29.5,Friday,0,0.0,1,18.9,1,3.1,2,2.8,1,4.1,0.0,2.83,0.31,0.34,0.2,3.82
24.8,Sunday,2,4.67,1,24.0,1,3.8,4,8.2,1,5.8,6.54,3.6,0.38,1.97,0.29,13.0
27.2,Sunday,1,2.7,1,21.0,1,3.5,4,5.4,3,5.3,3.78,3.15,0.35,1.3,0.8,9.2
24.0,Saturday,0,0.0,1,16.1,1,4.7,3,2.5,3,6.8,0.0,2.42,0.47,0.45,1.02,4.61
39.8,Wednesday,0,0.0,1,21.5,1,3.1,5,7.2,1,4.0,0.0,3.22,0.31,2.16,0.2,5.81
30.2,Friday,1,3.92,1,18.5,1,3.7,4,9.2,2,4.9,5.6,2.78,0.37,2.21,0.49,11.69
26.5,Friday,2,3.83,1,19.1,1,2.9,1,1.2,1,6.1,5.36,2.86,0.29,0.07,0.3,8.93
31.1,Monday,1,4.22,1,23.8,1,3.3,4,2.0,0,6.2,6.56,3.57,0.33,0.48,0.0,11.03
29.4,Sunday,0,0.0,1,22.5,1,3.4,4,5.9,1,11.2,0.0,3.38,0.34,1.42,0.56,5.8
28.9,Monday,1,2.28,1,23.0,1,2.6,2,3.5,3,7.6,3.19,3.45,0.26,0.42,1.14,8.47
33.1,Monday,0,0.0,1,19.1,0,2.4,6,11.5,3,2.9,0.0,2.86,0.0,4.14,0.43,7.52
33.8,Friday,0,0.0,1,19.6,1,3.6,6,10.8,1,4.0,0.0,2.94,0.36,3.89,0.2,7.24
27.3,Tuesday,1,4.8,1,20.3,1,3.5,3,4.3,1,3.3,6.72,3.04,0.35,0.77,0.16,11.02
27.1,Wednesday,1,3.29,1,21.3,1,4.5,4,3.1,1,9.2,4.61,3.2,0.45,0.74,0.46,9.58
28.6,Wednesday,1,4.01,1,19.5,1,3.0,3,2.0,2,3.9,5.61,2.92,0.3,0.36,0.39,9.6
18.5,Sunday,1,3.34,1,22.8,1,2.0,5,5.5,2,7.2,4.68,3.42,0.2,1.65,0.72,10.62
22.4,Saturday,2,3.83,1,20.7,2,3.0,6,10.5,1,7.0,5.36,3.1,0.6,3.78,0.35,13.23
36.8,Sunday,2,6.54,1,22.2,0,3.8,3,2.7,2,3.1,15.39,3.33,0.0,0.49,0.31,19.32
38.2,Tuesday,1,5.65,1,18.8,1,0.9,5,5.0,1,5.2,14.4,2.82,0.09,1.5,0.26,19.23
28.8,Tuesday,1,5.08,1,19.4,0,3.0,4,3.0,3,5.5,7.11,2.91,0.0,0.72,0.82,11.25
32.9,Wednesday,1,4.25,1,20.4,1,3.7,3,7.1,2,2.8,7.68,3.06,0.37,1.28,0.28,12.67
31.6,Thursday,1,5.87,1,19.3,1,3.2,6,7.1,2,9.6,9.54,2.9,0.32,2.56,0.96,16.39
45.0,Monday,1,5.46,1,21.6,1,2.6,4,7.1,2,6.3,19.1,3.24,0.26,1.7,0.63,24.94
35.6,Monday,1,2.36,1,21.6,0,1.8,4,9.5,2,9.2,5.15,3.24,0.0,2.28,0.92,11.52
29.4,Wednesday,2,6.64,1,19.6,1,3.0,5,3.5,1,10.4,9.3,2.94,0.3,1.05,0.52,14.27
25.2,Sunday,2,3.82,1,21.0,1,1.8,3,5.5,1,6.3,5.35,3.15,0.18,0.99,0.32,9.89
22.0,Tuesday,1,3.99,1,23.1,1,3.7,3,3.8,3,6.7,5.59,3.47,0.37,0.68,1.01,11.37
31.0,Sunday,1,3.11,1,21.6,1,3.1,6,13.6,1,4.4,4.78,3.24,0.31,4.9,0.22,13.42
26.2,Saturday,0,0.0,1,21.0,0,4.5,5,4.0,0,8.7,0.0,3.15,0.0,1.2,0.0,4.31
22.9,Thursday,1,2.88,1,21.9,1,1.0,5,7.4,2,5.9,4.03,3.28,0.1,2.22,0.59,10.33
26.8,Wednesday,1,3.53,1,22.5,1,2.7,3,5.3,2,5.2,4.94,3.38,0.27,0.95,0.52,10.01
24.6,Monday,1,2.3,1,22.3,1,3.7,4,3.5,2,4.5,3.22,3.34,0.37,0.84,0.45,8.23
38.4,Friday,2,5.27,1,19.9,1,4.1,6,7.2,3,6.1,13.58,2.98,0.41,2.59,0.92,20.57
34.4,Sunday,0,0.0,1,21.4,1,3.8,3,3.7,2,7.2,0.0,3.21,0.38,0.67,0.72,4.8
30.0,Tuesday,1,2.55,1,19.6,1,2.0,2,4.1,1,6.4,3.57,2.94,0.2,0.49,0.32,7.61
37.4,Friday,1,4.67,1,19.9,2,2.5,4,11.2,2,6.9,11.38,2.98,0.5,2.69,0.69,17.99
30.4,Saturday,1,4.29,1,20.7,1,0.8,3,7.2,2,5.6,6.25,3.1,0.08,1.3,0.56,11.29
25.7,Wednesday,1,3.58,1,17.8,2,3.0,2,4.6,1,7.0,5.01,2.67,0.6,0.55,0.35,9.13
37.6,Sunday,2,2.6,1,20.6,1,4.2,6,0.0,1,6.9,6.41,3.09,0.42,0.0,0.34,10.06
32.7,Monday,1,4.69,1,19.0,1,3.0,6,8.5,0,8.4,8.34,2.85,0.3,3.06,0.0,14.8
24.8,Sunday,1,2.56,1,18.2,2,3.6,4,5.5,2,7.6,3.58,2.73,0.72,1.32,0.76,9.14
29.0,Thursday,0,0.0,1,21.2,1,3.6,5,9.3,3,6.3,0.0,3.18,0.36,2.79,0.94,7.17
25.6,Friday,1,3.28,1,19.6,1,2.7,6,2.2,2,6.8,4.59,2.94,0.27,0.79,0.68,9.29
23.1,Thursday,2,4.44,1,20.3,0,0.6,5,9.1,3,3.7,6.22,3.04,0.0,2.73,0.56,12.92
34.6,Saturday,1,4.54,1,19.6,1,4.3,1,0.0,1,8.6,9.29,2.94,0.43,0.0,0.43,12.94
39.5,Monday,2,5.0,1,19.1,1,3.4,2,4.0,3,5.5,13.65,2.86,0.34,0.48,0.82,18.25
23.0,Friday,1,4.75,1,20.2,1,1.7,2,0.5,2,5.8,6.65,3.03,0.17,0.06,0.58,10.35
32.8,Saturday,0,0.0,1,18.0,1,3.4,1,2.1,1,5.0,0.0,2.7,0.34,0.13,0.25,3.49
26.7,Thursday,0,0.0,1,19.9,1,3.2,3,6.3,3,4.2,0.0,2.98,0.32,1.13,0.63,4.96
27.6,Thursday,1,4.52,1,23.0,1,4.3,3,3.3,1,4.4,6.33,3.45,0.43,0.59,0.22,11.0
27.0,Friday,1,2.63,1,18.2,1,3.5,3,4.9,3,3.8,3.68,2.73,0.35,0.88,0.57,8.23
25.7,Monday,1,3.05,1,22.1,1,3.5,2,2.7,3,5.5,4.27,3.32,0.35,0.32,0.82,9.28
30.2,Thursday,1,2.53,1,23.1,2,3.2,4,1.4,2,7.7,3.61,3.47,0.64,0.34,0.77,8.61
25.8,Wednesday,1,4.93,1,18.8,1,2.2,3,5.1,2,6.0,6.9,2.82,0.22,0.92,0.6,11.71
31.4,Saturday,1,3.2,1,20.5,1,3.7,5,10.6,1,7.3,5.11,3.08,0.37,3.18,0.36,11.81
29.7,Friday,1,3.46,1,18.1,1,3.0,1,1.1,2,7.0,4.84,2.72,0.3,0.07,0.7,8.68
28.8,Tuesday,1,2.75,1,17.8,1,2.0,5,8.8,1,5.1,3.85,2.67,0.2,2.64,0.26,9.63
25.5,Tuesday,0,0.0,1,20.3,0,2.3,6,4.5,2,8.5,0.0,3.04,0.0,1.62,0.85,5.49
27.1,Monday,0,0.0,1,20.6,1,1.9,5,9.7,2,8.0,0.0,3.09,0.19,2.91,0.8,7.0
33.8,Wednesday,0,0.0,1,19.1,0,4.1,5,6.7,3,7.6,0.0,2.86,0.0,2.01,1.14,6.09
32.5,Thursday,0,0.0,1,18.3,2,5.0,6,7.9,0,6.8,0.0,2.74,1.0,2.84,0.0,6.65
25.1,Tuesday,0,0.0,1,18.8,1,4.2,3,4.9,2,5.3,0.0,2.82,0.42,0.88,0.53,4.62
30.5,Monday,1,5.69,1,21.3,1,3.4,6,14.1,3,5.3,8.37,3.2,0.34,5.08,0.8,17.9
33.8,Saturday,1,5.63,1,21.3,1,2.9,5,8.4,2,5.9,10.87,3.2,0.29,2.52,0.59,17.44
21.7,Wednesday,2,2.9,1,21.0,0,2.7,5,3.1,1,8.8,4.06,3.15,0.0,0.93,0.44,8.59
32.7,Wednesday,0,0.0,1,19.4,1,2.0,3,2.6,1,8.2,0.0,2.91,0.2,0.47,0.41,4.16
26.7,Sunday,1,5.81,1,18.4,2,4.9,4,5.1,0,3.1,8.13,2.76,0.98,1.22,0.0,13.27
32.9,Monday,1,3.08,1,22.0,1,2.0,5,8.3,2,6.5,5.56,3.3,0.2,2.49,0.65,12.36
26.2,Monday,0,0.0,1,22.5,1,2.2,4,2.2,2,1.0,0.0,3.38,0.22,0.53,0.1,4.08
21.0,Sunday,2,2.98,1,19.2,1,2.8,5,7.8,3,5.1,4.17,2.88,0.28,2.34,0.76,10.49
21.9,Thursday,0,0.0,1,19.8,0,2.9,2,3.9,1,4.6,0.0,2.97,0.0,0.47,0.23,3.74
30.2,Monday,2,3.34,1,17.8,1,3.6,3,3.0,1,7.1,4.77,2.67,0.36,0.54,0.36,8.97
31.3,Sunday,2,5.31,1,20.8,1,2.3,4,10.6,2,3.8,8.4,3.12,0.23,2.54,0.38,14.79
25.5,Thursday,1,4.0,1,23.1,1,1.0,3,2.5,2,2.9,5.6,3.47,0.1,0.45,0.29,9.82
33.2,Thursday,1,3.75,1,21.4,2,2.8,2,2.9,3,5.0,6.93,3.21,0.56,0.35,0.75,11.74
21.7,Friday,1,3.02,1,23.3,1,2.8,2,0.0,2,6.0,4.23,3.5,0.28,0.0,0.6,8.23
29.7,Wednesday,1,3.36,1,19.4,0,2.8,3,3.4,2,2.5,4.7,2.91,0.0,0.61,0.25,8.46
23.9,Saturday,1,4.43,1,18.0,0,2.7,4,4.9,2,8.3,6.2,2.7,0.0,1.18,0.83,10.85
26.7,Wednesday,0,0.0,1,22.3,1,2.6,2,2.1,3,5.6,0.0,3.34,0.26,0.25,0.84,4.61
30.2,Wednesday,0,0.0,1,20.3,0,1.7,6,5.1,2,6.1,0.0,3.04,0.0,1.84,0.61,5.37
25.7,Friday,1,4.73,1,18.7,1,4.5,5,4.9,1,8.2,6.62,2.8,0.45,1.47,0.41,11.98
28.1,Thursday,1,3.73,1,22.8,1,4.4,5,8.8,1,4.5,5.22,3.42,0.44,2.64,0.22,11.54
35.0,Thursday,2,3.01,1,19.1,1,4.4,2,0.1,0,9.0,6.32,2.86,0.44,0.01,0.0,9.44
27.1,Monday,0,0.0,1,18.3,1,1.8,4,0.4,2,6.0,0.0,2.74,0.18,0.1,0.6,3.98
34.2,Friday,2,5.18,1,20.9,1,3.4,4,4.0,1,7.6,10.3,3.14,0.34,0.96,0.38,15.27
24.4,Monday,1,3.75,1,18.0,1,2.6,6,7.5,1,6.9,5.25,2.7,0.26,2.7,0.34,11.3
32.6,Friday,1,4.14,1,21.5,1,2.5,5,4.1,1,7.4,7.31,3.22,0.25,1.23,0.37,12.38
37.2,Monday,1,4.4,1,18.3,1,2.1,4,5.5,2,6.2,10.6,2.74,0.21,1.32,0.62,15.4
17.6,Tuesday,1,2.93,1,20.4,2,5.6,6,10.5,1,5.1,4.1,3.06,1.12,3.78,0.26,12.13
26.0,Sunday,0,0.0,1,20.5,0,2.8,2,4.0,2,9.9,0.0,3.08,0.0,0.48,0.99,4.61
32.9,Wednesday,1,3.74,1,20.4,1,2.1,1,2.2,1,6.0,6.76,3.06,0.21,0.13,0.3,10.58
29.0,Wednesday,2,3.97,1,18.1,1,3.1,5,2.3,1,3.8,5.56,2.72,0.31,0.69,0.19,9.37
31.9,Saturday,1,3.65,1,19.7,1,3.8,2,1.6,2,8.9,6.08,2.95,0.38,0.19,0.89,10.22
27.0,Sunday,1,4.14,1,22.1,1,2.9,2,1.5,1,5.4,5.8,3.32,0.29,0.18,0.27,9.96
30.4,Thursday,2,4.17,1,19.7,1,3.2,5,10.0,1,2.6,6.07,2.95,0.32,3.0,0.13,12.59
29.2,Saturday,1,3.38,1,18.3,1,4.0,3,2.7,1,4.4,4.73,2.74,0.4,0.49,0.22,8.7
35.8,Tuesday,1,4.52,1,19.3,1,2.0,4,6.2,3,2.1,10.0,2.9,0.2,1.49,0.32,14.89
31.3,Saturday,1,4.84,1,18.1,0,3.2,6,2.3,2,4.4,7.66,2.72,0.0,0.83,0.44,11.33
31.7,Wednesday,2,1.87,1,16.7,0,2.4,3,2.7,1,9.5,3.07,2.5,0.0,0.49,0.48,6.36
27.9,Thursday,1,4.57,1,19.7,1,2.2,3,2.2,1,6.9,6.4,2.95,0.22,0.4,0.34,10.5
27.6,Tuesday,1,2.75,1,20.2,1,4.8,2,3.6,3,6.0,3.85,3.03,0.48,0.43,0.9,8.49
27.8,Wednesday,1,3.53,1,21.0,1,2.9,2,1.0,2,4.8,4.94,3.15,0.29,0.12,0.48,9.08
32.0,Sunday,2,1.26,1,20.7,1,1.9,2,5.0,2,5.7,2.11,3.1,0.19,0.6,0.57,6.42
27.9,Monday,0,0.0,1,20.9,1,2.9,2,3.0,2,8.2,0.0,3.14,0.29,0.36,0.82,4.44
31.4,Friday,2,3.48,1,19.9,1,1.8,4,3.4,2,2.3,5.55,2.98,0.18,0.82,0.23,10.03
40.4,Tuesday,0,0.0,1,23.2,2,2.8,3,4.7,2,11.9,0.0,3.48,0.56,0.85,1.19,6.36
34.4,Thursday,1,4.61,1,18.7,1,2.3,5,4.0,2,4.2,9.29,2.8,0.23,1.2,0.42,13.96
28.4,Saturday,1,2.05,1,19.5,1,3.5,6,3.8,2,5.5,2.87,2.92,0.35,1.37,0.55,7.99
36.0,Sunday,1,4.71,1,22.5,1,4.9,5,9.0,0,5.7,10.54,3.38,0.49,2.7,0.0,17.26
28.0,Saturday,2,4.65,1,19.4,2,2.8,4,9.0,3,5.6,6.51,2.91,0.56,2.16,0.84,12.74
19.8,Tuesday,1,3.49,1,19.8,1,2.4,2,3.2,2,4.7,4.89,2.97,0.24,0.38,0.47,9.13
25.0,Sunday,1,3.39,1,20.6,1,3.1,5,2.6,1,7.7,4.75,3.09,0.31,0.78,0.38,9.61
20.6,Thursday,0,0.0,1,21.8,1,4.5,3,2.4,3,8.3,0.0,3.27,0.45,0.43,1.25,5.49
28.2,Tuesday,0,0.0,1,20.2,1,3.5,2,4.7,3,7.9,0.0,3.03,0.35,0.56,1.18,4.95
30.1,Thursday,1,4.96,1,18.7,1,2.9,5,9.3,3,6.2,7.01,2.8,0.29,2.79,0.93,14.05
38.4,Saturday,1,6.35,1,19.4,1,0.9,3,1.7,3,4.8,16.36,2.91,0.09,0.31,0.72,20.44
31.6,Wednesday,0,0.0,1,20.8,1,2.9,3,2.6,3,5.6,0.0,3.12,0.29,0.47,0.84,4.7
28.9,Sunday,0,0.0,1,19.6,1,3.8,6,8.7,1,5.8,0.0,2.94,0.38,3.13,0.29,6.59
34.1,Monday,1,3.74,1,19.3,1,4.0,6,7.4,2,4.0,7.39,2.9,0.4,2.66,0.4,13.58
18.9,Wednesday,1,3.61,1,18.6,1,4.3,3,8.2,2,6.4,5.05,2.79,0.43,1.48,0.64,10.56
31.2,Monday,1,4.75,1,21.8,2,2.3,3,2.5,1,9.6,7.45,3.27,0.46,0.45,0.48,12.1
33.9,Saturday,0,0.0,1,19.8,1,2.6,4,6.9,1,5.7,0.0,2.97,0.26,1.66,0.29,5.17
22.6,Sunday,0,0.0,1,19.8,1,2.9,5,7.7,3,7.0,0.0,2.97,0.29,2.31,1.05,6.64
35.7,Wednesday,2,4.62,1,21.0,0,3.7,2,0.5,1,4.7,10.16,3.15,0.0,0.06,0.24,13.32
31.7,Wednesday,1,4.24,1,18.0,1,2.7,4,0.0,3,7.8,6.95,2.7,0.27,0.0,1.17,11.09
27.9,Tuesday,2,3.11,1,20.1,1,3.5,6,6.5,0,4.7,4.35,3.02,0.35,2.34,0.0,10.06
33.2,Friday,2,4.61,1,22.3,1,2.6,3,4.8,0,5.2,8.51,3.34,0.26,0.86,0.0,13.19
41.4,Saturday,1,4.34,1,19.9,1,2.3,6,14.4,2,7.0,13.01,2.98,0.23,5.18,0.7,22.22
30.9,Thursday,0,0.0,1,20.3,1,4.1,6,4.9,1,4.0,0.0,3.04,0.41,1.76,0.2,5.23
31.2,Saturday,2,3.36,1,20.3,0,3.3,3,4.9,2,6.9,5.26,3.04,0.0,0.88,0.69,9.81
27.7,Thursday,1,4.24,1,21.6,1,3.7,5,5.7,2,8.1,5.94,3.24,0.37,1.71,0.81,12.23
25.8,Sunday,1,3.57,1,20.3,1,2.8,3,7.5,1,6.3,5.0,3.04,0.28,1.35,0.32,9.79
34.2,Thursday,1,4.8,1,23.7,0,3.8,5,6.5,1,7.7,9.54,3.56,0.0,1.95,0.38,15.68
25.7,Monday,1,3.76,1,20.3,1,1.9,5,5.2,1,3.4,5.26,3.04,0.19,1.56,0.17,10.21
30.4,Thursday,0,0.0,1,19.3,0,2.1,3,4.3,1,6.9,0.0,2.9,0.0,0.77,0.34,4.09
27.6,Thursday,1,5.05,1,22.3,1,3.9,5,7.3,2,5.1,7.07,3.34,0.39,2.19,0.51,13.43
32.4,Tuesday,1,3.39,1,19.7,1,2.9,5,11.3,2,6.8,5.89,2.95,0.29,3.39,0.68,13.13
31.7,Wednesday,1,4.99,1,19.1,1,2.8,3,4.0,1,9.2,8.18,2.86,0.28,0.72,0.46,12.36
35.2,Saturday,1,2.63,1,18.2,1,2.1,2,3.2,2,0.0,5.59,2.73,0.21,0.38,0.0,9.14
27.4,Saturday,1,3.67,1,20.7,1,3.8,2,0.5,1,4.8,5.14,3.1,0.38,0.06,0.24,9.01
28.7,Sunday,1,5.61,1,19.3,1,4.9,4,2.3,1,1.4,7.85,2.9,0.49,0.55,0.07,11.72
25.1,Sunday,2,3.51,1,18.8,1,3.6,6,6.5,1,3.5,4.91,2.82,0.36,2.34,0.18,10.72
27.8,Thursday,0,0.0,1,19.2,1,2.6,5,7.0,3,5.0,0.0,2.88,0.26,2.1,0.75,6.13
31.9,Friday,1,6.04,1,19.5,1,4.4,4,3.3,3,7.7,10.07,2.92,0.44,0.79,1.16,15.54
33.8,Saturday,0,0.0,1,21.2,1,3.4,4,6.1,2,7.6,0.0,3.18,0.34,1.46,0.76,5.78
25.4,Sunday,1,4.04,1,20.7,1,2.6,3,3.0,1,7.6,5.66,3.1,0.26,0.54,0.38,9.97
34.3,Thursday,1,5.18,1,19.8,1,4.3,2,4.9,1,7.1,10.37,2.97,0.43,0.59,0.36,14.58
36.8,Sunday,2,3.08,1,20.8,1,2.8,4,4.8,2,3.3,7.24,3.12,0.28,1.15,0.33,12.32
32.1,Monday,1,3.8,1,19.8,1,1.6,4,6.5,2,7.6,6.44,2.97,0.16,1.56,0.76,11.99
39.4,Monday,2,5.07,1,20.3,2,2.7,4,4.8,3,4.6,13.77,3.04,0.54,1.15,0.69,19.34
26.1,Sunday,0,0.0,1,19.0,1,3.5,6,7.6,1,6.9,0.0,2.85,0.35,2.74,0.34,6.0
23.8,Monday,1,4.92,1,19.0,1,2.3,4,6.8,0,4.2,6.89,2.85,0.23,1.63,0.0,11.74
21.1,Sunday,0,0.0,1,20.2,1,1.1,4,5.7,2,5.6,0.0,3.03,0.11,1.37,0.56,5.07
37.5,Thursday,2,5.48,1,20.2,1,4.5,2,2.0,2,5.9,13.42,3.03,0.45,0.24,0.59,17.85
33.3,Tuesday,1,5.88,1,21.5,1,6.0,6,9.3,2,6.7,10.95,3.22,0.6,3.35,0.67,18.61
29.7,Friday,1,4.88,1,20.7,1,2.5,5,6.1,2,4.3,6.83,3.1,0.25,1.83,0.43,12.71
31.4,Thursday,2,4.03,1,19.3,1,2.4,6,10.3,3,7.3,6.43,2.9,0.24,3.71,1.1,14.28
24.4,Tuesday,0,0.0,1,18.1,1,1.7,4,8.4,2,3.4,0.0,2.72,0.17,2.02,0.34,5.42
42.2,Tuesday,0,0.0,1,21.3,0,2.2,4,8.0,3,9.4,0.0,3.2,0.0,1.92,1.41,6.5
30.6,Saturday,2,3.52,1,20.5,1,1.5,4,2.5,3,4.5,5.23,3.08,0.15,0.6,0.68,10.02
30.5,Thursday,1,4.85,1,21.5,1,1.7,2,0.0,2,2.1,7.13,3.22,0.17,0.0,0.21,10.77
33.6,Thursday,0,0.0,1,20.7,1,3.0,5,14.2,1,5.9,0.0,3.1,0.3,4.26,0.3,8.24
32.4,Sunday,1,2.65,1,22.7,1,1.4,6,10.1,1,5.2,4.6,3.4,0.14,3.64,0.26,12.03
31.1,Tuesday,1,5.17,1,19.7,1,1.5,2,3.2,2,4.2,8.04,2.95,0.15,0.38,0.42,11.77
26.0,Tuesday,0,0.0,1,20.1,1,3.2,2,1.7,2,8.7,0.0,3.02,0.32,0.2,0.87,4.45
32.4,Tuesday,1,5.96,1,21.2,1,2.4,5,0.0,3,7.5,10.34,3.18,0.24,0.0,1.12,14.86
39.4,Sunday,0,0.0,1,21.3,1,3.4,3,0.0,1,6.9,0.0,3.2,0.34,0.0,0.34,3.79
36.7,Saturday,1,5.07,1,20.5,1,2.7,4,4.4,1,4.1,11.86,3.08,0.27,1.06,0.2,16.66
38.0,Thursday,2,3.59,1,17.6,1,2.8,5,7.2,2,4.9,9.05,2.64,0.28,2.16,0.49,14.42
27.4,Tuesday,2,5.87,1,17.3,1,3.8,3,7.4,1,4.8,8.22,2.6,0.38,1.33,0.24,13.06
25.1,Monday,1,3.8,1,19.4,0,2.5,5,7.5,1,2.3,5.32,2.91,0.0,2.25,0.12,10.57
29.4,Thursday,0,0.0,1,20.0,2,3.7,4,7.1,1,6.5,0.0,3.0,0.74,1.7,0.32,5.56
30.3,Sunday,2,3.6,1,17.2,1,2.6,6,5.9,2,6.7,5.19,2.58,0.26,2.12,0.67,10.88
35.5,Saturday,1,4.98,1,20.0,1,2.2,5,5.1,1,6.2,10.8,3.0,0.22,1.53,0.31,15.89
21.5,Monday,0,0.0,1,21.0,1,1.9,6,2.1,3,6.5,0.0,3.15,0.19,0.76,0.98,5.06
37.6,Sunday,2,2.8,1,19.9,1,1.3,1,0.5,2,3.7,6.9,2.98,0.13,0.03,0.37,10.32
29.2,Wednesday,1,5.53,1,20.4,1,1.8,3,1.5,3,4.2,7.74,3.06,0.18,0.27,0.63,12.08
27.9,Thursday,1,4.46,1,20.9,1,1.2,2,2.2,2,5.4,6.24,3.14,0.12,0.26,0.54,10.38
24.9,Wednesday,1,5.05,1,17.6,1,2.0,4,0.9,1,8.8,7.07,2.64,0.2,0.22,0.44,10.5
21.7,Sunday,1,4.99,1,21.0,1,3.8,6,4.8,1,8.3,6.99,3.15,0.38,1.73,0.42,12.73
34.1,Sunday,1,4.38,1,18.9,1,3.0,4,5.2,0,7.0,8.64,2.83,0.3,1.25,0.0,12.9
30.4,Sunday,1,5.09,1,19.6,1,2.6,5,0.0,2,10.0,7.42,2.94,0.26,0.0,1.0,11.77
23.6,Tuesday,1,3.12,1,19.0,1,2.3,3,7.0,1,7.0,4.37,2.85,0.23,1.26,0.35,9.37
23.5,Saturday,1,3.21,1,21.6,1,2.9,3,7.6,1,7.3,4.49,3.24,0.29,1.37,0.36,9.92
28.3,Tuesday,1,5.61,1,18.2,1,3.0,6,12.1,2,9.0,7.85,2.73,0.3,4.36,0.9,16.04
38.3,Saturday,1,3.93,1,22.1,2,1.9,4,6.4,1,7.4,10.06,3.32,0.38,1.54,0.37,15.53
28.7,Friday,1,4.26,1,23.6,1,3.5,5,7.8,1,9.3,5.96,3.54,0.35,2.34,0.47,12.67
22.5,Tuesday,1,2.75,1,17.7,1,2.7,3,5.1,2,6.1,3.85,2.66,0.27,0.92,0.61,8.07
28.8,Wednesday,2,3.4,1,19.1,1,3.3,6,8.3,3,4.7,4.76,2.86,0.33,2.99,0.7,11.78
28.6,Saturday,1,3.54,1,20.9,1,3.0,4,5.8,1,5.8,4.96,3.14,0.3,1.39,0.29,10.18
16.5,Tuesday,1,4.19,1,18.5,1,1.6,5,1.1,1,6.5,5.87,2.78,0.16,0.33,0.32,9.44
29.7,Thursday,1,4.67,1,19.6,2,4.3,2,2.8,3,4.2,6.54,2.94,0.86,0.34,0.63,11.27
28.8,Sunday,1,4.92,1,20.3,1,3.0,4,6.7,0,4.6,6.89,3.04,0.3,1.61,0.0,11.82
33.5,Saturday,0,0.0,1,18.9,2,2.6,6,9.4,3,5.2,0.0,2.83,0.52,3.38,0.78,7.74
39.2,Saturday,1,4.94,1,20.1,0,3.6,6,12.6,0,3.8,13.29,3.02,0.0,4.54,0.0,20.79
35.6,Tuesday,1,4.17,1,21.4,1,1.8,1,2.3,3,4.8,9.11,3.21,0.18,0.14,0.72,13.18
28.7,Friday,1,4.56,1,19.9,1,1.4,3,2.9,1,7.5,6.38,2.98,0.14,0.52,0.38,10.28
24.5,Tuesday,2,5.96,1,18.4,1,3.6,4,2.3,3,7.6,8.34,2.76,0.36,0.55,1.14,13.3
42.9,Wednesday,0,0.0,1,21.7,2,4.1,2,4.3,1,3.2,0.0,3.26,0.82,0.52,0.16,4.62
30.3,Wednesday,1,4.6,1,22.1,0,3.3,5,8.9,2,6.6,6.63,3.32,0.0,2.67,0.66,13.46
30.1,Saturday,1,6.47,1,20.6,0,3.8,2,1.9,1,5.9,9.15,3.09,0.0,0.23,0.3,12.74
29.9,Saturday,0,0.0,1,18.5,1,1.7,3,3.6,1,8.1,0.0,2.78,0.17,0.65,0.4,3.73
31.0,Tuesday,2,4.4,1,18.7,0,2.6,5,5.7,2,5.5,6.78,2.8,0.0,1.71,0.55,11.95
29.3,Wednesday,1,4.8,1,16.4,2,2.3,4,6.1,2,3.5,6.72,2.46,0.46,1.46,0.35,11.41
27.1,Wednesday,1,1.81,1,19.1,1,4.0,5,11.5,3,5.0,2.53,2.86,0.4,3.45,0.75,10.05
27.3,Friday,1,4.21,1,21.6,1,3.5,6,4.4,2,3.6,5.89,3.24,0.35,1.58,0.36,11.33
29.8,Thursday,1,3.32,1,19.0,0,4.0,2,3.1,3,1.5,4.65,2.85,0.0,0.37,0.23,8.28
27.3,Friday,1,5.96,1,18.6,1,2.4,5,7.5,2,5.9,8.34,2.79,0.24,2.25,0.59,14.28
26.4,Monday,0,0.0,1,21.5,1,1.9,3,0.0,3,7.0,0.0,3.22,0.19,0.0,1.05,4.78
30.5,Sunday,2,3.45,1,21.7,0,4.3,4,12.0,3,6.4,5.07,3.26,0.0,2.88,0.96,12.28
28.7,Friday,1,4.91,1,19.2,1,3.0,1,1.5,1,3.4,6.87,2.88,0.3,0.09,0.17,10.28
37.5,Tuesday,1,5.34,1,20.8,1,4.1,2,4.2,3,3.3,13.09,3.12,0.41,0.5,0.5,17.49
16.7,Thursday,1,3.79,1,18.7,2,2.9,3,0.8,2,6.4,5.31,2.8,0.58,0.14,0.64,9.26
35.5,Tuesday,1,6.8,1,19.5,1,5.2,3,7.9,1,9.4,14.76,2.92,0.52,1.42,0.47,20.07
36.2,Sunday,1,3.97,1,17.3,1,4.2,6,6.6,2,8.6,9.01,2.6,0.42,2.38,0.86,15.26
19.6,Monday,1,4.76,1,20.5,2,2.8,5,0.0,1,5.4,6.66,3.08,0.56,0.0,0.27,10.81
28.3,Thursday,1,5.91,1,19.8,1,3.0,6,2.3,2,6.4,8.27,2.97,0.3,0.83,0.64,12.95
28.1,Saturday,1,3.24,1,19.0,2,3.0,4,2.1,1,7.8,4.54,2.85,0.6,0.5,0.39,9.03
23.0,Wednesday,2,3.0,1,19.9,2,1.9,3,2.5,1,5.7,4.2,2.98,0.38,0.45,0.29,8.28
26.1,Friday,1,3.89,1,19.7,1,2.5,3,1.4,2,3.3,5.45,2.95,0.25,0.25,0.33,9.51
24.4,Tuesday,2,3.53,1,18.8,1,2.4,3,5.6,2,0.4,4.94,2.82,0.24,1.01,0.04,8.82
38.8,Monday,2,6.94,1,20.6,1,3.2,3,4.4,3,6.4,18.27,3.09,0.32,0.79,0.96,23.63
34.7,Wednesday,1,3.56,1,19.6,1,2.2,5,8.4,3,5.6,7.32,2.94,0.22,2.52,0.84,13.77
36.4,Friday,1,4.96,1,19.8,1,2.8,4,6.5,2,2.6,11.38,2.97,0.28,1.56,0.26,16.58
33.6,Wednesday,1,3.6,1,17.8,1,2.6,3,3.5,1,3.1,6.85,2.67,0.26,0.63,0.16,10.81
24.4,Friday,2,3.81,1,19.8,1,3.1,2,0.6,2,5.5,5.33,2.97,0.31,0.07,0.55,9.18
27.4,Saturday,1,6.07,1,19.7,1,4.5,1,0.3,2,4.9,8.5,2.95,0.45,0.02,0.49,12.25
32.4,Thursday,1,6.34,1,18.8,1,4.1,3,1.1,2,8.9,11.01,2.82,0.41,0.2,0.89,15.15
23.9,Wednesday,2,4.02,1,20.8,1,1.7,2,1.2,1,8.8,5.63,3.12,0.17,0.14,0.44,9.37
33.6,Wednesday,1,5.15,1,16.8,1,2.9,5,12.3,2,4.3,9.81,2.52,0.29,3.69,0.43,16.38
28.8,Wednesday,1,4.54,1,19.3,1,2.7,2,0.7,1,9.0,6.36,2.9,0.27,0.08,0.45,10.03
28.1,Thursday,1,3.7,1,20.5,1,2.4,5,11.6,2,9.2,5.18,3.08,0.24,3.48,0.92,13.0
33.6,Monday,0,0.0,1,23.1,1,5.2,3,1.9,2,6.6,0.0,3.47,0.52,0.34,0.66,5.03
32.2,Friday,1,5.77,1,18.0,1,2.5,2,0.9,3,4.1,9.86,2.7,0.25,0.11,0.62,13.48
28.2,Saturday,0,0.0,1,20.1,1,2.5,5,8.1,2,6.2,0.0,3.02,0.25,2.43,0.62,6.19
35.8,Wednesday,1,4.37,1,20.8,1,4.8,4,8.7,1,1.7,9.67,3.12,0.48,2.09,0.08,15.35
24.6,Sunday,2,3.59,1,20.1,1,4.0,3,0.8,3,4.8,5.03,3.02,0.4,0.14,0.72,9.35
33.1,Thursday,1,4.78,1,18.2,1,2.6,6,7.6,2,6.5,8.76,2.73,0.26,2.74,0.65,15.26
33.0,Monday,2,4.36,1,19.3,1,3.8,1,2.1,1,6.8,7.93,2.9,0.38,0.13,0.34,11.46
28.5,Friday,2,5.19,1,16.3,1,2.8,3,5.8,2,5.1,7.27,2.44,0.28,1.04,0.51,11.56
31.6,Thursday,1,4.8,1,20.0,1,2.8,5,1.5,1,6.1,7.8,3.0,0.28,0.45,0.3,11.87
23.7,Saturday,0,0.0,1,17.9,0,2.2,5,6.0,2,4.0,0.0,2.68,0.0,1.8,0.4,4.74
34.6,Saturday,1,3.23,1,20.7,1,0.6,3,0.8,2,8.8,6.6,3.1,0.06,0.14,0.88,10.86
29.1,Friday,1,5.1,1,19.0,1,1.6,2,3.2,2,8.9,7.14,2.85,0.16,0.38,0.89,11.56
27.4,Wednesday,0,0.0,1,18.9,1,1.9,6,8.7,1,7.4,0.0,2.83,0.19,3.13,0.37,6.43
35.2,Saturday,1,4.18,1,20.2,2,3.4,3,5.1,1,5.5,8.89,3.03,0.68,0.92,0.28,13.67
26.5,Monday,0,0.0,1,20.4,1,3.2,2,1.4,3,4.4,0.0,3.06,0.32,0.17,0.66,4.53
23.0,Thursday,2,2.49,1,21.3,1,4.1,4,3.5,2,7.7,3.49,3.2,0.41,0.84,0.77,8.83
22.2,Monday,0,0.0,1,19.6,1,1.8,6,12.0,1,6.4,0.0,2.94,0.18,4.32,0.32,7.79
33.0,Wednesday,0,0.0,1,19.8,1,4.8,1,2.0,1,4.0,0.0,2.97,0.48,0.12,0.2,3.67
23.6,Monday,0,0.0,1,17.9,1,4.7,5,12.2,1,8.1,0.0,2.68,0.47,3.66,0.4,7.09
38.8,Monday,2,7.4,1,22.2,1,3.0,4,9.1,2,5.1,19.48,3.33,0.3,2.18,0.51,25.89
19.6,Tuesday,1,1.31,1,18.6,1,2.3,4,0.9,2,4.3,1.83,2.79,0.23,0.22,0.43,5.38
38.5,Monday,2,3.8,1,21.1,1,2.4,5,10.7,2,7.9,9.84,3.16,0.24,3.21,0.79,17.11
31.1,Friday,1,3.64,1,21.1,1,3.2,6,7.9,2,4.4,5.66,3.16,0.32,2.84,0.44,12.4
29.5,Thursday,1,2.72,1,20.6,1,4.9,3,5.5,2,6.3,3.81,3.09,0.49,0.99,0.63,9.11
27.3,Tuesday,1,6.17,1,19.6,2,2.9,2,2.2,2,8.6,8.64,2.94,0.58,0.26,0.86,13.54
32.0,Thursday,1,6.75,1,19.5,1,1.4,6,4.3,1,8.4,11.34,2.92,0.14,1.55,0.42,16.41
29.8,Thursday,1,3.43,1,19.9,0,4.9,5,5.7,2,6.7,4.8,2.98,0.0,1.71,0.67,10.04
35.5,Wednesday,1,6.06,1,17.1,1,2.6,4,5.5,3,3.7,13.14,2.56,0.26,1.32,0.56,17.8
30.6,Wednesday,1,4.84,1,20.0,1,4.5,4,6.1,2,5.0,7.19,3.0,0.45,1.46,0.5,12.8
30.8,Tuesday,2,5.97,1,22.2,1,3.6,5,9.9,2,10.8,9.03,3.33,0.36,2.97,1.08,16.95
28.2,Saturday,0,0.0,1,19.7,1,2.9,5,3.2,2,7.9,0.0,2.95,0.29,0.96,0.79,5.18
29.7,Sunday,2,4.58,1,20.0,0,4.0,6,3.5,3,5.5,6.41,3.0,0.0,1.26,0.82,11.64
31.5,Wednesday,0,0.0,1,18.5,1,2.3,4,1.0,2,3.5,0.0,2.78,0.23,0.24,0.35,3.89
21.4,Sunday,1,4.56,1,20.3,0,2.7,3,3.6,1,2.2,6.38,3.04,0.0,0.65,0.11,10.21
23.3,Wednesday,1,3.76,1,18.8,1,2.5,4,3.0,3,8.4,5.26,2.82,0.25,0.72,1.26,10.42
33.7,Wednesday,1,3.41,1,21.3,0,2.8,4,4.5,3,8.5,6.53,3.2,0.0,1.08,1.28,11.97
30.9,Thursday,1,3.42,1,21.7,0,3.5,4,5.4,1,5.9,5.22,3.26,0.0,1.3,0.3,10.11
29.1,Tuesday,1,2.2,1,22.0,1,3.5,4,0.6,2,5.2,3.08,3.3,0.35,0.14,0.52,7.43
30.1,Thursday,1,4.99,1,17.8,1,1.4,2,1.9,2,8.3,7.06,2.67,0.14,0.23,0.83,11.05
31.7,Friday,1,4.52,1,21.1,2,2.5,4,6.3,1,3.0,7.41,3.16,0.5,1.51,0.15,12.64
27.3,Thursday,1,4.23,1,21.0,1,2.6,5,6.9,3,10.0,5.92,3.15,0.26,2.07,1.5,12.67
26.1,Sunday,2,3.82,1,19.4,1,3.6,5,5.4,2,7.5,5.35,2.91,0.36,1.62,0.75,10.9
31.0,Sunday,1,3.03,1,21.8,1,1.6,4,5.2,3,3.5,4.66,3.27,0.16,1.25,0.52,10.02
25.1,Friday,1,4.06,1,20.6,1,3.7,2,2.3,1,7.6,5.68,3.09,0.37,0.28,0.38,9.77
32.0,Monday,1,4.97,1,22.1,0,1.9,4,2.7,2,4.6,8.35,3.32,0.0,0.65,0.46,12.85
21.5,Monday,1,2.72,1,18.1,1,3.2,5,2.8,0,3.3,3.81,2.72,0.32,0.84,0.0,7.6
35.1,Friday,1,4.54,1,18.9,0,4.1,4,12.5,2,7.6,9.6,2.83,0.0,3.0,0.76,16.35
32.4,Friday,1,3.65,1,20.1,1,1.8,5,8.8,2,3.8,6.34,3.02,0.18,2.64,0.38,12.54
31.3,Thursday,0,0.0,1,21.8,1,3.2,4,8.2,2,3.3,0.0,3.27,0.32,1.97,0.33,5.87
34.9,Friday,1,3.26,1,20.7,1,2.8,3,5.2,1,7.0,6.79,3.1,0.28,0.94,0.35,11.66
38.3,Tuesday,0,0.0,1,18.6,2,2.0,5,11.3,1,5.8,0.0,2.79,0.4,3.39,0.29,7.11
35.1,Monday,1,6.43,1,22.7,1,1.8,2,3.4,1,8.0,13.59,3.4,0.18,0.41,0.4,18.18
20.8,Monday,1,2.99,1,19.6,1,2.3,4,0.0,1,5.4,4.19,2.94,0.23,0.0,0.27,7.58
23.6,Saturday,2,3.03,1,18.6,1,2.2,3,2.3,2,5.2,4.24,2.79,0.22,0.41,0.52,8.09
26.9,Friday,1,3.31,1,18.8,1,2.8,2,3.0,2,1.9,4.63,2.82,0.28,0.36,0.19,8.14
30.1,Wednesday,0,0.0,1,18.0,1,2.6,4,5.9,2,7.0,0.0,2.7,0.26,1.42,0.7,4.86
32.6,Wednesday,2,6.33,1,16.6,2,3.4,4,5.7,2,6.0,11.16,2.49,0.68,1.37,0.6,16.16
26.4,Friday,2,5.23,1,19.8,1,3.8,5,2.9,1,8.4,7.32,2.97,0.38,0.87,0.42,11.83
30.9,Tuesday,1,4.08,1,17.7,1,1.5,5,4.8,1,7.5,6.22,2.66,0.15,1.44,0.38,10.66
26.2,Wednesday,1,3.24,1,20.5,1,2.7,5,7.5,1,6.7,4.54,3.08,0.27,2.25,0.34,10.25
26.9,Saturday,2,2.19,1,21.5,1,2.1,4,5.4,2,4.5,3.07,3.22,0.21,1.3,0.45,8.05
23.0,Sunday,1,2.78,1,20.6,1,1.9,4,7.4,2,5.2,3.89,3.09,0.19,1.78,0.52,9.46
25.4,Friday,2,1.92,1,20.1,2,1.4,4,2.5,1,7.1,2.69,3.02,0.28,0.6,0.36,7.02
23.2,Tuesday,0,0.0,1,17.7,1,1.4,4,6.6,1,5.9,0.0,2.66,0.14,1.58,0.3,4.73
25.1,Tuesday,0,0.0,1,21.3,1,2.5,4,3.8,3,8.8,0.0,3.2,0.25,0.91,1.32,5.6
35.3,Thursday,1,4.15,1,22.9,1,3.4,6,6.6,2,8.6,8.89,3.43,0.34,2.38,0.86,15.85
25.3,Tuesday,1,4.15,1,22.1,1,3.4,2,2.6,2,5.5,5.81,3.32,0.34,0.31,0.55,10.39
43.2,Wednesday,2,3.8,1,18.0,1,1.9,6,1.1,2,6.2,12.34,2.7,0.19,0.4,0.62,16.28
32.5,Sunday,2,2.25,1,19.9,0,1.8,2,2.8,1,4.4,3.94,2.98,0.0,0.34,0.22,7.56
30.9,Wednesday,1,4.29,1,19.6,1,3.2,3,6.5,3,5.8,6.55,2.94,0.32,1.17,0.87,11.71
25.7,Friday,0,0.0,1,19.4,0,2.6,3,1.6,2,7.9,0.0,2.91,0.0,0.29,0.79,4.25
33.5,Sunday,2,6.33,1,20.0,1,3.9,4,10.3,1,4.9,11.96,3.0,0.39,2.47,0.25,18.16
27.1,Friday,1,5.95,1,23.2,1,1.9,2,1.8,2,5.3,8.33,3.48,0.19,0.22,0.53,12.86
30.6,Tuesday,0,0.0,1,20.2,1,1.1,6,10.4,2,3.7,0.0,3.03,0.11,3.74,0.37,7.09
42.8,Saturday,1,6.37,1,19.3,1,3.6,5,2.3,1,4.9,20.34,2.9,0.36,0.69,0.25,24.38
29.5,Monday,1,4.44,1,20.4,0,1.1,5,13.9,2,7.2,6.22,3.06,0.0,4.17,0.72,14.07
35.7,Sunday,1,4.62,1,18.0,1,1.6,4,2.5,1,5.5,10.16,2.7,0.16,0.6,0.28,14.01
26.5,Thursday,1,3.84,1,18.9,1,2.3,6,8.8,1,3.7,5.38,2.83,0.23,3.17,0.19,11.63
29.8,Monday,1,3.99,1,21.5,1,2.7,5,4.9,2,6.4,5.59,3.22,0.27,1.47,0.64,11.26
38.9,Tuesday,2,4.75,1,20.3,1,3.6,4,5.2,1,5.9,12.57,3.04,0.36,1.25,0.3,17.74
26.9,Tuesday,1,5.53,1,23.2,2,2.0,5,7.0,2,8.2,7.74,3.48,0.4,2.1,0.82,14.43
39.1,Monday,1,5.15,1,20.4,1,4.3,4,4.5,3,5.7,13.77,3.06,0.43,1.08,0.86,19.06
33.5,Thursday,1,6.37,1,18.1,1,1.5,4,3.5,1,4.0,12.04,2.72,0.15,0.84,0.2,15.84
27.2,Sunday,1,3.05,1,17.6,2,2.6,3,3.9,2,7.9,4.27,2.64,0.52,0.7,0.79,8.9
33.2,Sunday,1,1.29,1,21.5,1,3.8,4,5.1,2,4.1,2.39,3.22,0.38,1.22,0.41,7.76
34.9,Monday,0,0.0,1,18.4,1,3.9,2,3.1,2,3.4,0.0,2.76,0.39,0.37,0.34,4.01
33.1,Friday,1,3.49,1,18.3,1,0.0,3,5.0,2,3.9,6.41,2.74,0.0,0.9,0.39,10.56
22.1,Wednesday,1,2.21,1,19.2,1,5.7,5,9.4,1,4.8,3.09,2.88,0.57,2.82,0.24,9.31
26.4,Saturday,1,5.13,1,21.5,1,2.7,6,10.2,2,2.2,7.18,3.22,0.27,3.67,0.22,14.53
28.8,Friday,0,0.0,1,19.4,1,3.3,6,8.5,2,2.5,0.0,2.91,0.33,3.06,0.25,6.42
29.6,Sunday,1,4.73,1,18.7,1,2.7,4,4.6,3,7.6,6.62,2.8,0.27,1.1,1.14,11.99
33.1,Wednesday,1,6.63,1,21.8,1,5.1,4,1.2,1,5.7,12.16,3.27,0.51,0.29,0.29,16.66
30.9,Saturday,0,0.0,1,21.6,1,4.3,2,2.9,3,5.7,0.0,3.24,0.43,0.35,0.86,4.81
23.3,Saturday,0,0.0,1,22.5,1,5.1,5,10.3,1,5.9,0.0,3.38,0.51,3.09,0.3,7.57
31.9,Saturday,2,5.77,1,22.0,1,3.5,2,1.6,3,7.1,9.62,3.3,0.35,0.19,1.06,14.38
33.1,Tuesday,2,3.95,1,21.6,2,3.9,3,2.7,2,4.4,7.24,3.24,0.78,0.49,0.44,12.27
32.8,Saturday,1,4.75,1,18.9,1,2.0,5,11.0,2,7.1,8.51,2.83,0.2,3.3,0.71,15.87
35.4,Thursday,1,5.33,1,21.0,1,2.7,3,7.3,2,6.2,11.49,3.15,0.27,1.31,0.62,16.98
34.2,Monday,1,4.69,1,21.8,2,3.9,1,0.8,1,4.1,9.33,3.27,0.78,0.05,0.2,13.72
32.3,Sunday,2,3.86,1,22.8,2,3.3,5,15.2,1,7.2,6.64,3.42,0.66,4.56,0.36,15.61
29.6,Thursday,1,3.32,1,20.3,0,3.1,3,4.8,1,6.1,4.65,3.04,0.0,0.86,0.3,8.94
21.7,Monday,1,2.54,1,19.3,1,2.2,2,3.9,1,3.9,3.56,2.9,0.22,0.47,0.2,7.27
32.1,Friday,0,0.0,1,18.7,1,4.2,2,2.2,1,4.1,0.0,2.8,0.42,0.26,0.2,3.85
31.0,Friday,1,3.54,1,21.5,1,4.2,3,4.5,2,7.0,5.46,3.22,0.42,0.81,0.7,10.5
31.4,Monday,2,5.55,1,19.0,1,4.0,2,3.2,2,8.0,8.86,2.85,0.4,0.38,0.8,13.25
23.6,Thursday,1,5.1,1,20.2,2,3.3,5,3.7,1,6.6,7.14,3.03,0.66,1.11,0.33,12.14
24.6,Monday,1,2.65,1,18.7,1,3.0,3,7.3,3,7.8,3.71,2.8,0.3,1.31,1.17,9.24
35.3,Saturday,0,0.0,1,19.8,1,4.1,5,6.5,2,8.5,0.0,2.97,0.41,1.95,0.85,6.11
29.8,Tuesday,1,6.28,1,20.7,1,3.9,2,2.0,3,5.5,8.79,3.1,0.39,0.24,0.82,13.04
33.4,Sunday,1,3.48,1,20.4,1,2.1,4,2.2,2,6.3,6.53,3.06,0.21,0.53,0.63,10.97
30.1,Friday,1,5.42,1,21.1,2,3.3,5,8.5,1,7.3,7.67,3.16,0.66,2.55,0.36,14.33
30.1,Sunday,2,4.75,1,17.9,1,3.7,5,7.5,2,3.7,6.72,2.68,0.37,2.25,0.37,12.19
34.7,Tuesday,0,0.0,1,19.8,1,2.3,4,2.7,2,8.1,0.0,2.97,0.23,0.65,0.81,4.56
27.4,Saturday,1,3.2,1,19.3,1,3.9,6,8.6,0,8.7,4.48,2.9,0.39,3.1,0.0,10.92
30.5,Saturday,2,6.2,1,18.5,1,3.7,3,5.0,0,4.5,9.11,2.78,0.37,0.9,0.0,12.89
27.7,Friday,1,3.31,1,18.9,1,2.6,4,4.3,1,11.7,4.63,2.83,0.26,1.03,0.58,9.31
27.8,Friday,1,4.62,1,18.7,1,1.6,6,9.5,1,7.6,6.47,2.8,0.16,3.42,0.38,13.4
28.5,Saturday,1,3.98,1,20.5,2,3.6,2,2.7,2,5.7,5.57,3.08,0.72,0.32,0.57,10.2
31.1,Wednesday,2,4.82,1,20.6,1,5.0,2,2.4,2,1.8,7.49,3.09,0.5,0.29,0.18,11.77
27.6,Sunday,0,0.0,1,21.3,1,3.3,3,2.1,1,5.8,0.0,3.2,0.33,0.38,0.29,4.36
36.3,Tuesday,2,3.23,1,20.5,1,3.6,4,5.9,2,6.8,7.37,3.08,0.36,1.42,0.68,12.96
25.5,Sunday,1,4.07,1,20.2,1,1.8,3,0.0,2,6.6,5.7,3.03,0.18,0.0,0.66,9.57
29.1,Tuesday,0,0.0,1,20.1,1,3.0,2,4.6,1,3.4,0.0,3.02,0.3,0.55,0.17,4.04
27.8,Wednesday,1,3.58,1,21.0,1,2.9,4,8.5,0,4.7,5.01,3.15,0.29,2.04,0.0,10.56
37.2,Thursday,1,5.38,1,16.8,0,2.1,4,2.6,1,7.4,12.95,2.52,0.0,0.62,0.37,16.76
31.0,Tuesday,1,2.66,1,19.9,1,3.4,3,1.1,1,7.2,4.09,2.98,0.34,0.2,0.36,8.05
35.2,Sunday,1,5.96,1,20.5,1,3.4,3,6.3,1,7.9,12.68,3.08,0.34,1.13,0.4,17.85
22.6,Monday,2,3.67,1,22.7,1,2.7,4,4.9,1,6.2,5.14,3.4,0.27,1.18,0.31,10.13
31.3,Saturday,0,0.0,1,18.3,1,3.0,6,8.2,2,5.9,0.0,2.74,0.3,2.95,0.59,6.5
34.4,Saturday,1,5.11,1,18.3,1,5.1,5,6.7,2,7.0,10.3,2.74,0.51,2.01,0.7,16.26
30.4,Wednesday,1,4.8,1,16.6,1,2.4,5,2.3,1,6.2,6.99,2.49,0.24,0.69,0.31,10.92
35.3,Tuesday,1,3.21,1,17.9,1,1.9,3,5.6,1,2.9,6.87,2.68,0.19,1.01,0.14,10.62
27.4,Thursday,1,5.1,1,19.8,1,1.8,3,4.9,2,9.0,7.14,2.97,0.18,0.88,0.9,12.52
37.0,Tuesday,0,0.0,1,18.9,1,3.2,4,5.4,3,7.8,0.0,2.83,0.32,1.3,1.17,5.62
41.5,Saturday,1,4.48,1,18.9,2,0.5,5,0.0,2,6.8,13.48,2.83,0.1,0.0,0.68,17.27
28.2,Friday,1,3.89,1,20.0,1,2.5,4,6.7,2,3.3,5.45,3.0,0.25,1.61,0.33,10.64
27.8,Monday,0,0.0,1,20.9,1,2.0,5,7.9,1,7.7,0.0,3.14,0.2,2.37,0.38,5.97
37.3,Wednesday,2,4.96,1,20.0,0,2.9,6,7.6,1,5.1,12.01,3.0,0.0,2.74,0.26,18.27
37.9,Friday,2,5.51,1,20.0,1,2.9,2,4.0,3,7.7,13.8,3.0,0.29,0.48,1.16,18.7
27.4,Sunday,1,5.59,1,20.6,1,3.3,1,2.1,0,7.1,7.83,3.09,0.33,0.13,0.0,11.27
27.9,Thursday,1,2.96,1,17.3,2,3.6,2,3.1,3,5.3,4.14,2.6,0.72,0.37,0.8,8.69
28.6,Friday,1,4.81,1,20.2,2,4.1,3,1.0,2,8.1,6.73,3.03,0.82,0.18,0.81,11.66
23.3,Sunday,1,3.53,1,19.9,1,2.6,2,1.0,2,3.6,4.94,2.98,0.26,0.12,0.36,8.71
25.4,Friday,1,4.88,1,20.0,1,2.3,6,5.2,0,6.1,6.83,3.0,0.23,1.87,0.0,11.99
25.0,Thursday,1,5.29,1,19.1,1,3.9,1,1.2,2,9.3,7.41,2.86,0.39,0.07,0.93,11.72
26.2,Friday,0,0.0,1,19.7,1,1.3,3,5.7,2,7.0,0.0,2.95,0.13,1.03,0.7,4.99
29.8,Wednesday,0,0.0,1,20.6,1,3.8,2,3.1,1,7.8,0.0,3.09,0.38,0.37,0.39,4.24
31.2,Saturday,0,0.0,1,22.4,1,3.1,6,7.3,1,6.2,0.0,3.36,0.31,2.63,0.31,6.51
37.8,Tuesday,0,0.0,1,17.5,2,3.4,5,8.8,3,6.0,0.0,2.62,0.68,2.64,0.9,6.95
25.0,Friday,0,0.0,1,20.9,1,3.4,6,4.9,2,3.6,0.0,3.14,0.34,1.76,0.36,5.23
34.9,Wednesday,2,4.21,1,21.8,1,3.1,6,10.5,2,5.7,8.78,3.27,0.31,3.78,0.57,16.8
28.9,Tuesday,1,3.55,1,18.1,1,3.2,4,5.9,1,7.3,4.97,2.72,0.32,1.42,0.36,10.02
29.8,Sunday,0,0.0,1,19.7,1,1.9,3,5.0,2,3.8,0.0,2.95,0.19,0.9,0.38,4.53
33.4,Tuesday,1,4.22,1,20.4,1,2.3,2,3.8,2,4.1,7.92,3.06,0.23,0.46,0.41,11.84
24.4,Sunday,2,3.63,1,23.0,2,4.8,3,3.9,2,6.8,5.08,3.45,0.96,0.7,0.68,11.09
31.9,Friday,1,4.16,1,23.3,1,3.7,5,0.0,2,7.7,6.93,3.5,0.37,0.0,0.77,11.49
30.8,Wednesday,1,4.74,1,18.1,1,4.1,1,0.9,2,10.0,7.17,2.72,0.41,0.05,1.0,11.38
32.5,Saturday,2,4.92,1,19.5,1,2.7,2,3.7,2,5.5,8.61,2.92,0.27,0.44,0.55,12.98
31.4,Friday,1,4.2,1,20.3,0,3.1,4,3.8,1,5.5,6.7,3.04,0.0,0.91,0.28,10.84
42.3,Sunday,1,5.59,1,20.8,2,3.5,4,3.6,3,7.7,17.46,3.12,0.7,0.86,1.16,23.32
26.8,Thursday,1,4.71,1,20.3,1,4.2,5,6.9,2,7.1,6.59,3.04,0.42,2.07,0.71,12.63
27.3,Tuesday,1,3.16,1,18.6,2,2.8,3,6.2,1,5.5,4.42,2.79,0.56,1.12,0.28,9.14
26.9,Friday,1,4.82,1,18.5,1,3.5,5,8.2,2,5.9,6.75,2.78,0.35,2.46,0.59,12.75
27.2,Sunday,1,3.33,1,17.7,1,3.7,4,10.0,2,4.7,4.66,2.66,0.37,2.4,0.47,10.63
26.8,Tuesday,1,5.31,1,17.0,0,3.9,2,3.2,1,3.7,7.43,2.55,0.0,0.38,0.19,10.33
35.9,Sunday,1,4.82,1,17.7,1,2.8,5,7.9,1,5.7,10.73,2.66,0.28,2.37,0.29,16.32
37.1,Wednesday,0,0.0,1,21.7,1,4.3,6,7.1,2,9.0,0.0,3.26,0.43,2.56,0.9,7.06
27.1,Monday,0,0.0,1,21.1,1,1.6,2,0.6,1,4.6,0.0,3.16,0.16,0.07,0.23,3.51
25.8,Friday,1,4.45,1,20.8,1,1.9,3,4.3,2,3.1,6.23,3.12,0.19,0.77,0.31,10.79
32.4,Saturday,2,4.46,1,19.7,1,3.5,4,5.4,1,4.0,7.74,2.95,0.35,1.3,0.2,12.38
27.2,Friday,1,4.11,1,19.9,2,3.5,2,3.6,2,7.1,5.75,2.98,0.7,0.43,0.71,10.49
33.2,Tuesday,1,4.31,1,19.6,2,2.8,6,9.2,1,6.9,7.96,2.94,0.56,3.31,0.34,15.14
31.0,Wednesday,1,4.9,1,17.6,0,2.6,3,4.5,0,8.5,7.55,2.64,0.0,0.81,0.0,11.1
22.4,Sunday,0,0.0,1,21.0,2,2.6,5,10.5,3,8.1,0.0,3.15,0.52,3.15,1.22,7.77
37.7,Thursday,0,0.0,1,21.3,1,2.1,5,5.8,2,6.6,0.0,3.2,0.21,1.74,0.66,5.78
39.0,Saturday,1,6.49,1,18.3,1,3.0,4,7.6,1,7.3,17.27,2.74,0.3,1.82,0.36,22.6
26.9,Wednesday,0,0.0,1,18.3,1,1.4,2,4.4,1,4.5,0.0,2.74,0.14,0.53,0.22,3.88
28.1,Friday,0,0.0,1,20.5,2,4.1,3,2.9,2,7.4,0.0,3.08,0.82,0.52,0.74,5.16
31.4,Thursday,1,4.71,1,20.5,1,3.4,1,1.1,2,5.8,7.51,3.08,0.34,0.07,0.58,11.37
31.7,Wednesday,0,0.0,1,21.1,1,4.3,3,2.5,3,7.7,0.0,3.16,0.43,0.45,1.16,5.2
33.3,Monday,1,5.0,1,22.1,1,3.2,3,1.3,3,6.8,9.31,3.32,0.32,0.23,1.02,14.13
40.1,Saturday,1,3.37,1,18.4,1,3.0,5,12.8,2,5.1,9.49,2.76,0.3,3.84,0.51,16.95
29.1,Tuesday,1,2.86,1,19.9,1,3.1,3,10.4,2,3.8,4.0,2.98,0.31,1.87,0.38,9.82
26.0,Wednesday,1,3.66,1,18.5,1,2.3,5,7.4,2,5.0,5.12,2.78,0.23,2.22,0.5,10.67
23.1,Wednesday,1,1.99,1,18.6,1,1.8,4,4.5,2,6.4,2.79,2.79,0.18,1.08,0.64,7.64
26.3,Monday,1,4.12,1,19.4,2,2.0,5,12.5,1,4.4,5.77,2.91,0.4,3.75,0.22,13.19
29.8,Friday,1,4.07,1,22.2,1,2.6,6,10.4,1,5.7,5.7,3.33,0.26,3.74,0.29,13.42
39.0,Sunday,2,3.76,1,21.7,1,2.1,3,2.5,1,8.2,9.99,3.26,0.21,0.45,0.41,14.36
27.4,Sunday,0,0.0,1,19.9,1,4.3,6,4.5,1,8.3,0.0,2.98,0.43,1.62,0.42,5.76
31.1,Saturday,0,0.0,1,16.8,1,2.3,4,7.5,1,7.0,0.0,2.52,0.23,1.8,0.35,5.09
29.9,Saturday,2,2.6,1,20.6,1,3.4,5,7.9,2,8.7,3.64,3.09,0.34,2.37,0.87,10.22
35.9,Tuesday,1,3.93,1,20.6,0,3.6,5,10.4,2,3.5,8.74,3.09,0.0,3.12,0.35,15.31
42.6,Wednesday,1,4.83,1,18.6,2,4.2,4,7.2,2,8.6,15.28,2.79,0.84,1.73,0.86,21.34
27.3,Thursday,1,3.65,1,21.2,1,3.7,3,1.6,1,3.3,5.11,3.18,0.37,0.29,0.16,9.32
27.6,Wednesday,0,0.0,1,18.6,2,2.8,2,1.6,1,6.0,0.0,2.79,0.56,0.19,0.3,3.85
35.2,Sunday,1,6.13,1,21.2,0,4.7,4,3.0,2,4.4,13.04,3.18,0.0,0.72,0.44,17.09
33.4,Tuesday,1,5.48,1,20.4,1,1.8,6,8.9,1,7.5,10.28,3.06,0.18,3.2,0.38,16.73
39.2,Wednesday,1,4.11,1,17.8,1,2.1,5,6.3,2,2.9,11.04,2.67,0.21,1.89,0.29,16.02
32.9,Monday,1,3.25,1,19.5,0,3.2,3,3.1,3,2.5,5.87,2.92,0.0,0.56,0.38,9.6
28.2,Sunday,1,3.6,1,20.2,1,3.1,5,5.6,1,4.7,5.04,3.03,0.31,1.68,0.24,10.23
33.0,Wednesday,1,5.75,1,20.5,1,3.8,5,8.9,1,4.5,10.47,3.08,0.38,2.67,0.22,16.79
35.5,Wednesday,0,0.0,1,21.5,1,3.2,3,3.6,2,4.9,0.0,3.22,0.32,0.65,0.49,4.87
34.1,Sunday,1,4.58,1,21.7,1,3.4,1,0.9,3,4.7,9.04,3.26,0.34,0.05,0.7,13.6
32.5,Thursday,1,4.02,1,19.6,1,4.0,2,0.9,2,7.4,7.04,2.94,0.4,0.11,0.74,11.56
35.3,Sunday,1,5.96,1,20.8,2,3.1,6,4.4,3,5.8,12.76,3.12,0.62,1.58,0.87,19.21
35.8,Monday,1,5.76,1,22.4,1,3.7,5,10.2,1,9.1,12.73,3.36,0.37,3.06,0.46,20.07
36.9,Monday,0,0.0,1,18.5,1,2.2,3,2.7,3,6.5,0.0,2.78,0.22,0.49,0.98,4.26
33.2,Wednesday,1,5.74,1,19.1,1,2.3,3,7.6,1,7.8,10.61,2.86,0.23,1.37,0.39,15.58
29.2,Saturday,1,1.71,1,17.5,1,3.9,5,8.8,1,7.2,2.39,2.62,0.39,2.64,0.36,8.16
30.7,Thursday,0,0.0,1,19.1,1,3.1,6,4.7,3,4.2,0.0,2.86,0.31,1.69,0.63,5.54
36.0,Wednesday,1,5.45,1,20.3,1,3.2,5,4.6,3,5.0,12.21,3.04,0.32,1.38,0.75,17.48
25.9,Sunday,1,5.45,1,16.8,1,2.3,4,0.0,1,8.0,7.63,2.52,0.23,0.0,0.4,11.07
31.8,Wednesday,1,4.55,1,20.7,1,2.6,3,3.1,1,2.4,7.52,3.1,0.26,0.56,0.12,11.62
28.0,Tuesday,1,3.34,1,19.3,1,3.3,4,10.5,0,7.0,4.68,2.9,0.33,2.52,0.0,10.4
30.1,Tuesday,1,3.12,1,19.9,1,2.7,3,7.3,1,5.6,4.41,2.98,0.27,1.31,0.28,9.18
36.4,Saturday,2,6.38,1,18.2,1,2.1,5,12.0,1,4.5,14.65,2.73,0.21,3.6,0.22,21.4
31.0,Thursday,1,6.04,1,19.8,0,2.1,3,5.2,3,5.5,9.31,2.97,0.0,0.94,0.82,13.93
30.2,Friday,2,3.71,1,22.5,1,2.4,5,6.1,2,9.2,5.29,3.38,0.24,1.83,0.92,11.61
23.2,Tuesday,2,3.64,1,19.4,1,2.7,3,4.2,2,2.6,5.1,2.91,0.27,0.76,0.26,9.0
33.7,Friday,0,0.0,1,16.7,0,2.7,5,8.5,2,3.6,0.0,2.5,0.0,2.55,0.36,5.27
33.2,Monday,1,5.27,1,21.8,1,4.6,3,4.0,2,2.1,9.74,3.27,0.46,0.72,0.21,14.23
40.8,Tuesday,1,4.79,1,20.8,0,3.9,4,3.2,2,5.1,13.96,3.12,0.0,0.77,0.51,18.44
28.5,Tuesday,2,3.27,1,20.1,2,3.3,4,5.1,2,4.8,4.58,3.02,0.66,1.22,0.48,9.97
31.1,Thursday,1,3.35,1,20.9,1,4.9,2,0.9,1,6.3,5.21,3.14,0.49,0.11,0.32,9.4
31.2,Saturday,2,5.27,1,20.1,0,2.9,6,10.4,2,5.0,8.27,3.02,0.0,3.74,0.5,15.47
37.9,Friday,1,4.35,1,22.5,0,3.5,4,2.9,2,6.9,10.9,3.38,0.0,0.7,0.69,15.69
29.5,Sunday,1,3.7,1,21.1,1,3.3,4,6.9,2,4.4,5.18,3.16,0.33,1.66,0.44,10.46
31.4,Tuesday,0,0.0,1,19.3,1,3.5,5,3.1,3,10.2,0.0,2.9,0.35,0.93,1.53,5.85
33.0,Tuesday,0,0.0,1,22.2,1,2.3,6,7.3,2,7.2,0.0,3.33,0.23,2.63,0.72,7.1
30.9,Thursday,1,4.64,1,22.7,2,2.7,4,6.1,2,7.0,7.08,3.4,0.54,1.46,0.7,13.28
27.8,Thursday,0,0.0,1,21.4,1,2.2,6,7.3,1,7.3,0.0,3.21,0.22,2.63,0.36,6.29
31.0,Saturday,2,3.85,1,20.6,1,3.4,2,3.5,2,3.9,5.93,3.09,0.34,0.42,0.39,10.25
35.4,Friday,0,0.0,1,18.7,1,3.0,2,3.3,1,5.5,0.0,2.8,0.3,0.4,0.28,3.81
24.9,Monday,1,4.42,1,21.0,2,1.1,4,4.2,0,5.6,6.19,3.15,0.22,1.01,0.0,10.28
30.7,Sunday,1,4.31,1,20.6,1,3.5,3,2.8,1,5.1,6.45,3.09,0.35,0.5,0.26,10.84
26.5,Saturday,1,4.16,1,20.0,1,3.2,4,3.6,2,5.3,5.82,3.0,0.32,0.86,0.53,10.37
36.0,Monday,1,3.46,1,21.0,1,4.7,3,2.4,1,7.7,7.74,3.15,0.47,0.43,0.38,12.26
22.4,Wednesday,1,4.17,1,20.1,1,3.9,4,10.9,3,5.9,5.84,3.02,0.39,2.62,0.89,12.76
27.2,Tuesday,0,0.0,1,20.8,1,4.1,5,4.6,1,6.6,0.0,3.12,0.41,1.38,0.33,5.44
31.9,Friday,0,0.0,1,21.6,2,1.9,4,8.2,3,2.6,0.0,3.24,0.38,1.97,0.39,5.85
37.8,Saturday,1,5.2,1,18.0,1,4.1,6,8.7,2,2.5,12.96,2.7,0.41,3.13,0.25,19.37
29.7,Tuesday,1,4.43,1,18.5,1,2.8,5,5.5,1,4.1,6.2,2.78,0.28,1.65,0.2,11.21
27.2,Friday,1,2.14,1,18.6,1,2.3,3,4.4,1,9.3,3.0,2.79,0.23,0.79,0.47,7.19
39.4,Friday,1,6.31,1,22.9,1,0.7,3,4.5,2,10.0,17.13,3.43,0.07,0.81,1.0,22.65
22.8,Friday,1,2.4,1,21.0,1,4.3,3,0.5,2,8.0,3.36,3.15,0.43,0.09,0.8,7.72
19.0,Tuesday,1,4.13,1,21.1,1,2.7,5,6.4,2,5.2,5.78,3.16,0.27,1.92,0.52,11.74
32.2,Saturday,0,0.0,1,21.7,1,2.9,1,1.3,1,6.9,0.0,3.26,0.29,0.08,0.34,3.97
27.5,Sunday,1,2.37,1,18.4,1,3.3,3,3.3,2,8.5,3.32,2.76,0.33,0.59,0.85,7.75
24.9,Thursday,2,3.67,1,16.9,1,4.9,6,0.0,3,9.7,5.14,2.53,0.49,0.0,1.46,9.82
33.5,Tuesday,2,2.77,1,19.9,1,2.8,4,4.4,1,3.7,5.24,2.98,0.28,1.06,0.19,9.59
31.2,Friday,1,5.43,1,21.3,1,3.0,3,7.2,2,6.4,8.51,3.2,0.3,1.3,0.64,14.03
27.2,Saturday,1,3.43,1,19.7,1,4.0,3,5.1,1,5.4,4.8,2.95,0.4,0.92,0.27,8.97
23.6,Sunday,2,2.7,1,17.9,1,2.7,6,3.8,2,7.2,3.78,2.68,0.27,1.37,0.72,8.87
34.4,Wednesday,1,5.26,1,18.6,2,2.2,6,11.6,2,6.1,10.6,2.79,0.44,4.18,0.61,18.8
33.3,Monday,0,0.0,1,18.2,1,0.8,3,1.8,1,4.0,0.0,2.73,0.08,0.32,0.2,3.31
29.5,Friday,0,0.0,1,19.1,0,4.3,4,6.1,1,6.8,0.0,2.86,0.0,1.46,0.34,4.69
39.2,Wednesday,1,4.76,1,18.3,0,3.2,5,7.6,0,4.6,12.79,2.74,0.0,2.28,0.0,18.07
24.6,Thursday,2,4.81,1,20.2,1,3.5,5,5.4,2,5.9,6.73,3.03,0.35,1.62,0.59,12.48
22.4,Sunday,1,3.2,1,19.2,1,2.5,5,10.1,2,6.0,4.48,2.88,0.25,3.03,0.6,10.91
26.5,Sunday,0,0.0,1,21.0,1,3.7,4,7.3,3,9.4,0.0,3.15,0.37,1.75,1.41,6.6
29.8,Friday,0,0.0,1,18.5,1,2.4,6,4.9,2,6.6,0.0,2.78,0.24,1.76,0.66,5.4
31.2,Sunday,1,4.72,1,20.4,1,3.2,3,3.4,1,5.8,7.4,3.06,0.32,0.61,0.29,11.73
28.8,Wednesday,2,3.4,1,19.9,1,3.1,2,1.5,3,7.4,4.76,2.98,0.31,0.18,1.11,9.33
31.8,Friday,1,5.68,1,20.6,1,4.1,5,4.8,2,4.2,9.38,3.09,0.41,1.44,0.42,14.66
23.7,Tuesday,1,2.59,1,20.8,2,3.6,4,7.1,2,6.2,3.63,3.12,0.72,1.7,0.62,9.7
37.2,Saturday,0,0.0,1,21.0,1,2.4,6,7.9,1,7.3,0.0,3.15,0.24,2.84,0.36,6.37
29.6,Wednesday,2,3.68,1,21.2,1,3.6,2,4.0,1,7.2,5.15,3.18,0.36,0.48,0.36,9.38
35.6,Saturday,1,6.11,1,20.8,1,2.6,5,1.4,3,4.9,13.34,3.12,0.26,0.42,0.74,18.01
31.7,Tuesday,1,4.84,1,20.4,1,2.2,3,4.6,2,6.7,7.93,3.06,0.22,0.83,0.67,12.55
32.3,Tuesday,1,4.55,1,19.0,1,3.6,5,9.4,1,7.4,7.84,2.85,0.36,2.82,0.37,14.12
32.8,Saturday,1,5.11,1,21.3,1,3.2,1,1.4,2,4.2,9.15,3.2,0.32,0.08,0.42,12.95
32.2,Wednesday,0,0.0,1,19.0,1,1.8,4,1.7,3,4.8,0.0,2.85,0.18,0.41,0.72,4.22
33.2,Saturday,1,4.36,1,19.6,1,2.5,5,3.2,1,5.4,8.05,2.94,0.25,0.96,0.27,12.61
36.6,Saturday,0,0.0,1,18.7,1,3.7,3,5.8,2,10.7,0.0,2.8,0.37,1.04,1.07,5.45
31.0,Monday,1,5.51,1,18.7,1,3.4,3,2.9,3,4.5,8.48,2.8,0.34,0.52,0.68,12.76
33.5,Wednesday,1,4.14,1,19.5,1,3.4,4,3.3,1,6.7,7.83,2.92,0.34,0.79,0.34,12.21
29.6,Monday,1,6.77,1,19.7,1,4.8,5,5.5,2,5.3,9.48,2.95,0.48,1.65,0.53,15.09
37.2,Friday,1,4.02,1,18.8,1,4.0,3,3.5,2,4.1,9.68,2.82,0.4,0.63,0.41,13.88
26.6,Sunday,1,3.52,1,20.0,2,2.9,3,6.4,2,7.4,4.93,3.0,0.58,1.15,0.74,10.45
39.0,Saturday,0,0.0,1,20.2,0,2.6,3,0.5,1,3.2,0.0,3.03,0.0,0.09,0.16,3.45
29.8,Friday,1,4.93,1,19.2,1,2.3,6,10.3,1,8.9,6.9,2.88,0.23,3.71,0.45,14.32
22.8,Wednesday,1,3.96,1,23.4,1,2.5,3,6.9,2,3.9,5.54,3.51,0.25,1.24,0.39,10.9
30.6,Saturday,1,3.62,1,20.5,1,1.4,1,2.0,1,4.7,5.37,3.08,0.14,0.12,0.24,8.87
26.6,Sunday,2,2.76,1,20.2,1,1.8,5,14.4,2,7.1,3.86,3.03,0.18,4.32,0.71,11.93
34.2,Friday,1,3.73,1,19.0,1,3.7,5,5.1,1,7.5,7.41,2.85,0.37,1.53,0.38,12.28
26.7,Thursday,2,2.42,1,20.2,1,4.5,2,3.9,0,6.5,3.39,3.03,0.45,0.47,0.0,7.42
27.8,Tuesday,1,6.04,1,20.4,1,3.1,6,7.7,3,4.9,8.46,3.06,0.31,2.77,0.74,15.34
20.6,Saturday,0,0.0,1,20.0,1,2.3,4,3.9,2,2.8,0.0,3.0,0.23,0.94,0.28,4.45
27.7,Sunday,1,3.68,1,22.1,2,0.0,4,0.0,3,5.8,5.15,3.32,0.0,0.0,0.87,9.71
17.9,Tuesday,1,3.74,1,17.4,2,4.7,3,3.1,1,4.3,5.24,2.61,0.94,0.56,0.22,9.81
22.1,Monday,1,3.53,1,19.4,1,1.7,6,12.3,2,10.8,4.94,2.91,0.17,4.43,1.08,13.54
33.8,Friday,0,0.0,1,21.1,2,1.5,3,0.6,1,6.3,0.0,3.16,0.3,0.11,0.32,3.92
33.9,Monday,2,4.31,1,18.7,1,2.7,3,8.2,2,3.4,8.38,2.8,0.27,1.48,0.34,13.1
32.1,Sunday,0,0.0,1,17.7,1,3.0,2,3.2,2,5.3,0.0,2.66,0.3,0.38,0.53,3.97
25.2,Saturday,2,3.54,1,19.2,0,3.0,5,3.0,1,7.5,4.96,2.88,0.0,0.9,0.38,9.15
29.8,Tuesday,2,4.55,1,21.6,1,2.1,4,5.9,3,8.3,6.37,3.24,0.21,1.42,1.25,12.36
30.0,Tuesday,1,3.08,1,18.7,2,3.4,4,7.2,1,5.4,4.31,2.8,0.68,1.73,0.27,9.83
24.2,Friday,1,4.69,1,19.5,1,2.5,3,3.0,2,5.8,6.57,2.92,0.25,0.54,0.58,11.02
37.5,Saturday,1,4.85,1,20.6,1,2.5,5,4.6,3,7.1,11.88,3.09,0.25,1.38,1.06,17.97
34.4,Thursday,2,3.85,1,19.1,1,2.7,5,13.2,3,4.1,7.76,2.86,0.27,3.96,0.62,15.24
28.9,Thursday,1,3.75,1,19.3,2,2.3,3,3.3,3,6.7,5.25,2.9,0.46,0.59,1.01,10.04
30.1,Friday,1,5.38,1,19.0,1,1.7,5,6.2,1,6.6,7.61,2.85,0.17,1.86,0.33,12.81
31.0,Saturday,1,5.11,1,19.1,2,1.8,3,6.6,1,7.1,7.87,2.86,0.36,1.19,0.36,12.67
19.8,Friday,2,3.54,1,18.3,1,1.9,5,6.4,1,5.9,4.96,2.74,0.19,1.92,0.3,10.36
28.8,Saturday,1,3.45,1,19.6,1,3.5,1,1.8,2,2.9,4.83,2.94,0.35,0.11,0.29,8.7
26.6,Sunday,1,4.44,1,21.6,1,3.4,4,4.1,2,6.5,6.22,3.24,0.34,0.98,0.65,11.12
25.0,Sunday,1,3.77,1,22.4,1,2.7,6,5.2,1,4.2,5.28,3.36,0.27,1.87,0.21,10.93
28.6,Monday,2,5.81,1,21.9,0,2.8,6,9.5,2,9.5,8.13,3.28,0.0,3.42,0.95,15.55
39.0,Friday,1,4.83,1,20.2,1,4.2,3,2.0,1,9.5,12.84,3.03,0.42,0.36,0.48,16.93
33.2,Saturday,0,0.0,1,22.5,1,3.5,4,6.4,1,3.7,0.0,3.38,0.35,1.54,0.19,5.55
27.1,Thursday,1,4.12,1,23.5,1,4.6,2,1.4,2,4.3,5.77,3.52,0.46,0.17,0.43,10.37
32.9,Saturday,2,3.25,1,20.3,1,2.4,6,9.6,2,1.4,5.87,3.04,0.24,3.46,0.14,13.0
37.0,Sunday,1,8.61,1,18.5,1,1.8,4,8.6,2,7.5,20.48,2.78,0.18,2.06,0.75,26.04
34.6,Saturday,2,2.89,1,22.0,1,4.0,3,0.0,1,4.9,5.91,3.3,0.4,0.0,0.25,9.86
30.3,Friday,0,0.0,1,18.2,0,3.0,2,2.1,2,6.5,0.0,2.73,0.0,0.25,0.65,3.55
26.8,Monday,1,1.88,1,18.7,1,2.2,6,0.2,1,4.9,2.63,2.8,0.22,0.07,0.25,6.21
33.5,Monday,1,7.48,1,16.9,1,3.5,4,4.6,1,2.8,14.13,2.53,0.35,1.1,0.14,18.12
32.0,Monday,2,6.61,1,21.1,0,2.3,3,4.7,2,6.4,11.1,3.16,0.0,0.85,0.64,15.78
34.5,Monday,0,0.0,1,16.5,1,3.7,3,3.3,3,8.6,0.0,2.48,0.37,0.59,1.29,4.52
33.2,Sunday,2,4.9,1,21.5,0,3.5,3,0.0,1,5.9,9.06,3.22,0.0,0.0,0.3,12.8
35.2,Wednesday,1,4.86,1,22.7,2,2.8,4,7.7,1,3.9,10.34,3.4,0.56,1.85,0.2,16.63
27.3,Friday,0,0.0,1,22.6,1,1.3,6,2.2,2,5.7,0.0,3.39,0.13,0.79,0.57,4.78
36.6,Tuesday,1,6.4,1,18.1,2,2.1,6,11.3,1,7.0,14.87,2.72,0.42,4.07,0.35,22.31
31.0,Friday,1,5.65,1,17.2,0,4.5,4,3.3,2,5.6,8.7,2.58,0.0,0.79,0.56,12.67
40.4,Wednesday,1,3.46,1,19.0,1,4.7,5,3.8,2,3.8,9.87,2.85,0.47,1.14,0.38,14.59
26.6,Monday,0,0.0,1,21.3,1,5.6,4,5.4,1,10.0,0.0,3.2,0.56,1.3,0.5,5.73
38.7,Wednesday,0,0.0,1,21.8,1,3.4,3,6.1,2,3.0,0.0,3.27,0.34,1.1,0.3,5.08
31.0,Thursday,2,4.02,1,21.0,1,1.9,6,15.8,2,10.5,6.19,3.15,0.19,5.69,1.05,16.46
26.7,Thursday,0,0.0,1,20.8,1,4.3,3,3.2,1,5.8,0.0,3.12,0.43,0.58,0.29,4.26
27.6,Sunday,1,3.86,1,23.5,1,2.7,3,1.4,2,7.8,5.4,3.52,0.27,0.25,0.78,10.01
28.4,Friday,1,3.5,1,19.3,1,2.3,6,9.4,1,6.4,4.9,2.9,0.23,3.38,0.32,11.78
32.1,Friday,1,5.48,1,18.8,0,3.3,2,0.9,2,4.2,9.28,2.82,0.0,0.11,0.42,12.88
32.6,Tuesday,1,4.34,1,18.2,1,4.9,5,9.1,1,8.7,7.66,2.73,0.49,2.73,0.44,13.91
27.1,Sunday,1,3.25,1,20.6,1,2.9,6,9.8,2,7.2,4.55,3.09,0.29,3.53,0.72,12.25
29.9,Tuesday,1,4.13,1,19.7,1,3.0,4,8.9,1,5.8,5.78,2.95,0.3,2.14,0.29,11.36
40.7,Thursday,1,4.84,1,21.2,1,1.5,1,2.0,1,7.5,14.03,3.18,0.15,0.12,0.38,18.02
38.6,Monday,0,0.0,1,19.3,0,3.1,3,4.3,2,5.7,0.0,2.9,0.0,0.77,0.57,4.11
32.2,Wednesday,0,0.0,1,20.9,1,3.7,2,2.7,1,1.6,0.0,3.14,0.37,0.32,0.08,3.95
30.2,Tuesday,1,3.89,1,19.4,1,2.9,4,3.0,1,2.6,5.56,2.91,0.29,0.72,0.13,9.78
30.6,Saturday,1,3.61,1,19.8,1,3.0,5,3.6,1,6.0,5.35,2.97,0.3,1.08,0.3,9.8
33.1,Tuesday,1,2.91,1,19.9,1,3.2,4,5.2,1,5.4,5.33,2.98,0.32,1.25,0.27,10.24
24.9,Monday,1,3.74,1,17.4,0,2.0,4,2.5,3,5.8,5.24,2.61,0.0,0.6,0.87,9.27
28.7,Monday,1,5.32,1,19.8,1,0.7,4,4.6,2,5.3,7.45,2.97,0.07,1.1,0.53,12.25
21.7,Friday,0,0.0,1,20.8,1,2.9,4,4.1,1,3.8,0.0,3.12,0.29,0.98,0.19,4.64
32.0,Wednesday,1,3.78,1,18.5,1,2.8,6,10.4,2,3.2,6.35,2.78,0.28,3.74,0.32,13.41
33.2,Monday,1,3.58,1,22.9,1,3.6,3,4.0,2,4.3,6.61,3.43,0.36,0.72,0.43,11.54
27.6,Sunday,1,2.26,1,20.0,2,5.4,5,10.0,3,7.5,3.16,3.0,1.08,3.0,1.12,11.08
37.9,Tuesday,1,6.2,1,19.1,0,4.3,4,4.5,1,4.4,15.54,2.86,0.0,1.08,0.22,19.83
23.9,Tuesday,0,0.0,1,19.0,1,0.9,3,1.7,2,8.1,0.0,2.85,0.09,0.31,0.81,4.34
22.7,Thursday,1,4.26,1,22.1,1,5.5,3,5.1,2,3.9,5.96,3.32,0.55,0.92,0.39,11.06
31.1,Monday,2,4.51,1,18.8,1,3.7,3,3.8,2,8.4,7.0,2.82,0.37,0.68,0.84,11.7
35.2,Saturday,1,3.65,1,20.4,1,2.7,4,4.6,2,5.0,7.77,3.06,0.27,1.1,0.5,12.94
38.4,Friday,1,4.45,1,21.3,1,4.5,3,3.2,1,5.4,11.46,3.2,0.45,0.58,0.27,15.69
27.7,Wednesday,2,3.48,1,20.8,0,0.4,6,8.0,2,5.4,4.87,3.12,0.0,2.88,0.54,11.49
35.4,Saturday,1,4.11,1,19.2,1,2.5,4,4.6,2,7.2,8.85,2.88,0.25,1.1,0.72,14.05
29.8,Friday,1,3.72,1,21.3,1,3.2,6,10.1,3,6.5,5.21,3.2,0.32,3.64,0.98,13.26
29.1,Tuesday,0,0.0,1,20.2,0,3.1,1,1.8,1,6.3,0.0,3.03,0.0,0.11,0.32,3.38
34.4,Saturday,1,6.79,1,17.4,1,4.5,3,3.3,2,5.8,13.69,2.61,0.45,0.59,0.58,18.12
33.3,Friday,0,0.0,1,21.8,1,4.2,1,2.7,3,4.9,0.0,3.27,0.42,0.16,0.74,4.43
22.1,Tuesday,2,3.38,1,19.1,1,3.7,3,2.9,2,8.2,4.73,2.86,0.37,0.52,0.82,9.43
37.4,Tuesday,1,5.01,1,19.7,1,2.7,6,8.1,3,6.2,12.2,2.95,0.27,2.92,0.93,19.33
36.9,Tuesday,1,3.56,1,20.5,1,4.0,1,0.3,2,7.1,8.42,3.08,0.4,0.02,0.71,12.8
26.9,Tuesday,1,3.96,1,19.2,1,2.4,4,5.1,1,6.4,5.54,2.88,0.24,1.22,0.32,10.18
32.0,Sunday,1,4.7,1,21.1,1,3.8,2,2.4,2,5.2,7.9,3.16,0.38,0.29,0.52,12.48
32.5,Tuesday,1,4.27,1,18.3,2,2.3,4,5.2,1,10.8,7.48,2.74,0.46,1.25,0.54,12.41
31.3,Thursday,2,4.93,1,19.1,0,3.3,5,9.9,2,8.5,7.8,2.86,0.0,2.97,0.85,14.26
27.2,Saturday,2,3.94,1,21.8,2,1.5,4,9.8,1,4.9,5.52,3.27,0.3,2.35,0.25,11.46
26.6,Friday,1,1.1,1,20.0,1,4.0,5,10.4,2,10.1,1.54,3.0,0.4,3.12,1.01,8.91
29.9,Thursday,2,3.15,1,18.4,1,2.6,3,3.8,2,7.9,4.41,2.76,0.26,0.68,0.79,9.0
35.9,Sunday,1,6.29,1,20.1,1,1.6,6,8.8,2,3.8,14.01,3.02,0.16,3.17,0.38,20.63
32.7,Thursday,1,4.95,1,20.6,1,2.0,5,11.7,1,7.8,8.8,3.09,0.2,3.51,0.39,15.99
28.1,Monday,1,1.15,1,17.6,1,2.7,4,2.7,3,6.8,1.61,2.64,0.27,0.65,1.02,6.2
33.9,Monday,1,2.78,1,22.5,1,2.1,4,7.4,1,6.3,5.41,3.38,0.21,1.78,0.32,10.98
15.8,Monday,0,0.0,1,22.7,1,3.7,6,4.4,0,8.0,0.0,3.4,0.37,1.58,0.0,5.37
35.7,Wednesday,1,3.95,1,20.2,1,2.7,4,8.4,1,6.7,8.68,3.03,0.27,2.02,0.34,14.48
21.3,Monday,1,1.12,1,19.7,1,3.9,5,6.2,3,2.0,1.57,2.95,0.39,1.86,0.3,7.08
28.2,Friday,1,5.08,1,20.0,2,2.7,4,3.0,3,3.3,7.11,3.0,0.54,0.72,0.5,12.01
24.4,Thursday,1,4.38,1,21.3,1,3.7,3,2.7,2,4.3,6.13,3.2,0.37,0.49,0.43,10.56
23.5,Friday,2,2.89,1,20.7,1,3.0,5,5.0,3,10.0,4.05,3.1,0.3,1.5,1.5,10.49
35.8,Saturday,1,6.06,1,20.4,1,2.7,4,7.9,1,7.3,13.4,3.06,0.27,1.9,0.36,19.0
27.7,Monday,1,3.19,1,22.1,1,2.0,4,8.9,3,7.1,4.47,3.32,0.2,2.14,1.06,11.35
31.7,Sunday,0,0.0,1,21.7,1,3.1,4,4.3,1,6.2,0.0,3.26,0.31,1.03,0.31,4.97
29.8,Wednesday,0,0.0,1,18.6,1,3.7,3,2.3,1,4.2,0.0,2.79,0.37,0.41,0.21,3.68
32.4,Saturday,1,2.29,1,21.3,2,2.3,5,13.4,1,3.1,3.98,3.2,0.46,4.02,0.16,11.89
30.4,Sunday,1,4.62,1,21.7,1,3.0,6,11.3,2,8.0,6.73,3.26,0.3,4.07,0.8,15.02
23.6,Wednesday,1,4.12,1,20.4,1,2.4,6,4.9,2,9.3,5.77,3.06,0.24,1.76,0.93,11.82
35.0,Saturday,0,0.0,1,20.9,1,4.9,3,4.7,1,7.4,0.0,3.14,0.49,0.85,0.37,4.85
27.5,Thursday,1,4.66,1,19.5,1,3.3,4,4.2,3,5.0,6.52,2.92,0.33,1.01,0.75,11.55
22.2,Friday,1,2.13,1,18.2,1,3.1,5,2.4,2,5.2,2.98,2.73,0.31,0.72,0.52,7.25
27.9,Tuesday,1,4.68,1,22.8,1,2.5,4,4.5,1,7.4,6.55,3.42,0.25,1.08,0.37,11.58
37.5,Friday,0,0.0,1,18.0,1,3.9,4,1.7,2,5.8,0.0,2.7,0.39,0.41,0.58,3.97
34.3,Monday,0,0.0,1,22.5,1,3.0,6,6.1,2,5.7,0.0,3.38,0.3,2.2,0.57,6.61
28.3,Sunday,1,4.44,1,19.9,1,2.9,4,4.3,2,4.9,6.22,2.98,0.29,1.03,0.49,11.29
28.3,Tuesday,0,0.0,1,21.9,1,2.9,4,3.9,2,4.7,0.0,3.28,0.29,0.94,0.47,5.02
28.4,Wednesday,2,5.15,1,20.0,1,1.9,1,1.9,2,5.8,7.21,3.0,0.19,0.11,0.58,11.09
40.4,Thursday,1,5.65,1,21.4,1,4.5,2,3.2,1,2.8,16.14,3.21,0.45,0.38,0.14,20.14
31.9,Thursday,0,0.0,1,20.7,1,3.9,1,0.9,2,7.2,0.0,3.1,0.39,0.05,0.72,4.0
32.2,Wednesday,0,0.0,1,19.0,1,3.0,6,9.3,3,2.3,0.0,2.85,0.3,3.35,0.34,6.6
35.2,Monday,1,5.46,1,20.2,1,2.9,4,8.8,0,8.1,11.61,3.03,0.29,2.11,0.0,17.12
31.2,Wednesday,0,0.0,1,19.8,1,2.1,4,3.1,3,4.9,0.0,2.97,0.21,0.74,0.74,4.39
28.7,Saturday,2,5.69,1,21.0,1,1.5,5,2.3,2,5.8,7.97,3.15,0.15,0.69,0.58,12.64
29.0,Sunday,2,3.52,1,20.2,1,2.1,4,2.4,1,7.1,4.93,3.03,0.21,0.58,0.36,8.95
29.6,Sunday,1,4.97,1,20.4,1,4.1,4,6.3,3,5.4,6.96,3.06,0.41,1.51,0.81,12.77
29.8,Monday,1,5.59,1,18.5,1,2.6,3,7.0,2,4.5,7.83,2.78,0.26,1.26,0.45,12.52
33.6,Tuesday,0,0.0,1,18.1,1,4.1,5,9.5,1,6.6,0.0,2.72,0.41,2.85,0.33,6.15
30.3,Wednesday,1,5.65,1,20.1,1,3.0,2,4.4,1,10.4,8.15,3.02,0.3,0.53,0.52,12.31
33.7,Monday,1,4.63,1,20.3,1,2.1,2,0.0,1,7.6,8.88,3.04,0.21,0.0,0.38,12.25
29.6,Sunday,1,3.08,1,18.4,1,2.3,2,1.6,2,4.5,4.31,2.76,0.23,0.19,0.45,7.78
30.4,Tuesday,1,3.45,1,20.9,1,3.2,3,1.8,2,5.3,5.02,3.14,0.32,0.32,0.53,9.66
20.0,Wednesday,1,2.15,1,20.9,1,1.4,3,5.1,3,5.0,3.01,3.14,0.14,0.92,0.75,8.16
34.6,Thursday,1,4.48,1,20.2,1,2.2,5,6.0,1,3.9,9.15,3.03,0.22,1.8,0.2,14.43
31.7,Wednesday,0,0.0,1,20.0,0,2.5,3,0.0,1,7.2,0.0,3.0,0.0,0.0,0.36,3.31
35.0,Friday,1,4.77,1,18.1,2,3.8,5,9.2,0,5.3,10.02,2.72,0.76,2.76,0.0,16.17
15.5,Wednesday,1,4.02,1,18.1,1,3.3,2,4.2,2,6.6,5.63,2.72,0.33,0.5,0.66,9.86
40.4,Friday,2,4.97,1,20.6,1,3.2,2,5.3,3,0.8,14.2,3.09,0.32,0.64,0.12,18.28
29.3,Tuesday,0,0.0,1,18.8,2,3.5,4,5.8,2,7.4,0.0,2.82,0.7,1.39,0.74,5.56
35.5,Wednesday,1,4.37,1,18.9,1,4.0,6,10.5,1,4.8,9.49,2.83,0.4,3.78,0.24,16.81
24.8,Tuesday,1,2.01,1,20.4,1,3.1,6,3.4,3,4.0,2.81,3.06,0.31,1.22,0.6,7.85
33.1,Tuesday,0,0.0,1,23.1,1,2.0,6,1.4,2,3.3,0.0,3.47,0.2,0.5,0.33,4.13
24.7,Sunday,1,3.6,1,19.4,0,3.2,5,10.8,0,4.2,5.04,2.91,0.0,3.24,0.0,11.1
26.9,Monday,1,3.99,1,23.1,1,2.2,5,8.5,2,5.1,5.59,3.47,0.22,2.55,0.51,12.56
39.6,Tuesday,2,4.68,1,19.9,0,0.9,4,8.7,1,7.8,12.84,2.98,0.0,2.09,0.39,18.06
29.0,Tuesday,0,0.0,1,20.8,2,3.2,4,4.7,1,5.1,0.0,3.12,0.64,1.13,0.26,4.96
31.1,Sunday,1,2.85,1,21.4,1,3.5,2,5.8,1,8.0,4.43,3.21,0.35,0.7,0.4,8.99
34.4,Sunday,1,4.51,1,21.5,1,3.3,4,6.2,2,6.6,9.09,3.22,0.33,1.49,0.66,14.55
32.5,Wednesday,2,3.7,1,20.5,1,3.5,3,2.5,2,9.6,6.48,3.08,0.35,0.45,0.96,11.55
30.8,Sunday,1,4.26,1,19.7,1,4.1,4,4.5,1,5.0,6.44,2.95,0.41,1.08,0.25,11.14
31.8,Wednesday,2,3.21,1,21.2,0,2.0,4,1.1,1,6.8,5.3,3.18,0.0,0.26,0.34,8.81
42.0,Thursday,2,5.73,1,20.6,1,2.6,2,1.4,2,8.5,17.64,3.09,0.26,0.17,0.85,21.99
29.7,Sunday,1,4.16,1,19.3,1,1.7,3,3.2,3,7.3,5.82,2.9,0.17,0.58,1.1,10.56
31.0,Monday,2,2.87,1,22.1,1,3.4,2,4.7,2,5.7,4.42,3.32,0.34,0.56,0.57,9.17
35.3,Tuesday,2,5.67,1,20.7,1,4.2,6,7.7,1,5.0,12.15,3.1,0.42,2.77,0.25,18.67
35.5,Monday,1,4.01,1,18.9,0,2.5,2,4.1,1,2.1,8.7,2.83,0.0,0.49,0.11,12.11
35.9,Friday,1,4.22,1,18.7,1,3.7,3,3.8,1,5.5,9.4,2.8,0.37,0.68,0.28,13.58
33.2,Sunday,1,5.3,1,22.9,1,2.2,6,3.9,1,4.2,9.79,3.43,0.22,1.4,0.21,15.11
24.3,Tuesday,1,4.7,1,19.3,1,3.6,4,6.8,2,4.9,6.58,2.9,0.36,1.63,0.49,11.74
38.2,Monday,0,0.0,1,21.1,1,0.8,2,1.5,2,6.1,0.0,3.16,0.08,0.18,0.61,4.04
24.3,Sunday,1,3.81,1,20.6,1,4.5,3,3.2,2,2.9,5.33,3.09,0.45,0.58,0.29,9.77
31.5,Sunday,1,5.01,1,21.1,1,1.9,2,5.4,2,4.0,8.06,3.16,0.19,0.65,0.4,12.37
26.2,Thursday,1,5.07,1,22.9,1,3.2,3,5.2,1,6.8,7.1,3.43,0.32,0.94,0.34,12.39
29.7,Thursday,0,0.0,1,21.5,1,4.4,2,1.6,1,3.5,0.0,3.22,0.44,0.19,0.18,4.02
31.6,Tuesday,2,4.79,1,21.3,1,1.8,4,7.3,2,5.9,7.78,3.2,0.18,1.75,0.59,13.58
31.6,Friday,1,3.31,1,19.7,1,4.8,5,3.5,1,3.2,5.37,2.95,0.48,1.05,0.16,9.94
32.1,Thursday,0,0.0,1,19.0,0,5.1,4,0.7,1,7.1,0.0,2.85,0.0,0.17,0.36,3.33
38.1,Thursday,1,5.47,1,23.6,1,3.7,4,8.2,1,7.3,13.86,3.54,0.37,1.97,0.36,20.15
32.3,Friday,1,3.47,1,19.9,1,3.0,3,4.6,1,8.5,5.98,2.98,0.3,0.83,0.43,10.31
28.8,Monday,2,3.12,1,19.8,1,2.8,3,3.6,1,8.5,4.37,2.97,0.28,0.65,0.43,8.81
34.8,Thursday,0,0.0,1,20.4,1,3.6,5,1.1,2,6.5,0.0,3.06,0.36,0.33,0.65,4.22
35.9,Wednesday,1,4.46,1,20.3,1,3.7,2,2.2,3,2.5,9.92,3.04,0.37,0.26,0.38,14.1
23.9,Saturday,2,3.88,1,22.4,0,1.0,6,8.8,1,6.0,5.43,3.36,0.0,3.17,0.3,12.22
33.0,Saturday,2,2.99,1,20.8,1,2.7,4,2.2,1,6.9,5.45,3.12,0.27,0.53,0.34,10.02
33.5,Thursday,1,3.43,1,18.0,1,2.4,5,6.8,2,6.2,6.48,2.7,0.24,2.04,0.62,12.23
28.5,Monday,1,5.69,1,19.0,1,2.3,3,7.1,1,9.3,7.97,2.85,0.23,1.28,0.47,12.95
36.9,Sunday,0,0.0,1,20.0,2,2.3,3,4.5,1,8.6,0.0,3.0,0.46,0.81,0.43,4.72
29.2,Monday,1,3.89,1,21.5,1,1.7,5,8.6,1,6.1,5.45,3.22,0.17,2.58,0.3,11.87
30.6,Tuesday,1,4.46,1,17.7,2,4.5,5,5.2,1,7.5,6.61,2.66,0.9,1.56,0.38,12.22
29.1,Wednesday,0,0.0,1,20.7,1,2.4,3,1.9,2,3.1,0.0,3.1,0.24,0.34,0.31,3.7
30.1,Monday,2,5.58,1,21.1,0,2.9,6,5.8,2,6.4,7.89,3.16,0.0,2.09,0.64,13.65
24.5,Friday,0,0.0,1,21.3,1,2.7,2,4.1,1,3.5,0.0,3.2,0.27,0.49,0.18,4.0
22.8,Wednesday,1,3.37,1,19.9,1,2.5,2,2.5,1,5.6,4.72,2.98,0.25,0.3,0.28,8.41
38.0,Saturday,2,6.08,1,21.6,1,3.4,4,4.8,1,4.6,15.32,3.24,0.34,1.15,0.23,20.24
25.8,Wednesday,0,0.0,1,18.8,0,2.7,5,5.0,1,4.7,0.0,2.82,0.0,1.5,0.24,4.64
25.0,Friday,2,5.61,1,21.4,1,3.6,6,2.9,3,4.4,7.85,3.21,0.36,1.04,0.66,13.3
19.2,Thursday,2,2.94,1,19.9,1,4.6,4,9.0,2,5.2,4.12,2.98,0.46,2.16,0.52,10.33
26.8,Friday,1,6.04,1,20.1,1,1.9,1,1.2,2,4.9,8.46,3.02,0.19,0.07,0.49,12.42
23.4,Friday,0,0.0,1,20.0,1,3.3,4,3.9,2,7.3,0.0,3.0,0.33,0.94,0.73,4.84
38.2,Thursday,1,6.85,1,21.0,1,3.3,3,4.2,2,5.5,17.45,3.15,0.33,0.76,0.55,22.16
35.0,Thursday,1,5.68,1,18.3,1,1.8,4,3.9,2,5.9,11.92,2.74,0.18,0.94,0.59,16.33
26.6,Thursday,1,3.26,1,21.3,1,3.6,4,6.2,0,6.6,4.56,3.2,0.36,1.49,0.0,9.51
41.3,Thursday,1,4.01,1,21.3,1,2.7,2,1.8,1,6.6,11.95,3.2,0.27,0.22,0.33,15.8
34.9,Thursday,2,2.5,1,19.5,1,4.6,4,5.7,2,3.9,5.21,2.92,0.46,1.37,0.39,10.41
28.4,Friday,0,0.0,1,20.0,1,4.0,4,5.2,1,5.5,0.0,3.0,0.4,1.25,0.28,4.82
17.5,Tuesday,1,2.68,1,18.7,1,3.0,5,12.9,3,6.5,3.75,2.8,0.3,3.87,0.98,11.82
41.5,Tuesday,0,0.0,1,18.3,1,2.8,4,10.4,2,4.2,0.0,2.74,0.28,2.5,0.42,5.76
23.1,Monday,1,3.16,1,20.3,1,4.7,2,3.7,3,4.0,4.42,3.04,0.47,0.44,0.6,9.1
21.8,Tuesday,2,2.91,1,20.3,1,2.4,3,3.8,1,3.7,4.07,3.04,0.24,0.68,0.19,8.25
35.1,Saturday,1,5.37,1,19.5,1,3.3,3,5.6,3,6.4,11.36,2.92,0.33,1.01,0.96,16.61
42.2,Tuesday,0,0.0,1,18.1,1,2.9,2,3.7,1,5.4,0.0,2.72,0.29,0.44,0.27,3.76
36.9,Friday,1,6.88,1,20.7,1,4.2,5,5.1,3,5.7,16.27,3.1,0.42,1.53,0.86,22.17
32.8,Thursday,1,4.1,1,19.5,1,4.3,6,1.4,1,2.4,7.35,2.92,0.43,0.5,0.12,11.31
33.0,Thursday,1,5.42,1,18.9,1,3.5,5,0.3,2,6.1,9.87,2.83,0.35,0.09,0.61,13.71
34.3,Sunday,1,4.28,1,21.9,1,2.5,4,5.0,2,6.2,8.57,3.28,0.25,1.2,0.62,13.96
33.8,Sunday,1,4.49,1,18.5,1,2.8,4,4.0,2,6.5,8.68,2.78,0.28,0.96,0.65,13.43
31.4,Sunday,2,5.48,1,20.8,1,1.8,3,2.9,2,8.9,8.74,3.12,0.18,0.52,0.89,13.38
30.5,Friday,2,4.44,1,17.8,2,3.2,6,4.8,3,4.5,6.53,2.67,0.64,1.73,0.68,12.46
29.7,Saturday,1,5.68,1,17.8,1,2.2,6,4.6,2,7.0,7.95,2.67,0.22,1.66,0.7,13.15
26.2,Tuesday,2,3.1,1,20.7,1,5.2,4,7.1,2,6.7,4.34,3.1,0.52,1.7,0.67,10.22
28.6,Friday,1,2.73,1,19.5,1,2.5,3,0.0,1,6.9,3.82,2.92,0.25,0.0,0.34,7.31
21.5,Monday,1,1.96,1,18.2,1,4.0,5,8.6,2,5.4,2.74,2.73,0.4,2.58,0.54,8.88
29.5,Thursday,0,0.0,1,21.4,1,4.5,2,2.3,2,7.5,0.0,3.21,0.45,0.28,0.75,4.76
25.1,Sunday,1,4.62,1,20.6,1,3.8,5,11.5,2,4.5,6.47,3.09,0.38,3.45,0.45,13.82
24.5,Wednesday,1,3.47,1,16.8,1,2.5,5,7.6,0,5.1,4.86,2.52,0.25,2.28,0.0,10.02
30.9,Monday,0,0.0,1,21.4,1,2.4,2,0.4,2,5.6,0.0,3.21,0.24,0.05,0.56,4.05
37.0,Sunday,1,5.98,1,18.4,1,5.9,6,0.5,0,5.5,14.23,2.76,0.59,0.18,0.0,17.75
34.6,Saturday,1,4.31,1,17.4,1,5.0,6,3.4,0,6.7,8.8,2.61,0.5,1.22,0.0,13.07
22.1,Monday,1,1.98,1,18.8,1,3.3,6,9.1,2,6.5,2.77,2.82,0.33,3.28,0.65,9.97
25.1,Friday,1,2.12,1,19.9,2,2.7,4,0.8,1,6.5,2.97,2.98,0.54,0.19,0.32,6.96
34.7,Tuesday,2,3.29,1,20.1,1,2.1,3,4.2,1,8.6,6.78,3.02,0.21,0.76,0.43,11.24
25.1,Thursday,0,0.0,1,17.5,1,2.4,4,7.2,2,5.6,0.0,2.62,0.24,1.73,0.56,5.31
28.9,Saturday,1,3.11,1,17.9,1,3.7,4,3.9,1,8.1,4.35,2.68,0.37,0.94,0.4,8.73
32.8,Saturday,1,5.52,1,18.9,1,5.3,3,2.2,1,3.9,9.89,2.83,0.53,0.4,0.2,13.84
25.2,Wednesday,1,2.57,1,19.0,1,2.9,4,0.0,1,5.7,3.6,2.85,0.29,0.0,0.29,7.0
30.5,Monday,1,3.47,1,21.1,1,4.2,5,11.7,2,5.9,5.1,3.16,0.42,3.51,0.59,12.81
23.3,Wednesday,0,0.0,1,19.4,1,3.9,2,5.1,2,3.4,0.0,2.91,0.39,0.61,0.34,4.37
27.0,Tuesday,2,3.48,1,21.1,1,2.7,3,6.4,2,6.1,4.87,3.16,0.27,1.15,0.61,10.18
31.6,Sunday,1,4.3,1,21.6,1,4.0,1,1.1,1,6.2,6.98,3.24,0.4,0.07,0.31,11.07
22.0,Tuesday,2,4.47,1,20.8,1,4.0,5,6.5,1,7.2,6.26,3.12,0.4,1.95,0.36,12.27
32.2,Sunday,1,4.47,1,15.4,0,3.9,4,7.2,1,7.0,7.64,2.31,0.0,1.73,0.35,12.04
29.9,Wednesday,1,4.92,1,19.5,1,2.6,2,2.9,2,3.4,6.89,2.92,0.26,0.35,0.34,10.97
32.8,Thursday,2,5.49,1,19.8,1,3.7,6,0.0,3,8.4,9.84,2.97,0.37,0.0,1.26,14.6
31.1,Tuesday,1,4.66,1,19.9,1,4.2,1,1.9,1,5.1,7.24,2.98,0.42,0.11,0.26,10.91
36.8,Wednesday,1,3.65,1,16.9,1,4.0,4,8.6,1,4.8,8.58,2.53,0.4,2.06,0.24,13.93
30.6,Monday,1,4.63,1,18.9,1,4.1,5,10.2,1,7.0,6.87,2.83,0.41,3.06,0.35,13.24
27.9,Wednesday,2,5.48,1,18.0,2,2.8,5,8.2,2,7.7,7.67,2.7,0.56,2.46,0.77,14.34
30.6,Wednesday,1,3.88,1,18.6,0,4.1,1,2.0,2,5.1,5.76,2.79,0.0,0.12,0.51,9.17
32.7,Friday,1,4.98,1,19.6,1,4.3,6,2.3,2,5.9,8.85,2.94,0.43,0.83,0.59,13.52
30.2,Tuesday,0,0.0,1,18.9,0,2.5,6,7.6,3,7.8,0.0,2.83,0.0,2.74,1.17,6.48
30.2,Thursday,2,3.79,1,18.7,1,1.6,4,3.6,2,4.1,5.42,2.8,0.16,0.86,0.41,9.63
26.5,Thursday,0,0.0,1,19.7,1,4.6,4,9.2,1,0.4,0.0,2.95,0.46,2.21,0.02,5.82
26.7,Friday,1,3.52,1,19.3,1,2.5,1,1.5,1,7.1,4.93,2.9,0.25,0.09,0.36,8.57
23.0,Sunday,1,4.01,1,20.3,2,2.3,4,4.9,2,7.8,5.61,3.04,0.46,1.18,0.78,11.01
38.7,Saturday,1,4.57,1,19.4,2,3.2,4,2.6,2,2.8,11.97,2.91,0.64,0.62,0.28,16.39
23.8,Sunday,1,3.7,1,17.6,1,2.7,5,3.1,2,6.0,5.18,2.64,0.27,0.93,0.6,9.82
26.5,Thursday,0,0.0,1,18.5,1,1.1,4,2.3,2,5.0,0.0,2.78,0.11,0.55,0.5,4.04
26.4,Wednesday,1,1.99,1,19.5,1,3.9,5,9.2,2,6.3,2.79,2.92,0.39,2.76,0.63,9.48
34.5,Friday,1,5.22,1,19.3,1,3.9,2,3.5,3,1.9,10.6,2.9,0.39,0.42,0.29,14.74
28.5,Monday,2,4.75,1,17.9,1,2.0,2,3.0,2,3.5,6.65,2.68,0.2,0.36,0.35,10.36
36.2,Tuesday,0,0.0,1,21.0,0,3.0,2,3.7,2,6.9,0.0,3.15,0.0,0.44,0.69,4.15
26.6,Tuesday,2,3.86,1,20.5,1,2.0,1,0.8,1,5.7,5.4,3.08,0.2,0.05,0.29,8.97
31.4,Tuesday,1,3.23,1,19.1,1,2.1,4,0.4,2,9.0,5.15,2.86,0.21,0.1,0.9,9.43
25.8,Wednesday,2,3.06,1,19.8,1,2.4,5,8.9,3,7.2,4.28,2.97,0.24,2.67,1.08,11.34
40.7,Monday,1,5.36,1,18.4,2,3.5,4,5.2,1,4.1,15.53,2.76,0.7,1.25,0.2,20.71
24.1,Friday,1,6.11,1,21.3,2,5.0,4,7.6,2,7.4,8.55,3.2,1.0,1.82,0.74,15.4
31.5,Friday,2,4.99,1,23.1,1,2.6,5,8.1,2,9.4,8.04,3.47,0.26,2.43,0.94,15.03
33.2,Tuesday,2,3.48,1,19.0,1,3.8,3,3.9,1,5.9,6.43,2.85,0.38,0.7,0.3,10.66
32.1,Monday,1,5.17,1,21.8,2,3.8,3,4.4,2,6.8,8.76,3.27,0.76,0.79,0.68,14.38
29.1,Monday,1,4.68,1,18.7,1,0.9,3,6.8,1,7.7,6.55,2.8,0.09,1.22,0.38,11.04
29.4,Monday,1,2.34,1,19.2,1,1.6,5,5.7,3,5.7,3.28,2.88,0.16,1.71,0.86,8.9
30.2,Thursday,1,3.85,1,22.2,1,5.0,2,3.6,2,1.8,5.5,3.33,0.5,0.43,0.18,10.25
29.3,Thursday,1,3.96,1,19.8,1,2.5,1,1.5,1,7.1,5.54,2.97,0.25,0.09,0.36,9.17
34.8,Tuesday,1,4.68,1,21.0,1,3.5,4,0.9,1,7.6,9.69,3.15,0.35,0.22,0.38,13.84
41.1,Monday,2,5.01,1,19.6,1,3.3,6,2.7,2,8.9,14.79,2.94,0.33,0.97,0.89,19.96
27.2,Saturday,0,0.0,1,17.3,2,0.9,4,5.2,1,3.8,0.0,2.6,0.18,1.25,0.19,4.36
23.2,Monday,1,2.77,1,23.5,1,2.3,5,5.0,0,3.9,3.88,3.52,0.23,1.5,0.0,9.17
29.6,Friday,0,0.0,1,19.7,1,3.7,5,3.5,2,4.6,0.0,2.95,0.37,1.05,0.46,4.85
42.9,Friday,1,4.85,1,20.2,0,2.1,4,8.2,1,5.7,15.55,3.03,0.0,1.97,0.29,21.14
26.0,Tuesday,0,0.0,1,18.9,1,2.6,5,1.7,1,7.1,0.0,2.83,0.26,0.51,0.36,3.94
38.2,Saturday,1,3.98,1,21.2,1,1.8,5,6.0,2,3.8,10.14,3.18,0.18,1.8,0.38,15.79
38.4,Monday,1,4.54,1,21.1,1,2.2,3,2.3,3,7.9,11.7,3.16,0.22,0.41,1.18,16.48
27.2,Sunday,2,3.59,1,17.7,1,2.5,3,7.0,2,7.8,5.03,2.66,0.25,1.26,0.78,9.98
32.8,Saturday,1,6.12,1,20.3,1,1.1,3,9.0,2,7.9,10.97,3.04,0.11,1.62,0.79,16.52
38.1,Tuesday,1,5.61,1,21.3,1,4.2,4,4.5,1,5.4,14.21,3.2,0.42,1.08,0.27,19.17
28.1,Friday,1,3.07,1,21.8,1,1.6,6,11.4,1,1.5,4.3,3.27,0.16,4.1,0.08,11.65
29.0,Sunday,2,4.49,1,21.0,1,2.8,3,6.5,1,9.2,6.29,3.15,0.28,1.17,0.46,11.3
27.1,Friday,1,2.93,1,21.1,1,2.3,3,5.8,2,4.8,4.1,3.16,0.23,1.04,0.48,8.88
24.9,Thursday,1,4.0,1,19.2,0,4.1,6,11.2,3,7.4,5.6,2.88,0.0,4.03,1.11,13.78
26.8,Tuesday,1,5.24,1,18.2,1,1.8,4,0.6,2,6.2,7.34,2.73,0.18,0.14,0.62,10.88
23.9,Tuesday,2,1.88,1,19.5,1,2.2,4,8.5,3,8.3,2.63,2.92,0.22,2.04,1.25,9.15
30.2,Monday,0,0.0,1,18.1,1,1.7,6,9.4,2,5.9,0.0,2.72,0.17,3.38,0.59,6.96
26.2,Monday,1,4.01,1,18.9,1,0.6,4,4.7,1,6.1,5.61,2.83,0.06,1.13,0.3,9.84
31.2,Thursday,2,3.83,1,18.9,1,3.5,5,6.4,2,6.4,6.0,2.83,0.35,1.92,0.64,11.61
22.2,Sunday,1,3.73,1,18.6,1,3.0,2,3.0,1,6.8,5.22,2.79,0.3,0.36,0.34,8.97
31.7,Wednesday,1,4.21,1,20.8,0,3.2,2,2.3,0,3.5,6.89,3.12,0.0,0.28,0.0,10.23
34.2,Saturday,1,2.61,1,18.5,1,3.8,4,4.4,2,9.8,5.18,2.78,0.38,1.06,0.98,10.23
20.0,Wednesday,1,3.88,1,22.8,1,3.1,4,2.7,2,5.9,5.43,3.42,0.31,0.65,0.59,10.36
31.9,Wednesday,1,2.87,1,21.5,1,2.6,6,10.0,2,7.2,4.78,3.22,0.26,3.6,0.72,12.63
36.1,Tuesday,1,4.89,1,21.8,1,3.3,6,7.4,2,9.0,11.03,3.27,0.33,2.66,0.9,18.01
24.0,Saturday,1,3.26,1,19.0,1,2.5,6,4.8,1,6.0,4.56,2.85,0.25,1.73,0.3,9.66
38.4,Tuesday,1,7.73,1,20.3,1,4.1,3,4.2,2,4.0,19.91,3.04,0.41,0.76,0.4,24.44
32.1,Saturday,2,4.2,1,18.4,1,2.6,6,8.2,2,3.9,7.11,2.76,0.26,2.95,0.39,13.48
26.5,Friday,0,0.0,1,20.3,2,2.9,5,8.4,1,5.1,0.0,3.04,0.58,2.52,0.26,6.68
29.7,Tuesday,1,4.71,1,17.3,1,3.6,3,3.9,2,6.7,6.59,2.6,0.36,0.7,0.67,10.69
32.8,Tuesday,1,4.75,1,21.6,1,5.3,5,8.7,2,6.9,8.51,3.24,0.53,2.61,0.69,15.56
30.4,Tuesday,1,4.16,1,19.0,1,2.0,1,1.2,2,8.3,6.05,2.85,0.2,0.07,0.83,10.04
32.7,Sunday,1,3.29,1,20.5,2,1.8,2,2.4,3,2.9,5.85,3.08,0.36,0.29,0.43,9.93
25.4,Thursday,1,3.69,1,20.7,1,2.8,5,7.6,3,6.4,5.17,3.1,0.28,2.28,0.96,11.85
30.8,Tuesday,2,2.25,1,19.2,1,2.3,4,6.4,3,7.2,3.4,2.88,0.23,1.54,1.08,8.91
22.9,Monday,1,4.03,1,18.8,1,3.7,3,6.4,1,7.2,5.64,2.82,0.37,1.15,0.36,10.29
29.4,Monday,2,7.11,1,19.8,1,3.2,4,8.1,0,1.2,9.95,2.97,0.32,1.94,0.0,14.78
25.5,Saturday,2,3.97,1,21.2,1,1.9,6,7.8,1,5.3,5.56,3.18,0.19,2.81,0.26,11.96
26.3,Friday,0,0.0,1,19.8,0,3.7,4,1.6,1,7.6,0.0,2.97,0.0,0.38,0.38,3.55
36.2,Thursday,1,2.85,1,20.9,1,4.8,3,5.4,3,4.4,6.46,3.14,0.48,0.97,0.66,11.76
35.5,Sunday,2,3.66,1,21.2,1,2.2,2,3.4,2,3.6,7.94,3.18,0.22,0.41,0.36,12.32
33.0,Saturday,2,5.38,1,19.7,1,3.3,3,4.4,1,7.1,9.79,2.95,0.33,0.79,0.36,14.26
24.5,Monday,0,0.0,1,19.8,1,0.8,6,11.1,1,6.6,0.0,2.97,0.08,4.0,0.33,7.37
28.4,Thursday,0,0.0,1,20.2,0,2.6,4,4.4,1,6.5,0.0,3.03,0.0,1.06,0.32,4.33
36.1,Thursday,0,0.0,1,21.7,2,3.3,4,1.1,2,4.7,0.0,3.26,0.66,0.26,0.47,4.61
30.7,Friday,2,5.07,1,19.5,1,2.9,4,3.0,2,3.4,7.6,2.92,0.29,0.72,0.34,11.83
41.6,Thursday,0,0.0,1,21.7,1,3.1,6,0.0,3,7.9,0.0,3.26,0.31,0.0,1.18,4.75
32.0,Tuesday,1,4.45,1,20.4,1,2.2,4,6.5,3,12.7,7.48,3.06,0.22,1.56,1.9,14.29
31.0,Thursday,2,4.37,1,18.9,2,4.3,5,6.4,1,2.8,6.73,2.83,0.86,1.92,0.14,12.36
28.5,Friday,0,0.0,1,19.9,1,2.6,3,5.7,1,8.0,0.0,2.98,0.26,1.03,0.4,4.84
30.7,Saturday,1,4.14,1,18.3,1,1.8,1,1.8,1,5.7,6.21,2.74,0.18,0.11,0.29,9.5
29.2,Friday,1,4.34,1,18.0,1,3.0,6,6.0,1,6.6,6.08,2.7,0.3,2.16,0.33,11.57
33.5,Sunday,2,4.34,1,20.9,1,3.9,6,4.7,3,5.9,8.21,3.14,0.39,1.69,0.89,14.51
34.8,Friday,1,2.36,1,21.2,1,3.6,6,4.8,2,10.4,4.88,3.18,0.36,1.73,1.04,10.87
26.1,Monday,1,5.33,1,20.0,1,2.5,6,15.7,2,4.4,7.46,3.0,0.25,5.65,0.44,16.42
23.3,Tuesday,1,2.63,1,20.1,1,4.8,5,6.2,2,4.8,3.68,3.02,0.48,1.86,0.48,9.58
20.8,Monday,1,3.49,1,19.1,1,2.9,5,5.8,0,6.2,4.89,2.86,0.29,1.74,0.0,9.78
32.5,Saturday,0,0.0,1,20.3,1,1.3,5,7.6,1,7.1,0.0,3.04,0.13,2.28,0.36,6.03
24.5,Wednesday,1,3.3,1,23.0,0,3.6,4,1.1,2,8.7,4.62,3.45,0.0,0.26,0.87,9.03
19.2,Saturday,1,3.5,1,21.5,1,2.9,2,2.1,2,7.0,4.9,3.22,0.29,0.25,0.7,9.43
31.9,Tuesday,2,3.48,1,19.9,1,2.9,3,2.3,1,6.5,5.8,2.98,0.29,0.41,0.32,9.75
42.5,Thursday,2,7.93,1,19.8,1,3.9,6,3.7,2,5.1,24.98,2.97,0.39,1.33,0.51,30.32
30.0,Friday,1,3.89,1,19.4,0,2.7,3,3.5,2,7.0,5.45,2.91,0.0,0.63,0.7,9.36
34.2,Wednesday,1,5.51,1,17.9,1,2.7,6,8.2,2,4.6,10.95,2.68,0.27,2.95,0.46,17.27
30.4,Tuesday,1,3.05,1,19.3,1,1.7,2,1.0,2,6.4,4.44,2.9,0.17,0.12,0.64,8.38
29.5,Monday,2,4.86,1,21.0,1,2.5,3,3.3,2,5.6,6.8,3.15,0.25,0.59,0.56,11.23
34.6,Friday,1,3.72,1,18.6,1,3.2,3,4.2,2,4.0,7.61,2.79,0.32,0.76,0.4,11.87
28.5,Saturday,1,2.63,1,19.6,1,2.4,2,3.3,2,9.1,3.68,2.94,0.24,0.4,0.91,8.18
31.3,Monday,1,3.13,1,18.3,1,1.3,2,2.3,3,4.0,4.95,2.74,0.13,0.28,0.6,8.75
31.6,Tuesday,1,3.38,1,21.2,1,3.7,2,3.1,1,5.2,5.49,3.18,0.37,0.37,0.26,9.51
26.7,Tuesday,1,4.0,1,18.1,2,3.7,5,5.5,2,2.8,5.6,2.72,0.74,1.65,0.28,10.92
35.0,Saturday,1,7.84,1,20.9,2,3.7,2,4.4,1,5.7,16.47,3.14,0.74,0.53,0.29,21.24
29.1,Wednesday,0,0.0,1,21.5,1,2.1,3,5.1,1,6.9,0.0,3.22,0.21,0.92,0.34,4.8
26.2,Saturday,1,3.55,1,19.5,1,3.0,1,0.9,2,4.2,4.97,2.92,0.3,0.05,0.42,8.69
32.7,Thursday,1,5.43,1,19.0,1,3.2,5,5.0,3,2.4,9.65,2.85,0.32,1.5,0.36,14.63
25.5,Monday,0,0.0,1,20.7,0,3.6,4,6.4,1,5.2,0.0,3.1,0.0,1.54,0.26,4.91
30.1,Wednesday,1,1.98,1,22.4,0,3.6,4,3.9,1,5.7,2.8,3.36,0.0,0.94,0.29,7.52
30.0,Friday,1,4.19,1,22.0,1,1.6,3,0.1,1,5.5,5.87,3.3,0.16,0.02,0.28,9.66
35.4,Sunday,1,5.22,1,19.9,2,4.7,3,4.6,2,9.2,11.26,2.98,0.94,0.83,0.92,16.75
32.4,Thursday,1,5.2,1,18.7,1,1.8,5,5.4,1,6.7,9.03,2.8,0.18,1.62,0.34,13.8
29.9,Wednesday,1,5.27,1,19.7,1,1.4,5,8.9,1,6.5,7.38,2.95,0.14,2.67,0.32,13.47
34.1,Sunday,1,4.12,1,17.5,1,0.1,2,2.7,2,6.7,8.14,2.62,0.01,0.32,0.67,11.51
37.0,Sunday,1,4.81,1,19.2,0,3.7,4,7.1,0,6.6,11.44,2.88,0.0,1.7,0.0,16.14
32.8,Monday,0,0.0,1,20.7,1,4.4,3,9.0,2,5.1,0.0,3.1,0.44,1.62,0.51,5.53
30.1,Tuesday,2,5.41,1,19.4,0,2.4,2,4.4,2,4.1,7.65,2.91,0.0,0.53,0.41,11.33
23.4,Friday,1,2.81,1,19.1,1,1.2,5,5.5,1,10.9,3.93,2.86,0.12,1.65,0.55,9.36
24.7,Saturday,1,3.93,1,19.9,1,3.9,4,6.5,2,5.7,5.5,2.98,0.39,1.56,0.57,10.92
28.5,Monday,0,0.0,1,19.6,1,1.7,3,4.2,2,6.0,0.0,2.94,0.17,0.76,0.6,4.51
27.0,Thursday,1,4.06,1,21.1,1,3.6,3,4.5,2,6.1,5.68,3.16,0.36,0.81,0.61,10.71
29.1,Sunday,1,3.45,1,18.0,1,2.1,6,1.7,2,4.5,4.83,2.7,0.21,0.61,0.45,9.02
30.3,Thursday,1,4.19,1,20.8,1,2.6,5,10.2,1,6.4,6.05,3.12,0.26,3.06,0.32,12.72
32.6,Sunday,1,4.95,1,19.9,1,3.3,6,0.0,2,3.4,8.73,2.98,0.33,0.0,0.34,12.41
29.6,Tuesday,0,0.0,1,20.7,2,3.3,4,5.3,2,7.4,0.0,3.1,0.66,1.27,0.74,5.75
32.4,Tuesday,1,3.05,1,17.9,1,3.1,4,0.6,1,5.5,5.29,2.68,0.31,0.14,0.28,9.06
30.3,Friday,2,6.34,1,21.3,1,4.5,3,2.6,1,8.3,9.15,3.2,0.45,0.47,0.42,13.39
20.1,Saturday,2,3.53,1,20.8,1,4.7,2,2.9,1,7.0,4.94,3.12,0.47,0.35,0.35,9.21
25.3,Friday,0,0.0,1,22.5,1,4.8,4,7.6,1,6.8,0.0,3.38,0.48,1.82,0.34,6.02
29.3,Tuesday,1,4.32,1,18.8,2,2.8,4,8.1,2,4.4,6.05,2.82,0.56,1.94,0.44,11.79
24.0,Tuesday,1,4.65,1,19.1,1,3.1,3,3.6,1,6.1,6.51,2.86,0.31,0.65,0.3,10.41
33.0,Thursday,0,0.0,1,17.3,1,4.4,5,10.0,1,7.5,0.0,2.6,0.44,3.0,0.38,6.14
37.7,Tuesday,1,5.48,1,18.8,1,2.3,2,2.6,2,6.2,13.58,2.82,0.23,0.31,0.62,17.33
36.1,Wednesday,0,0.0,1,22.2,1,2.6,3,2.6,1,3.3,0.0,3.33,0.26,0.47,0.16,4.35
28.9,Sunday,1,2.28,1,20.4,1,3.0,2,3.2,2,8.0,3.19,3.06,0.3,0.38,0.8,7.73
37.5,Monday,1,4.19,1,18.9,0,3.0,4,2.9,2,7.5,10.27,2.83,0.0,0.7,0.75,14.29
30.7,Tuesday,0,0.0,1,20.2,1,2.7,1,1.2,1,3.0,0.0,3.03,0.27,0.07,0.15,3.73
28.3,Friday,0,0.0,1,19.9,2,2.1,3,3.0,2,6.3,0.0,2.98,0.42,0.54,0.63,4.86
26.9,Saturday,2,4.21,1,17.1,1,3.9,4,1.2,2,7.6,5.89,2.56,0.39,0.29,0.76,9.94
28.5,Sunday,0,0.0,1,17.4,0,2.6,4,6.2,1,4.8,0.0,2.61,0.0,1.49,0.24,4.4
28.1,Sunday,1,4.96,1,21.7,1,3.2,4,5.7,1,3.3,6.94,3.26,0.32,1.37,0.16,12.06
30.9,Saturday,1,5.76,1,21.1,1,3.0,3,6.3,2,3.9,8.79,3.16,0.3,1.13,0.39,13.68
30.8,Saturday,1,2.7,1,17.8,1,3.7,4,0.4,3,5.8,4.08,2.67,0.37,0.1,0.87,7.82
30.0,Sunday,1,4.46,1,19.8,1,3.5,4,3.4,2,7.9,6.24,2.97,0.35,0.82,0.79,11.01
32.2,Wednesday,0,0.0,1,18.9,1,2.7,3,6.3,1,3.8,0.0,2.83,0.27,1.13,0.19,4.41
36.0,Friday,1,4.09,1,21.6,1,2.6,5,8.4,2,3.8,9.17,3.24,0.26,2.52,0.38,15.66
34.7,Wednesday,0,0.0,1,20.7,1,2.9,4,7.3,2,5.4,0.0,3.1,0.29,1.75,0.54,5.65
22.6,Tuesday,1,5.7,1,18.3,1,1.9,3,6.9,2,7.4,7.98,2.74,0.19,1.24,0.74,12.88
17.2,Monday,1,1.82,1,20.2,1,2.2,6,4.9,2,9.5,2.55,3.03,0.22,1.76,0.95,8.52
34.7,Saturday,1,3.38,1,19.9,1,3.5,5,3.8,2,6.2,6.95,2.98,0.35,1.14,0.62,12.06
23.2,Friday,0,0.0,1,19.9,1,3.3,6,11.4,2,4.7,0.0,2.98,0.33,4.1,0.47,7.79
28.9,Saturday,1,6.28,1,19.2,1,2.0,5,8.8,2,4.4,8.79,2.88,0.2,2.64,0.44,15.01
24.1,Wednesday,1,3.03,1,20.0,1,2.9,3,3.7,2,8.7,4.24,3.0,0.29,0.67,0.87,8.9
21.0,Thursday,2,5.53,1,18.7,1,1.4,3,3.7,1,3.5,7.74,2.8,0.14,0.67,0.18,11.58
32.7,Tuesday,1,4.52,1,18.2,1,3.1,5,3.4,2,6.4,8.04,2.73,0.31,1.02,0.64,12.51
33.8,Monday,1,2.27,1,18.1,1,2.7,6,14.3,3,8.6,4.39,2.72,0.27,5.15,1.29,13.64
27.1,Tuesday,1,5.49,1,18.4,0,5.1,4,10.7,1,5.7,7.69,2.76,0.0,2.57,0.29,13.2
17.0,Thursday,2,2.76,1,20.6,1,3.6,6,12.5,2,3.8,3.86,3.09,0.36,4.5,0.38,12.22
27.3,Monday,2,4.39,1,20.7,0,2.0,3,5.3,1,7.1,6.15,3.1,0.0,0.95,0.36,10.6
32.0,Thursday,1,2.53,1,22.2,1,2.0,4,6.9,2,6.2,4.25,3.33,0.2,1.66,0.62,9.93
22.6,Tuesday,1,2.9,1,19.7,1,3.6,6,9.3,2,6.9,4.06,2.95,0.36,3.35,0.69,11.2
30.9,Wednesday,1,2.65,1,21.1,1,3.9,5,0.8,1,7.2,4.04,3.16,0.39,0.24,0.36,8.37
29.9,Sunday,1,2.49,1,20.1,0,4.9,6,6.1,3,7.0,3.49,3.02,0.0,2.2,1.05,9.77
32.9,Tuesday,1,4.5,1,20.4,2,4.2,5,9.4,1,6.6,8.13,3.06,0.84,2.82,0.33,15.16
30.6,Tuesday,1,4.8,1,21.2,2,3.5,4,3.1,2,7.4,7.12,3.18,0.7,0.74,0.74,12.53
25.1,Tuesday,0,0.0,1,20.9,1,4.4,4,5.7,2,8.7,0.0,3.14,0.44,1.37,0.87,5.68
36.0,Friday,1,2.97,1,20.2,1,3.1,6,12.6,1,4.4,6.66,3.03,0.31,4.54,0.22,14.92
29.2,Thursday,2,2.79,1,19.1,1,3.0,4,8.5,1,5.5,3.91,2.86,0.3,2.04,0.28,9.48
29.9,Thursday,1,4.54,1,20.4,1,1.8,3,5.9,1,7.6,6.36,3.06,0.18,1.06,0.38,11.0
25.3,Saturday,1,3.89,1,22.0,1,4.5,4,6.1,2,5.9,5.45,3.3,0.45,1.46,0.59,11.24
27.8,Thursday,1,4.37,1,20.3,2,3.1,4,7.5,2,3.5,6.12,3.04,0.62,1.8,0.35,11.89
25.6,Saturday,2,5.29,1,19.4,2,2.9,2,2.3,1,6.7,7.41,2.91,0.58,0.28,0.34,11.72
29.1,Friday,2,4.68,1,21.2,2,2.2,5,12.3,1,5.0,6.55,3.18,0.44,3.69,0.25,14.17
38.6,Wednesday,1,5.34,1,17.9,1,4.2,2,0.5,1,10.2,13.91,2.68,0.42,0.06,0.51,17.66
23.1,Saturday,1,5.74,1,19.5,1,4.0,4,5.5,2,8.0,8.04,2.92,0.4,1.32,0.8,13.49
21.9,Tuesday,2,3.27,1,18.5,1,2.1,5,5.1,2,8.3,4.58,2.78,0.21,1.53,0.83,9.93
37.4,Wednesday,1,7.58,1,19.8,1,3.5,4,7.2,1,6.1,18.46,2.97,0.35,1.73,0.3,24.09
29.0,Sunday,1,5.53,1,21.9,1,3.8,5,5.5,2,6.6,7.74,3.28,0.38,1.65,0.66,13.66
26.7,Friday,1,3.61,1,21.0,1,1.8,3,8.8,1,5.3,5.05,3.15,0.18,1.58,0.26,10.25
35.2,Thursday,1,5.5,1,17.2,1,3.6,6,11.7,3,4.3,11.7,2.58,0.36,4.21,0.64,19.8
27.0,Saturday,1,3.71,1,19.1,1,3.4,3,2.0,3,4.2,5.19,2.86,0.34,0.36,0.63,9.58
39.1,Tuesday,2,3.13,1,17.8,1,3.6,1,0.0,2,10.3,8.37,2.67,0.36,0.0,1.03,12.49
33.4,Monday,1,4.42,1,21.6,1,5.0,6,3.4,3,6.8,8.29,3.24,0.5,1.22,1.02,14.04
27.6,Sunday,1,2.51,1,19.1,0,6.0,5,8.5,2,3.4,3.51,2.86,0.0,2.55,0.34,9.59
40.8,Monday,1,5.32,1,20.1,0,4.2,3,3.5,2,7.9,15.5,3.02,0.0,0.63,0.79,19.9
27.0,Wednesday,1,4.7,1,20.2,1,3.3,6,5.7,2,11.2,6.58,3.03,0.33,2.05,1.12,13.12
33.7,Thursday,1,4.21,1,20.3,1,3.6,4,3.4,1,2.9,8.07,3.04,0.36,0.82,0.14,12.58
31.5,Monday,0,0.0,1,15.7,1,3.4,6,11.3,1,7.2,0.0,2.36,0.34,4.07,0.36,7.1
36.5,Wednesday,1,4.93,1,20.5,0,5.4,4,4.5,1,3.8,11.38,3.08,0.0,1.08,0.19,15.76
37.8,Friday,1,5.79,1,19.2,1,3.1,4,4.2,2,8.3,14.44,2.88,0.31,1.01,0.83,19.48
30.2,Wednesday,1,4.27,1,21.3,1,2.6,4,8.0,1,1.7,6.1,3.2,0.26,1.92,0.08,11.51
26.2,Sunday,1,3.55,1,20.3,1,3.5,3,7.1,1,6.2,4.97,3.04,0.35,1.28,0.31,10.0
32.3,Wednesday,2,5.21,1,20.9,2,5.1,4,2.4,2,6.9,8.97,3.14,1.02,0.58,0.69,14.3
26.6,Sunday,1,4.04,1,18.9,1,2.0,4,8.5,1,3.2,5.66,2.83,0.2,2.04,0.16,10.72
40.1,Wednesday,0,0.0,1,18.3,1,2.3,1,1.3,2,6.9,0.0,2.74,0.23,0.08,0.69,3.82
30.7,Tuesday,0,0.0,1,21.3,1,2.3,3,5.8,3,5.1,0.0,3.2,0.23,1.04,0.76,5.42
28.2,Wednesday,1,3.5,1,20.8,1,1.8,3,5.3,2,9.4,4.9,3.12,0.18,0.95,0.94,9.98
30.9,Saturday,1,4.39,1,20.3,1,2.0,6,8.1,2,3.2,6.7,3.04,0.2,2.92,0.32,13.1
23.3,Wednesday,1,3.66,1,20.3,2,3.9,4,5.5,2,7.8,5.12,3.04,0.78,1.32,0.78,11.04
25.1,Tuesday,1,1.93,1,20.6,1,3.2,5,8.9,2,5.8,2.7,3.09,0.32,2.67,0.58,9.36
36.0,Tuesday,0,0.0,1,18.1,2,1.7,6,3.6,1,8.6,0.0,2.72,0.34,1.3,0.43,4.49
26.7,Friday,1,2.97,1,21.6,1,3.7,4,2.3,3,8.6,4.16,3.24,0.37,0.55,1.29,9.55
24.8,Sunday,1,3.8,1,19.8,1,3.3,6,16.0,1,5.5,5.32,2.97,0.33,5.76,0.28,14.93
32.7,Thursday,0,0.0,1,19.8,1,4.0,3,6.3,1,5.9,0.0,2.97,0.4,1.13,0.3,5.01
35.9,Monday,0,0.0,1,19.4,1,2.4,2,4.0,2,7.8,0.0,2.91,0.24,0.48,0.78,4.67
33.6,Monday,0,0.0,1,16.3,1,1.8,4,4.9,1,7.0,0.0,2.44,0.18,1.18,0.35,4.24
35.0,Wednesday,0,0.0,1,20.9,1,3.7,4,1.0,1,5.8,0.0,3.14,0.37,0.24,0.29,3.96
26.2,Friday,1,2.96,1,18.5,1,3.8,6,5.9,0,4.3,4.14,2.78,0.38,2.12,0.0,9.46
22.9,Wednesday,0,0.0,1,20.2,1,1.9,4,6.4,1,6.7,0.0,3.03,0.19,1.54,0.34,5.19
37.5,Monday,1,5.52,1,18.8,1,3.2,3,6.3,1,3.8,13.53,2.82,0.32,1.13,0.19,17.94
28.4,Sunday,0,0.0,1,19.5,1,2.4,5,8.1,1,7.3,0.0,2.92,0.24,2.43,0.36,5.69
28.7,Sunday,2,4.39,1,19.4,1,4.0,4,6.6,2,8.2,6.15,2.91,0.4,1.58,0.82,12.0
36.6,Sunday,2,4.55,1,18.7,1,3.7,2,2.4,2,4.3,10.57,2.8,0.37,0.29,0.43,14.39
32.8,Tuesday,1,3.12,1,19.7,1,4.2,4,7.1,1,5.2,5.59,2.95,0.42,1.7,0.26,11.01
32.3,Thursday,1,4.19,1,19.3,1,2.2,6,4.4,3,4.7,7.22,2.9,0.22,1.58,0.7,12.38
40.8,Friday,1,5.6,1,18.4,1,2.3,5,7.1,1,8.1,16.31,2.76,0.23,2.13,0.4,21.73
26.8,Tuesday,1,5.28,1,21.8,1,2.6,4,4.7,1,6.1,7.39,3.27,0.26,1.13,0.3,12.41
34.6,Thursday,0,0.0,1,18.8,0,2.5,3,6.9,1,5.3,0.0,2.82,0.0,1.24,0.26,4.41
30.3,Friday,1,3.59,1,20.8,2,3.4,2,0.0,2,7.3,5.18,3.12,0.68,0.0,0.73,9.82
31.3,Friday,1,3.59,1,21.0,1,1.9,4,4.9,2,5.0,5.68,3.15,0.19,1.18,0.5,10.69
37.6,Monday,2,4.82,1,21.4,1,4.5,5,7.5,2,5.6,11.88,3.21,0.45,2.25,0.56,18.38
32.5,Tuesday,0,0.0,1,19.2,1,4.7,3,0.3,2,3.8,0.0,2.88,0.47,0.05,0.38,3.84
32.7,Friday,2,5.7,1,19.7,1,4.1,3,5.5,2,7.7,10.13,2.95,0.41,0.99,0.77,15.3
35.4,Saturday,1,4.71,1,19.7,1,3.5,6,7.5,2,3.8,10.15,2.95,0.35,2.7,0.38,16.62
28.2,Sunday,0,0.0,1,20.8,1,2.9,5,3.5,3,8.9,0.0,3.12,0.29,1.05,1.34,5.63
25.8,Friday,1,4.44,1,19.6,1,3.2,4,8.0,1,6.5,6.22,2.94,0.32,1.92,0.32,12.0
24.8,Thursday,0,0.0,1,20.7,1,2.2,2,1.7,1,5.7,0.0,3.1,0.22,0.2,0.29,3.78
20.2,Monday,1,3.63,1,19.6,1,3.2,2,3.7,2,6.0,5.08,2.94,0.32,0.44,0.6,9.37
40.3,Wednesday,1,5.31,1,21.7,1,3.3,2,2.9,2,9.4,15.08,3.26,0.33,0.35,0.94,19.92
24.5,Sunday,1,3.59,1,20.0,1,2.2,4,4.2,1,3.3,5.03,3.0,0.22,1.01,0.16,9.45
28.9,Monday,1,3.15,1,19.8,1,4.6,2,1.3,1,3.5,4.41,2.97,0.46,0.16,0.18,7.96
28.6,Wednesday,2,5.83,1,20.5,1,2.9,5,4.3,2,7.9,8.16,3.08,0.29,1.29,0.79,13.54
31.5,Tuesday,0,0.0,1,22.5,1,2.0,6,11.5,2,4.2,0.0,3.38,0.2,4.14,0.42,7.85
34.1,Tuesday,2,6.34,1,19.1,1,2.8,3,6.3,1,4.5,12.52,2.86,0.28,1.13,0.22,16.94
34.3,Friday,1,4.89,1,21.6,2,2.4,4,7.2,3,5.1,9.8,3.24,0.48,1.73,0.76,16.03
27.1,Saturday,1,3.34,1,18.8,1,2.2,5,6.6,2,8.3,4.68,2.82,0.22,1.98,0.83,10.62
29.2,Tuesday,1,4.66,1,20.1,1,4.6,6,10.8,2,7.6,6.52,3.02,0.46,3.89,0.76,14.64
31.4,Friday,0,0.0,1,18.8,1,3.0,6,9.3,2,5.7,0.0,2.82,0.3,3.35,0.57,7.08
28.8,Sunday,2,5.81,1,19.4,1,4.0,2,1.9,3,6.8,8.13,2.91,0.4,0.23,1.02,12.44
38.0,Monday,1,3.22,1,19.0,0,3.4,2,1.4,1,6.8,8.12,2.85,0.0,0.17,0.34,11.5
32.5,Tuesday,1,4.21,1,21.0,1,3.5,5,5.6,1,4.0,7.36,3.15,0.35,1.68,0.2,12.93
33.7,Monday,1,5.99,1,19.3,1,3.0,5,4.6,2,4.1,11.49,2.9,0.3,1.38,0.41,16.55
33.3,Monday,1,5.25,1,20.8,1,2.6,2,2.8,2,1.9,9.78,3.12,0.26,0.34,0.19,13.58
35.9,Saturday,1,5.19,1,19.2,1,4.3,4,9.6,0,9.0,11.56,2.88,0.43,2.3,0.0,17.2
30.9,Tuesday,1,5.8,1,20.0,1,3.7,5,7.6,3,4.7,8.85,3.0,0.37,2.28,0.7,15.4
23.5,Monday,0,0.0,1,22.2,1,2.8,3,6.9,2,6.0,0.0,3.33,0.28,1.24,0.6,5.54
32.0,Saturday,1,1.73,1,18.9,2,4.0,6,8.0,1,7.1,2.9,2.83,0.8,2.88,0.36,9.86
26.7,Saturday,2,3.54,1,18.9,1,4.5,2,2.4,1,4.1,4.96,2.83,0.45,0.29,0.2,8.61
27.4,Tuesday,0,0.0,1,19.6,0,3.4,5,1.6,1,4.3,0.0,2.94,0.0,0.48,0.22,3.59
32.9,Saturday,0,0.0,1,20.0,2,4.6,4,7.0,2,4.2,0.0,3.0,0.92,1.68,0.42,6.01
36.2,Tuesday,1,3.68,1,20.9,1,2.5,3,2.7,3,0.2,8.34,3.14,0.25,0.49,0.03,12.52
30.1,Tuesday,1,5.56,1,20.1,1,2.1,5,3.8,2,5.9,7.86,3.02,0.21,1.14,0.59,12.68
31.5,Wednesday,1,5.18,1,20.4,1,2.7,5,3.3,3,10.7,8.34,3.06,0.27,0.99,1.6,14.3
38.5,Monday,0,0.0,1,18.3,1,3.0,6,9.4,2,4.9,0.0,2.74,0.3,3.38,0.49,7.01
31.2,Thursday,1,4.88,1,20.5,1,4.6,3,2.8,2,5.0,7.65,3.08,0.46,0.5,0.5,12.3
43.0,Tuesday,0,0.0,1,20.5,0,2.6,5,12.2,2,5.3,0.0,3.08,0.0,3.66,0.53,7.23
32.8,Monday,1,3.99,1,21.0,2,3.4,4,8.3,2,6.6,7.16,3.15,0.68,1.99,0.66,13.59
21.2,Sunday,1,3.4,1,19.5,1,4.1,4,3.9,2,7.8,4.76,2.92,0.41,0.94,0.78,10.1
33.8,Saturday,1,5.69,1,20.0,1,3.5,6,0.0,1,4.3,11.0,3.0,0.35,0.0,0.22,14.53
31.9,Friday,1,3.72,1,21.1,1,2.5,1,1.4,2,6.9,6.2,3.16,0.25,0.08,0.69,10.32
36.4,Tuesday,2,4.64,1,18.4,1,1.7,3,3.4,1,5.8,10.66,2.76,0.17,0.61,0.29,14.63
33.4,Saturday,1,6.03,1,17.3,1,4.2,4,7.7,2,6.6,11.31,2.6,0.42,1.85,0.66,16.86
29.3,Saturday,2,6.69,1,18.3,2,1.9,2,2.7,2,6.9,9.37,2.74,0.38,0.32,0.69,13.3
23.9,Saturday,1,2.87,1,19.0,1,2.6,6,12.6,1,4.1,4.02,2.85,0.26,4.54,0.2,12.02
29.0,Saturday,1,4.22,1,21.6,2,3.0,4,6.6,1,4.9,5.91,3.24,0.6,1.58,0.25,11.52
25.7,Saturday,0,0.0,1,23.0,1,4.3,4,1.9,2,6.9,0.0,3.45,0.43,0.46,0.69,4.97
27.1,Tuesday,0,0.0,1,18.6,0,4.0,5,4.2,2,5.7,0.0,2.79,0.0,1.26,0.57,5.02
32.9,Sunday,1,4.07,1,19.9,1,3.1,4,4.1,1,7.6,7.35,2.98,0.31,0.98,0.38,11.96
38.3,Thursday,1,6.33,1,19.2,1,4.2,4,4.9,2,5.6,16.21,2.88,0.42,1.18,0.56,21.26
32.0,Wednesday,2,3.05,1,20.7,2,4.4,1,1.2,1,8.0,5.12,3.1,0.88,0.07,0.4,9.71
24.0,Saturday,1,2.47,1,20.4,1,2.5,3,5.4,1,2.1,3.46,3.06,0.25,0.97,0.11,7.71
32.2,Saturday,1,5.98,1,18.7,1,2.6,2,3.3,0,6.6,10.21,2.8,0.26,0.4,0.0,13.75
36.0,Wednesday,1,3.91,1,19.1,0,3.7,5,5.3,1,3.4,8.75,2.86,0.0,1.59,0.17,13.51
27.0,Sunday,1,4.11,1,19.8,1,4.7,4,7.1,2,8.2,5.75,2.97,0.47,1.7,0.82,11.91
29.3,Sunday,1,4.41,1,21.8,0,2.3,3,1.7,3,5.7,6.17,3.27,0.0,0.31,0.86,10.71
30.1,Tuesday,1,3.35,1,19.0,1,1.2,4,7.2,2,5.3,4.74,2.85,0.12,1.73,0.53,9.8
26.1,Monday,1,3.09,1,17.7,1,3.6,3,5.7,2,4.3,4.33,2.66,0.36,1.03,0.43,8.88
33.2,Friday,0,0.0,1,22.0,1,4.4,6,9.1,1,7.3,0.0,3.3,0.44,3.28,0.36,7.18
29.4,Friday,2,4.81,1,20.7,1,3.1,2,3.4,2,7.1,6.73,3.1,0.31,0.41,0.71,11.44
32.1,Monday,0,0.0,1,18.3,1,5.6,6,10.6,1,5.4,0.0,2.74,0.56,3.82,0.27,7.55
25.6,Tuesday,0,0.0,1,20.5,1,2.2,4,8.1,2,7.3,0.0,3.08,0.22,1.94,0.73,6.0
27.8,Friday,2,4.3,1,21.2,1,2.3,4,7.3,3,6.4,6.02,3.18,0.23,1.75,0.96,12.17
33.6,Sunday,1,4.87,1,20.1,0,2.2,3,6.4,1,6.2,9.28,3.02,0.0,1.15,0.31,13.76
28.1,Wednesday,1,5.27,1,22.0,1,3.1,6,1.7,2,7.6,7.38,3.3,0.31,0.61,0.76,12.36
38.6,Monday,1,4.82,1,20.8,0,3.1,3,4.3,0,9.6,12.56,3.12,0.0,0.77,0.0,16.6
28.0,Sunday,1,4.44,1,20.5,1,2.2,4,5.2,1,6.6,6.22,3.08,0.22,1.25,0.33,11.05
31.1,Thursday,1,5.01,1,20.3,1,4.1,6,8.6,1,6.6,7.78,3.04,0.41,3.1,0.33,14.99
34.7,Tuesday,1,5.37,1,20.2,1,3.3,6,11.6,1,7.8,11.05,3.03,0.33,4.18,0.39,19.01
22.9,Monday,1,4.89,1,21.3,0,2.0,4,5.7,1,4.1,6.85,3.2,0.0,1.37,0.2,11.81
21.2,Friday,1,3.45,1,19.8,1,3.6,6,8.4,1,5.6,4.83,2.97,0.36,3.02,0.28,11.21
22.4,Tuesday,1,3.05,1,21.4,1,2.6,5,8.2,2,5.2,4.27,3.21,0.26,2.46,0.52,10.63
36.3,Wednesday,2,4.25,1,20.5,1,3.1,3,1.0,1,6.6,9.7,3.08,0.31,0.18,0.33,13.74
27.2,Tuesday,0,0.0,1,20.2,1,3.9,4,9.5,2,6.4,0.0,3.03,0.39,2.28,0.64,6.39
42.8,Tuesday,1,5.04,1,19.5,1,4.0,3,3.8,3,9.5,16.1,2.92,0.4,0.68,1.42,21.52
27.2,Wednesday,1,6.19,1,19.6,1,3.9,3,7.0,2,9.0,8.67,2.94,0.39,1.26,0.9,14.32
30.9,Saturday,2,4.25,1,20.5,0,3.0,5,3.8,1,3.0,6.49,3.08,0.0,1.14,0.15,11.18
37.7,Wednesday,0,0.0,1,21.5,1,2.0,4,2.9,1,6.7,0.0,3.22,0.2,0.7,0.34,4.29
40.0,Sunday,1,5.36,1,20.8,2,2.7,1,1.2,3,7.4,15.0,3.12,0.54,0.07,1.11,19.99
40.3,Tuesday,2,6.9,1,18.9,1,3.0,6,8.1,2,6.2,19.61,2.83,0.3,2.92,0.62,26.21
36.0,Wednesday,1,3.69,1,17.6,1,4.5,3,3.0,2,5.0,8.27,2.64,0.45,0.54,0.5,12.53
35.1,Saturday,2,3.6,1,21.1,1,2.5,6,4.8,1,8.8,7.61,3.16,0.25,1.73,0.44,13.12
33.0,Sunday,0,0.0,1,24.0,1,3.2,6,9.5,2,6.7,0.0,3.6,0.32,3.42,0.67,8.09
33.9,Monday,1,3.75,1,19.6,1,1.8,6,13.8,1,3.9,7.3,2.94,0.18,4.97,0.2,15.68
27.2,Wednesday,2,2.61,1,19.3,1,3.3,5,12.2,3,8.0,3.65,2.9,0.33,3.66,1.2,11.64
25.9,Wednesday,1,2.36,1,21.2,1,3.0,3,3.4,3,6.9,3.3,3.18,0.3,0.61,1.04,8.36
30.0,Tuesday,1,4.4,1,18.7,1,2.9,4,2.5,1,4.7,6.16,2.8,0.29,0.6,0.24,10.06
29.1,Sunday,0,0.0,1,22.2,1,3.8,3,3.5,2,4.5,0.0,3.33,0.38,0.63,0.45,4.55
27.7,Monday,2,3.28,1,20.6,1,2.3,3,7.4,1,4.4,4.59,3.09,0.23,1.33,0.22,9.53
33.5,Thursday,1,4.36,1,20.0,0,4.4,4,8.1,2,8.4,8.24,3.0,0.0,1.94,0.84,14.24
34.8,Thursday,0,0.0,1,18.8,1,2.2,1,1.6,3,7.2,0.0,2.82,0.22,0.1,1.08,4.03
30.4,Friday,1,3.03,1,21.3,2,4.4,6,6.1,2,7.9,4.41,3.2,0.88,2.2,0.79,11.58
37.4,Wednesday,1,5.77,1,19.3,1,1.4,6,11.6,1,6.4,14.06,2.9,0.14,4.18,0.32,21.65
24.3,Wednesday,0,0.0,1,21.1,2,3.3,3,8.5,1,4.6,0.0,3.16,0.66,1.53,0.23,5.48
29.0,Monday,1,4.61,1,20.6,1,3.6,4,5.0,2,4.4,6.45,3.09,0.36,1.2,0.44,11.85
26.4,Saturday,0,0.0,1,21.9,0,2.6,4,0.1,2,8.1,0.0,3.28,0.0,0.02,0.81,4.28
20.7,Thursday,1,5.49,1,20.2,1,3.3,6,3.9,2,6.9,7.69,3.03,0.33,1.4,0.69,13.33
29.6,Friday,1,3.07,1,24.0,1,2.6,5,6.9,1,5.5,4.3,3.6,0.26,2.07,0.28,10.52
29.4,Monday,1,3.19,1,20.8,1,3.4,3,3.7,1,6.0,4.47,3.12,0.34,0.67,0.3,8.67
37.6,Wednesday,2,6.77,1,20.2,1,3.3,4,9.0,3,8.0,16.68,3.03,0.33,2.16,1.2,23.43
33.2,Thursday,2,5.14,1,19.4,1,5.2,4,3.8,2,7.1,9.5,2.91,0.52,0.91,0.71,14.53
24.9,Sunday,1,3.82,1,21.3,1,1.6,6,7.3,2,5.8,5.35,3.2,0.16,2.63,0.58,12.07
39.3,Friday,0,0.0,1,19.5,1,3.2,2,1.8,2,5.9,0.0,2.92,0.32,0.22,0.59,3.96
36.1,Tuesday,1,4.38,1,18.8,1,2.6,2,3.7,2,4.8,9.87,2.82,0.26,0.44,0.48,14.07
32.9,Thursday,1,4.16,1,19.3,1,3.1,6,4.6,1,6.0,7.51,2.9,0.31,1.66,0.3,12.59
28.9,Friday,1,2.55,1,19.7,1,2.9,6,7.1,1,5.4,3.57,2.95,0.29,2.56,0.27,9.75
25.2,Monday,1,4.69,1,23.4,1,2.7,6,1.9,2,5.9,6.57,3.51,0.27,0.68,0.59,11.51
28.1,Tuesday,1,1.99,1,20.4,1,2.5,4,3.9,2,4.9,2.79,3.06,0.25,0.94,0.49,7.52
35.4,Friday,2,3.62,1,19.0,1,3.7,5,12.2,2,3.3,7.81,2.85,0.37,3.66,0.33,14.82
39.4,Friday,0,0.0,1,21.6,2,2.6,4,10.1,3,7.9,0.0,3.24,0.52,2.42,1.18,7.37
37.7,Wednesday,1,7.34,1,20.3,0,3.0,2,3.6,1,7.1,18.2,3.04,0.0,0.43,0.36,21.88
27.6,Saturday,0,0.0,1,21.9,1,3.2,4,6.5,1,5.5,0.0,3.28,0.32,1.56,0.28,5.52
24.4,Thursday,2,4.01,1,22.9,1,2.3,1,0.9,3,5.4,5.61,3.43,0.23,0.05,0.81,10.23
30.7,Wednesday,0,0.0,1,17.8,1,3.6,3,4.4,2,3.2,0.0,2.67,0.36,0.79,0.32,4.14
21.2,Sunday,0,0.0,1,16.4,0,2.0,6,8.7,2,8.1,0.0,2.46,0.0,3.13,0.81,6.3
31.6,Tuesday,1,7.45,1,23.0,1,3.5,3,4.0,2,8.5,12.1,3.45,0.35,0.72,0.85,17.53
29.3,Saturday,1,4.61,1,19.0,1,3.4,6,11.2,2,5.8,6.45,2.85,0.34,4.03,0.58,14.39
27.7,Friday,1,3.64,1,17.5,1,2.9,3,2.1,1,6.7,5.1,2.62,0.29,0.38,0.34,8.7
22.0,Wednesday,1,1.73,1,19.2,1,1.9,3,9.1,2,4.0,2.42,2.88,0.19,1.64,0.4,7.47
32.6,Saturday,1,5.13,1,18.5,1,3.0,4,9.7,2,6.2,9.05,2.78,0.3,2.33,0.62,14.89
27.3,Sunday,0,0.0,1,18.8,1,2.0,5,4.0,2,4.6,0.0,2.82,0.2,1.2,0.46,4.71
24.2,Thursday,1,3.0,1,21.3,1,2.9,4,5.6,2,4.6,4.2,3.2,0.29,1.34,0.46,9.65
15.6,Sunday,2,3.71,1,19.5,1,3.8,6,5.6,1,5.4,5.19,2.92,0.38,2.02,0.27,10.99
29.9,Tuesday,1,3.66,1,17.6,1,3.0,1,1.8,1,5.2,5.12,2.64,0.3,0.11,0.26,8.47
38.9,Monday,1,4.76,1,20.0,2,4.3,6,7.6,1,5.7,12.59,3.0,0.86,2.74,0.29,19.27
38.3,Wednesday,1,5.73,1,18.7,1,3.3,2,0.2,1,8.1,14.68,2.8,0.33,0.02,0.4,18.16
27.7,Tuesday,1,3.27,1,19.6,1,3.8,6,4.3,3,1.8,4.58,2.94,0.38,1.55,0.27,9.9
27.0,Monday,0,0.0,1,19.7,1,3.7,4,8.9,2,4.9,0.0,2.95,0.37,2.14,0.49,6.07
32.3,Wednesday,1,4.85,1,21.3,1,4.4,5,5.9,2,7.3,8.35,3.2,0.44,1.77,0.73,14.33
25.0,Tuesday,2,4.47,1,19.2,1,1.7,5,5.9,2,6.4,6.26,2.88,0.17,1.77,0.64,12.02
31.5,Sunday,2,3.66,1,21.0,0,2.5,2,3.6,1,4.4,5.89,3.15,0.0,0.43,0.22,9.53
33.8,Tuesday,1,3.76,1,17.6,1,3.0,6,11.8,3,10.2,7.26,2.64,0.3,4.25,1.53,15.92
36.1,Saturday,0,0.0,1,21.3,1,3.8,3,3.8,1,11.4,0.0,3.2,0.38,0.68,0.57,4.91
29.5,Sunday,0,0.0,1,21.9,1,3.2,3,0.0,1,6.0,0.0,3.28,0.32,0.0,0.3,3.89
29.0,Wednesday,1,6.04,1,19.7,0,3.0,5,4.0,2,4.0,8.46,2.95,0.0,1.2,0.4,12.96
25.6,Tuesday,1,4.69,1,18.8,1,4.0,2,0.0,3,5.5,6.57,2.82,0.4,0.0,0.82,10.61
25.9,Friday,0,0.0,1,18.4,2,2.7,3,1.2,3,3.7,0.0,2.76,0.54,0.22,0.56,4.23
28.9,Wednesday,2,4.8,1,20.0,1,2.6,4,5.5,0,6.8,6.72,3.0,0.26,1.32,0.0,11.59
31.8,Tuesday,1,3.41,1,21.8,1,3.5,5,6.8,3,7.2,5.63,3.27,0.35,2.04,1.08,12.42
34.6,Saturday,2,4.95,1,19.4,1,5.4,2,4.4,1,8.0,10.12,2.91,0.54,0.53,0.4,14.41
26.0,Monday,1,2.8,1,21.7,1,3.0,4,5.2,0,6.8,3.92,3.26,0.3,1.25,0.0,8.75
37.5,Monday,1,4.61,1,18.3,1,2.4,5,3.7,2,6.5,11.29,2.74,0.24,1.11,0.65,16.33
28.6,Friday,1,5.14,1,19.5,1,2.4,6,12.8,3,4.0,7.2,2.92,0.24,4.61,0.6,15.69
29.9,Wednesday,1,4.99,1,19.9,2,2.6,6,15.0,2,3.6,6.99,2.98,0.52,5.4,0.36,16.45
26.3,Saturday,1,4.41,1,20.3,1,4.3,5,9.7,2,2.0,6.17,3.04,0.43,2.91,0.2,12.87
17.9,Tuesday,1,3.52,1,19.5,0,2.6,5,6.4,2,6.2,4.93,2.92,0.0,1.92,0.62,10.53
34.4,Tuesday,1,3.68,1,21.9,1,3.3,4,4.5,2,7.7,7.42,3.28,0.33,1.08,0.77,12.89
33.7,Monday,2,4.61,1,21.9,0,2.9,2,1.1,3,8.3,8.84,3.28,0.0,0.13,1.25,13.72
28.6,Saturday,1,4.84,1,19.7,2,1.7,5,4.0,2,7.7,6.78,2.95,0.34,1.2,0.77,11.62
30.3,Sunday,1,3.93,1,19.2,1,2.7,6,6.2,3,5.3,5.66,2.88,0.27,2.23,0.8,11.93
32.6,Friday,2,4.14,1,19.1,2,0.5,5,2.3,3,9.7,7.31,2.86,0.1,0.69,1.46,12.49
22.2,Monday,1,3.12,1,21.6,1,3.2,1,1.1,1,4.1,4.37,3.24,0.32,0.07,0.2,8.07
27.4,Monday,0,0.0,1,19.0,0,3.5,4,4.6,2,4.0,0.0,2.85,0.0,1.1,0.4,4.4
34.0,Friday,1,3.61,1,17.8,1,2.2,4,8.7,2,7.5,7.07,2.67,0.22,2.09,0.75,12.89
23.7,Wednesday,1,3.68,1,18.0,1,2.5,5,1.3,1,8.8,5.15,2.7,0.25,0.39,0.44,8.67
31.5,Tuesday,2,3.94,1,21.0,1,1.7,5,7.2,2,9.6,6.35,3.15,0.17,2.16,0.96,12.84
23.2,Wednesday,1,2.28,1,18.0,2,0.8,4,1.7,1,8.0,3.19,2.7,0.16,0.41,0.4,7.05
32.3,Saturday,1,7.17,1,19.4,1,1.5,3,0.1,2,7.5,12.35,2.91,0.15,0.02,0.75,16.43
29.8,Sunday,1,3.07,1,20.2,1,3.7,6,6.0,3,7.6,4.3,3.03,0.37,2.16,1.14,11.09
21.9,Thursday,0,0.0,1,17.5,1,2.7,5,6.7,1,5.4,0.0,2.62,0.27,2.01,0.27,5.16
35.8,Thursday,1,4.69,1,20.3,1,3.2,3,6.5,2,4.4,10.38,3.04,0.32,1.17,0.44,15.5
26.3,Thursday,2,3.35,1,19.5,1,5.0,3,3.5,3,6.5,4.69,2.92,0.5,0.63,0.98,9.59
25.9,Friday,0,0.0,1,17.1,1,4.0,6,5.8,2,2.6,0.0,2.56,0.4,2.09,0.26,5.43
31.0,Monday,1,3.37,1,20.3,2,3.5,6,5.2,1,5.4,5.19,3.04,0.7,1.87,0.27,11.06
35.7,Sunday,1,5.46,1,20.6,1,2.5,4,4.0,2,4.9,11.99,3.09,0.25,0.96,0.49,16.96
24.9,Wednesday,0,0.0,1,20.3,1,4.6,1,0.0,2,7.2,0.0,3.04,0.46,0.0,0.72,4.15
30.3,Tuesday,0,0.0,1,20.8,0,4.2,1,0.8,2,6.4,0.0,3.12,0.0,0.05,0.64,4.07
32.1,Thursday,2,5.92,1,20.4,1,3.9,3,5.6,2,9.0,10.03,3.06,0.39,1.01,0.9,15.57
33.5,Wednesday,1,4.13,1,21.1,1,3.0,4,0.0,2,7.6,7.8,3.16,0.3,0.0,0.76,12.08
30.9,Thursday,1,5.05,1,18.6,1,2.1,4,4.2,2,4.7,7.71,2.79,0.21,1.01,0.47,12.23
28.2,Sunday,0,0.0,1,17.9,1,4.5,4,4.6,2,7.3,0.0,2.68,0.45,1.1,0.73,5.22
25.9,Thursday,1,3.71,1,18.3,0,3.9,5,9.1,1,2.5,5.19,2.74,0.0,2.73,0.12,11.11
30.4,Tuesday,1,4.92,1,18.8,1,2.8,1,1.4,2,7.5,7.17,2.82,0.28,0.08,0.75,11.05
24.6,Saturday,1,3.29,1,23.0,1,2.7,2,3.2,2,4.5,4.61,3.45,0.27,0.38,0.45,9.12
15.4,Saturday,0,0.0,1,18.8,1,1.8,3,2.5,2,4.8,0.0,2.82,0.18,0.45,0.48,4.13
32.2,Sunday,2,3.79,1,19.2,1,3.8,2,0.3,1,8.7,6.48,2.88,0.38,0.04,0.44,9.87
34.5,Saturday,1,5.31,1,19.6,1,3.2,2,2.0,1,6.8,10.77,2.94,0.32,0.24,0.34,14.23
18.2,Friday,1,4.02,1,19.5,1,3.4,4,5.0,1,5.6,5.63,2.92,0.34,1.2,0.28,10.26
25.0,Monday,1,2.65,1,22.7,1,3.9,5,10.5,1,8.0,3.71,3.4,0.39,3.15,0.4,11.1
33.1,Friday,1,3.67,1,17.4,0,3.7,5,1.9,2,8.9,6.73,2.61,0.0,0.57,0.89,10.64
40.3,Wednesday,2,4.1,1,23.3,1,2.1,5,13.6,0,4.0,11.65,3.5,0.21,4.08,0.0,19.26
30.1,Friday,2,5.29,1,20.2,1,3.0,5,7.2,2,4.6,7.48,3.03,0.3,2.16,0.46,13.36
26.4,Wednesday,1,2.73,1,21.4,1,3.4,5,4.1,1,7.6,3.82,3.21,0.34,1.23,0.38,9.19
29.1,Wednesday,2,4.42,1,20.0,1,3.5,3,2.4,1,6.6,6.19,3.0,0.35,0.43,0.33,10.25
36.9,Monday,1,5.57,1,21.2,1,1.4,6,7.4,2,2.3,13.18,3.18,0.14,2.66,0.23,19.56
26.8,Tuesday,2,4.07,1,18.6,2,2.0,2,2.6,1,9.6,5.7,2.79,0.4,0.31,0.48,9.7
26.0,Sunday,1,5.06,1,18.0,0,3.7,3,4.0,3,5.0,7.08,2.7,0.0,0.72,0.75,11.49
27.6,Monday,1,2.06,1,23.9,1,3.6,3,5.3,1,4.0,2.88,3.58,0.36,0.95,0.2,7.94
25.2,Sunday,1,4.35,1,22.9,2,4.6,6,5.4,2,6.0,6.09,3.43,0.92,1.94,0.6,13.05
30.6,Saturday,2,4.02,1,18.4,0,1.4,6,8.4,2,7.8,5.97,2.76,0.0,3.02,0.78,12.57
38.1,Saturday,0,0.0,1,21.1,1,3.9,5,5.6,2,8.3,0.0,3.16,0.39,1.68,0.83,6.05
31.6,Friday,1,3.13,1,21.7,2,3.4,4,9.7,1,6.1,5.08,3.26,0.68,2.33,0.3,11.78
28.7,Wednesday,1,5.64,1,21.0,2,1.9,4,0.5,2,11.1,7.9,3.15,0.38,0.12,1.11,12.77
28.5,Thursday,1,4.68,1,19.7,1,1.2,6,16.0,2,11.6,6.55,2.95,0.12,5.76,1.16,16.58
22.2,Thursday,1,4.24,1,23.0,1,3.9,5,3.7,3,6.9,5.94,3.45,0.39,1.11,1.04,11.65
34.4,Sunday,2,5.59,1,21.0,1,2.0,6,3.7,3,5.9,11.28,3.15,0.2,1.33,0.89,16.68
29.6,Wednesday,1,2.73,1,18.6,1,1.7,3,3.4,1,5.3,3.82,2.79,0.17,0.61,0.26,7.52
29.1,Sunday,2,4.34,1,19.4,2,3.5,3,4.4,3,5.7,6.08,2.91,0.7,0.79,0.86,11.38
45.0,Monday,1,6.83,1,18.4,1,3.0,6,6.5,0,9.0,23.9,2.76,0.3,2.34,0.0,29.3
31.5,Tuesday,1,3.85,1,19.8,1,3.6,2,3.5,0,6.7,6.2,2.97,0.36,0.42,0.0,9.85
26.2,Monday,1,5.17,1,19.8,1,3.4,6,6.2,2,7.7,7.24,2.97,0.34,2.23,0.77,13.44
27.9,Wednesday,0,0.0,1,21.1,1,6.3,4,3.6,1,7.4,0.0,3.16,0.63,0.86,0.37,5.13
35.7,Wednesday,1,4.76,1,21.1,1,3.7,6,4.3,1,7.2,10.46,3.16,0.37,1.55,0.36,15.8
30.6,Tuesday,1,4.63,1,20.6,1,3.7,3,6.5,1,8.2,6.87,3.09,0.37,1.17,0.41,11.55
22.8,Sunday,1,4.26,1,20.5,1,2.1,5,7.9,2,7.7,5.96,3.08,0.21,2.37,0.77,12.42
34.6,Friday,1,4.2,1,21.6,1,4.6,4,2.2,2,7.0,8.58,3.24,0.46,0.53,0.7,13.44
26.7,Friday,1,4.88,1,19.7,1,2.5,4,4.1,2,9.7,6.83,2.95,0.25,0.98,0.97,12.1
39.4,Tuesday,0,0.0,1,16.4,1,2.1,4,1.8,1,3.4,0.0,2.46,0.21,0.43,0.17,3.17
35.4,Friday,0,0.0,1,23.2,1,2.8,6,16.0,2,6.6,0.0,3.48,0.28,5.76,0.66,10.15
27.8,Thursday,1,5.81,1,18.6,1,3.4,5,7.3,3,4.9,8.13,2.79,0.34,2.19,0.74,14.24
36.4,Friday,1,3.55,1,21.0,1,2.5,3,0.0,2,7.8,8.15,3.15,0.25,0.0,0.78,12.01
30.3,Friday,0,0.0,1,19.5,2,2.1,6,2.6,1,2.7,0.0,2.92,0.42,0.94,0.14,4.34
34.3,Friday,1,4.33,1,22.1,1,2.1,3,1.5,3,6.5,8.67,3.32,0.21,0.27,0.98,13.34
32.4,Thursday,1,3.98,1,18.6,1,3.2,3,4.6,2,7.0,6.91,2.79,0.32,0.83,0.7,11.49
25.8,Sunday,1,4.21,1,18.9,1,3.6,2,0.4,1,8.4,5.89,2.83,0.36,0.05,0.42,9.48
26.8,Friday,1,3.22,1,19.3,2,3.6,6,2.5,0,5.2,4.51,2.9,0.72,0.9,0.0,9.04
35.1,Saturday,1,2.41,1,20.8,0,1.4,3,3.5,1,11.6,5.09,3.12,0.0,0.63,0.58,9.45
28.3,Thursday,1,3.91,1,20.3,1,2.2,3,3.8,2,4.8,5.47,3.04,0.22,0.68,0.48,9.99
28.0,Tuesday,1,4.38,1,20.8,1,3.9,6,5.8,1,3.7,6.13,3.12,0.39,2.09,0.19,12.0
25.2,Monday,1,5.23,1,20.2,1,2.6,5,5.3,2,7.2,7.32,3.03,0.26,1.59,0.72,13.11
32.1,Tuesday,1,3.04,1,21.4,2,3.2,2,0.8,1,5.7,5.15,3.21,0.64,0.1,0.29,9.54
40.3,Monday,1,5.71,1,21.4,1,5.6,5,8.2,3,9.7,16.22,3.21,0.56,2.46,1.46,24.13
24.7,Tuesday,0,0.0,1,22.3,1,0.7,6,0.0,1,2.8,0.0,3.34,0.07,0.0,0.14,3.74
30.1,Saturday,1,4.2,1,20.5,0,2.9,2,2.4,3,6.1,5.94,3.08,0.0,0.29,0.92,10.16
37.1,Monday,1,5.88,1,20.5,1,3.7,5,12.6,3,7.6,14.07,3.08,0.37,3.78,1.14,22.4
29.6,Monday,2,3.6,1,22.7,1,2.0,4,4.4,0,4.7,5.04,3.4,0.2,1.06,0.0,9.67
32.3,Wednesday,2,4.53,1,21.8,1,2.9,5,2.0,2,3.2,7.8,3.27,0.29,0.6,0.32,12.46
24.7,Monday,1,4.75,1,20.8,2,1.8,4,5.0,0,8.9,6.65,3.12,0.36,1.2,0.0,11.3
32.1,Monday,1,5.44,1,17.9,0,3.6,5,5.6,3,4.3,9.22,2.68,0.0,1.68,0.64,14.35
29.1,Wednesday,1,2.84,1,17.5,1,2.3,1,1.5,2,8.1,3.98,2.62,0.23,0.09,0.81,7.46
34.9,Friday,1,3.85,1,20.9,1,2.6,5,7.2,1,4.2,8.03,3.14,0.26,2.16,0.21,13.5
35.9,Friday,1,4.47,1,21.0,0,3.9,1,2.0,1,5.4,9.95,3.15,0.0,0.12,0.27,13.69
42.9,Wednesday,1,6.25,1,18.9,1,3.6,4,4.0,1,7.5,20.04,2.83,0.36,0.96,0.38,24.66
32.9,Thursday,1,4.12,1,20.5,1,4.0,2,1.6,3,6.7,7.44,3.08,0.4,0.19,1.01,12.31
31.6,Monday,0,0.0,1,18.6,1,4.8,5,4.0,2,4.1,0.0,2.79,0.48,1.2,0.41,4.66
31.0,Monday,2,5.57,1,20.9,1,3.1,3,2.7,3,7.1,8.58,3.14,0.31,0.49,1.06,13.62
28.2,Wednesday,0,0.0,1,20.9,1,5.1,4,6.1,1,1.7,0.0,3.14,0.51,1.46,0.08,4.98
31.7,Wednesday,2,5.88,1,20.9,1,3.2,4,1.6,0,3.6,9.63,3.14,0.32,0.38,0.0,13.62
28.5,Thursday,2,2.42,1,20.5,1,4.3,5,3.5,3,9.5,3.39,3.08,0.43,1.05,1.42,9.39
30.8,Saturday,1,3.81,1,19.6,1,3.0,4,5.5,0,5.7,5.76,2.94,0.3,1.32,0.0,10.32
36.6,Friday,1,3.09,1,19.7,1,3.8,5,10.7,3,7.4,7.19,2.95,0.38,3.21,1.11,14.98
25.0,Tuesday,1,3.87,1,21.7,1,2.6,2,1.5,1,7.4,5.42,3.26,0.26,0.18,0.37,9.49
35.7,Saturday,1,5.48,1,20.6,1,4.3,2,3.1,0,5.3,12.04,3.09,0.43,0.37,0.0,15.92
36.6,Sunday,1,4.5,1,20.7,1,4.2,4,4.8,2,6.2,10.46,3.1,0.42,1.15,0.62,15.55
29.4,Friday,1,3.62,1,20.1,1,2.8,6,10.0,3,3.7,5.07,3.02,0.28,3.6,0.56,12.75
19.4,Monday,1,2.19,1,21.0,1,3.2,2,2.7,3,6.3,3.07,3.15,0.32,0.32,0.94,7.83
27.0,Sunday,1,5.57,1,21.4,2,2.1,1,1.4,1,5.0,7.8,3.21,0.42,0.08,0.25,11.85
36.5,Saturday,1,4.65,1,19.1,1,3.9,2,6.1,1,10.2,10.74,2.86,0.39,0.73,0.51,15.04
29.9,Wednesday,1,3.68,1,20.9,2,3.8,4,13.1,2,4.6,5.15,3.14,0.76,3.14,0.46,12.87
25.0,Thursday,1,5.23,1,19.7,1,1.8,3,3.5,2,7.0,7.32,2.95,0.18,0.63,0.7,11.82
27.5,Friday,0,0.0,1,20.5,1,5.2,5,3.6,2,5.5,0.0,3.08,0.52,1.08,0.55,5.5
34.2,Thursday,0,0.0,1,21.3,1,3.4,2,3.0,1,7.6,0.0,3.2,0.34,0.36,0.38,4.44
32.7,Sunday,1,3.6,1,17.8,1,2.8,2,3.5,3,3.3,6.4,2.67,0.28,0.42,0.5,9.92
28.8,Friday,0,0.0,1,18.4,2,4.2,3,6.6,2,5.7,0.0,2.76,0.84,1.19,0.57,5.49
28.2,Saturday,0,0.0,1,19.0,1,2.5,4,0.0,2,7.2,0.0,2.85,0.25,0.0,0.72,3.97
28.0,Monday,2,3.31,1,18.9,0,4.3,5,5.3,2,6.5,4.63,2.83,0.0,1.59,0.65,9.81
25.4,Tuesday,0,0.0,1,19.8,1,1.8,2,2.0,2,7.0,0.0,2.97,0.18,0.24,0.7,4.13
38.1,Thursday,1,3.43,1,22.5,1,2.8,6,4.8,3,4.3,8.69,3.38,0.28,1.73,0.64,14.7
28.4,Thursday,1,2.53,1,21.8,1,2.9,3,1.0,2,5.3,3.54,3.27,0.29,0.18,0.53,7.81
36.1,Tuesday,2,4.97,1,19.1,1,2.5,5,5.9,3,6.0,11.21,2.86,0.25,1.77,0.9,17.21
37.6,Thursday,1,4.68,1,21.3,1,2.3,4,7.2,3,7.6,11.53,3.2,0.23,1.73,1.14,18.06
35.0,Thursday,1,5.31,1,19.9,0,2.5,3,1.5,2,8.8,11.14,2.98,0.0,0.27,0.88,15.25
27.8,Friday,1,3.43,1,20.5,1,2.5,5,7.0,2,2.3,4.8,3.08,0.25,2.1,0.23,10.35
32.0,Friday,1,3.38,1,18.5,1,2.5,5,8.1,0,5.4,5.68,2.78,0.25,2.43,0.0,11.34
29.9,Tuesday,1,5.89,1,18.0,1,4.4,3,7.3,0,4.7,8.25,2.7,0.44,1.31,0.0,12.85
25.5,Sunday,0,0.0,1,21.1,1,3.4,4,7.0,1,4.5,0.0,3.16,0.34,1.68,0.22,5.44
31.6,Monday,2,4.67,1,20.0,1,2.9,3,3.8,1,6.5,7.59,3.0,0.29,0.68,0.32,11.74
24.1,Saturday,1,4.32,1,20.8,1,3.8,5,7.7,1,6.1,6.05,3.12,0.38,2.31,0.3,11.92
35.9,Saturday,1,5.58,1,22.4,1,2.9,3,5.5,1,3.8,12.42,3.36,0.29,0.99,0.19,17.37
27.7,Sunday,1,3.67,1,19.6,1,2.2,5,7.1,1,3.7,5.14,2.94,0.22,2.13,0.19,10.54
31.0,Thursday,1,2.92,1,19.7,1,1.4,3,5.6,2,6.9,4.5,2.95,0.14,1.01,0.69,9.21
31.4,Monday,2,5.87,1,22.7,1,4.0,1,1.1,1,3.8,9.37,3.4,0.4,0.07,0.19,13.5
28.7,Tuesday,1,3.6,1,20.0,1,0.8,3,6.4,0,4.6,5.04,3.0,0.08,1.15,0.0,9.2
32.9,Sunday,1,6.07,1,18.8,1,1.5,2,2.0,2,7.8,10.96,2.82,0.15,0.24,0.78,14.88
27.6,Tuesday,0,0.0,1,21.1,1,3.5,4,3.5,2,6.3,0.0,3.16,0.35,0.84,0.63,4.88
34.4,Friday,2,3.97,1,19.6,1,3.0,3,3.1,2,9.1,8.01,2.94,0.3,0.56,0.91,12.83
23.3,Thursday,1,3.98,1,18.8,2,4.5,5,3.4,2,5.8,5.57,2.82,0.9,1.02,0.58,10.75
30.6,Wednesday,1,5.42,1,20.1,1,2.4,3,5.5,2,10.5,8.05,3.02,0.24,0.99,1.05,13.13
39.7,Tuesday,0,0.0,1,21.2,1,3.8,5,1.4,2,5.6,0.0,3.18,0.38,0.42,0.56,4.4
25.0,Sunday,1,3.07,1,18.3,1,2.8,4,4.2,2,8.4,4.3,2.74,0.28,1.01,0.84,9.39
26.6,Thursday,2,2.15,1,18.2,1,3.5,6,9.3,3,4.3,3.01,2.73,0.35,3.35,0.64,9.99
32.6,Monday,1,3.9,1,19.9,1,3.2,6,8.0,2,4.7,6.88,2.98,0.32,2.88,0.47,13.6
30.9,Sunday,1,5.09,1,18.3,0,3.5,6,7.8,2,9.4,7.77,2.74,0.0,2.81,0.94,14.21
31.8,Friday,0,0.0,1,18.1,1,3.2,5,6.2,2,4.6,0.0,2.72,0.32,1.86,0.46,5.33
32.4,Saturday,1,5.09,1,20.0,1,3.3,3,4.3,1,5.6,8.84,3.0,0.33,0.77,0.28,13.43
33.2,Monday,1,4.45,1,21.7,2,1.9,5,3.3,2,4.7,8.22,3.26,0.38,0.99,0.47,13.34
35.5,Tuesday,2,5.46,1,21.2,1,3.1,6,6.1,3,8.2,11.84,3.18,0.31,2.2,1.23,19.01
32.0,Tuesday,1,1.79,1,19.8,1,3.6,1,1.2,2,3.6,3.01,2.97,0.36,0.07,0.36,7.06
28.8,Monday,2,2.62,1,21.9,1,2.9,4,6.5,3,8.6,3.67,3.28,0.29,1.56,1.29,10.33
33.4,Tuesday,1,3.92,1,22.6,0,2.9,3,5.9,2,6.5,7.36,3.39,0.0,1.06,0.65,12.38
39.5,Sunday,0,0.0,1,20.7,1,1.1,4,5.0,3,6.4,0.0,3.1,0.11,1.2,0.96,5.4
29.3,Thursday,1,3.33,1,19.5,0,4.5,4,7.3,2,5.9,4.66,2.92,0.0,1.75,0.59,10.14
25.1,Tuesday,1,3.65,1,22.3,1,1.6,4,5.6,0,8.5,5.11,3.34,0.16,1.34,0.0,10.07
35.5,Friday,2,7.07,1,22.3,0,2.4,4,5.1,2,5.6,15.34,3.34,0.0,1.22,0.56,20.63
29.4,Thursday,2,4.55,1,20.4,1,2.2,6,11.1,1,4.6,6.37,3.06,0.22,4.0,0.23,14.07
19.1,Sunday,1,3.99,1,21.8,2,3.3,4,1.5,0,7.0,5.59,3.27,0.66,0.36,0.0,10.08
34.2,Wednesday,1,3.77,1,18.8,1,3.3,5,8.1,2,5.8,7.5,2.82,0.33,2.43,0.58,13.51
27.3,Tuesday,1,5.11,1,16.9,0,3.7,3,2.6,1,9.9,7.15,2.53,0.0,0.47,0.5,10.64
29.5,Tuesday,2,5.49,1,18.5,1,3.7,4,8.1,2,7.8,7.69,2.78,0.37,1.94,0.78,13.46
31.7,Friday,2,4.83,1,20.3,1,4.7,4,3.6,1,6.7,7.91,3.04,0.47,0.86,0.34,12.6
31.0,Sunday,1,4.15,1,19.9,1,2.7,3,3.4,1,8.9,6.39,2.98,0.27,0.61,0.45,10.73
33.5,Friday,1,5.06,1,21.4,0,2.2,3,0.9,3,3.1,9.56,3.21,0.0,0.16,0.47,13.42
27.8,Saturday,1,2.36,1,17.8,1,2.8,4,6.3,1,7.1,3.3,2.67,0.28,1.51,0.36,8.03
32.6,Sunday,1,5.56,1,17.8,1,1.9,4,4.2,2,6.2,9.8,2.67,0.19,1.01,0.62,14.1
28.7,Monday,1,3.19,1,21.1,1,2.7,4,3.9,2,5.6,4.47,3.16,0.27,0.94,0.56,9.17
33.7,Monday,1,4.15,1,17.8,2,1.4,3,4.1,2,5.4,7.96,2.67,0.28,0.74,0.54,12.46
33.1,Monday,0,0.0,1,19.6,1,2.2,3,0.7,3,8.2,0.0,2.94,0.22,0.13,1.23,4.71
25.3,Friday,0,0.0,1,20.0,1,1.3,4,3.5,2,2.3,0.0,3.0,0.13,0.84,0.23,4.25
35.4,Monday,2,2.73,1,19.0,1,4.2,2,2.4,2,6.9,5.88,2.85,0.42,0.29,0.69,9.7
27.3,Sunday,1,3.01,1,20.9,1,3.1,3,6.9,3,3.1,4.21,3.14,0.31,1.24,0.47,9.25
34.0,Monday,1,5.2,1,16.9,1,4.9,1,1.5,1,5.5,10.19,2.53,0.49,0.09,0.28,13.66
31.8,Wednesday,1,2.43,1,22.7,1,4.1,2,3.2,2,5.9,4.01,3.4,0.41,0.38,0.59,8.92
39.2,Monday,1,6.63,1,19.5,1,4.2,3,4.1,3,9.2,17.82,2.92,0.42,0.74,1.38,23.23
28.9,Tuesday,1,4.19,1,19.7,1,2.9,1,3.6,2,4.9,5.87,2.95,0.29,0.22,0.49,9.9
28.3,Saturday,1,5.45,1,24.0,1,3.5,3,5.8,2,6.1,7.63,3.6,0.35,1.04,0.61,13.22
29.9,Friday,1,3.38,1,18.0,1,2.1,5,0.0,2,3.5,4.73,2.7,0.21,0.0,0.35,8.16
28.5,Thursday,1,3.38,1,18.4,1,2.5,2,3.0,2,7.0,4.73,2.76,0.25,0.36,0.7,8.79
34.0,Saturday,1,5.64,1,22.1,2,3.0,4,8.2,3,3.3,11.06,3.32,0.6,1.97,0.5,17.44
21.9,Wednesday,1,3.25,1,17.7,1,1.3,6,2.2,1,2.4,4.55,2.66,0.13,0.79,0.12,8.18
24.7,Friday,1,2.58,1,20.7,1,2.5,5,7.0,1,3.0,3.61,3.1,0.25,2.1,0.15,9.32
24.7,Sunday,1,4.26,1,19.1,1,3.8,3,2.9,2,5.4,5.96,2.86,0.38,0.52,0.54,10.32
34.8,Friday,1,2.74,1,17.6,2,2.5,6,4.6,2,5.5,5.68,2.64,0.5,1.66,0.55,10.86
38.6,Tuesday,1,6.6,1,20.8,1,2.3,3,6.7,1,8.3,17.19,3.12,0.23,1.21,0.42,22.23
29.5,Sunday,0,0.0,1,20.8,1,2.6,2,1.8,0,9.0,0.0,3.12,0.26,0.22,0.0,3.63
29.2,Saturday,1,3.18,1,20.0,1,3.7,6,5.4,1,9.0,4.45,3.0,0.37,1.94,0.45,10.35
30.4,Saturday,2,5.39,1,23.1,1,3.4,6,4.4,3,8.3,7.85,3.47,0.34,1.58,1.25,14.48
35.8,Monday,1,5.97,1,18.8,1,2.8,4,2.4,2,10.2,13.21,2.82,0.28,0.58,1.02,17.76
25.4,Sunday,1,3.8,1,21.3,2,3.0,5,4.8,2,6.9,5.32,3.2,0.6,1.44,0.69,11.18
31.2,Tuesday,1,6.68,1,20.5,0,3.9,5,4.7,1,6.9,10.47,3.08,0.0,1.41,0.34,15.58
34.9,Monday,0,0.0,1,21.5,1,4.3,2,1.1,1,9.7,0.0,3.22,0.43,0.13,0.48,4.23
32.5,Monday,1,4.71,1,19.2,2,2.5,3,3.9,1,3.8,8.24,2.88,0.5,0.7,0.19,12.66
30.9,Friday,1,5.36,1,17.9,1,2.9,4,0.0,1,7.9,8.17,2.68,0.29,0.0,0.4,11.33
35.0,Saturday,1,6.05,1,19.0,1,4.2,6,8.4,3,5.9,12.71,2.85,0.42,3.02,0.89,19.95
16.5,Monday,2,2.21,1,19.9,2,3.5,1,2.0,3,8.7,3.09,2.98,0.7,0.12,1.3,7.96
33.4,Wednesday,1,4.75,1,21.0,1,1.6,5,4.9,1,8.4,8.91,3.15,0.16,1.47,0.42,14.12
26.7,Wednesday,0,0.0,1,20.0,1,2.1,2,3.1,1,5.7,0.0,3.0,0.21,0.37,0.29,3.76
20.8,Saturday,2,2.72,1,20.3,1,2.1,4,4.7,1,3.6,3.81,3.04,0.21,1.13,0.18,8.23
32.6,Wednesday,1,4.5,1,22.6,0,2.6,4,11.6,2,8.7,7.94,3.39,0.0,2.78,0.87,14.82
36.9,Friday,1,4.94,1,20.0,1,3.4,5,9.9,1,5.1,11.69,3.0,0.34,2.97,0.26,18.23
29.3,Tuesday,1,2.45,1,19.2,1,4.9,2,1.5,1,6.2,3.43,2.88,0.49,0.18,0.31,7.0
34.8,Thursday,1,4.93,1,20.7,1,2.9,4,8.8,1,3.8,10.21,3.1,0.29,2.11,0.19,15.68
38.1,Monday,1,4.51,1,17.4,1,3.7,4,11.8,2,5.3,11.42,2.61,0.37,2.83,0.53,17.77
36.6,Thursday,0,0.0,1,17.4,0,4.1,2,2.4,2,8.0,0.0,2.61,0.0,0.29,0.8,3.44
38.2,Tuesday,1,6.22,1,19.8,1,4.5,2,3.3,2,6.8,15.85,2.97,0.45,0.4,0.68,20.12
33.7,Tuesday,0,0.0,1,18.6,1,4.1,5,10.0,1,4.5,0.0,2.79,0.41,3.0,0.22,6.69
30.4,Friday,2,5.57,1,19.1,2,2.3,4,2.3,3,2.2,8.11,2.86,0.46,0.55,0.33,12.55
22.0,Wednesday,1,3.99,1,21.4,1,1.5,2,0.2,3,7.4,5.59,3.21,0.15,0.02,1.11,9.96
28.8,Wednesday,1,3.84,1,20.8,1,2.4,4,5.8,1,5.2,5.38,3.12,0.24,1.39,0.26,10.44
25.8,Tuesday,2,3.33,1,19.9,1,3.2,6,4.7,1,6.3,4.66,2.98,0.32,1.69,0.32,9.85
40.9,Friday,1,3.59,1,20.1,1,2.3,1,1.2,2,5.7,10.51,3.02,0.23,0.07,0.57,14.28
29.1,Friday,1,2.84,1,19.4,1,1.4,4,8.1,1,5.1,3.98,2.91,0.14,1.94,0.26,8.76
30.6,Saturday,1,2.29,1,21.3,2,1.8,2,3.4,2,7.2,3.4,3.2,0.36,0.41,0.72,8.32
32.8,Sunday,1,4.41,1,21.2,1,6.0,1,1.7,2,4.3,7.9,3.18,0.6,0.1,0.43,12.29
30.2,Monday,1,2.03,1,21.5,1,2.8,2,2.5,2,6.3,2.9,3.22,0.28,0.3,0.63,7.44
38.5,Sunday,1,3.79,1,21.4,0,4.8,4,3.6,1,6.8,9.82,3.21,0.0,0.86,0.34,14.31
26.9,Wednesday,2,4.55,1,20.1,1,2.8,5,4.3,2,8.7,6.37,3.02,0.28,1.29,0.87,11.8
31.0,Tuesday,2,5.82,1,19.0,1,3.8,3,7.5,3,6.1,8.97,2.85,0.38,1.35,0.92,14.4
26.3,Saturday,2,2.75,1,19.7,1,2.9,4,11.3,1,3.6,3.85,2.95,0.29,2.71,0.18,9.97
23.4,Thursday,2,4.19,1,20.2,1,3.0,4,8.2,2,7.3,5.87,3.03,0.3,1.97,0.73,12.12
26.9,Wednesday,1,3.61,1,19.0,1,3.8,3,3.4,0,4.2,5.05,2.85,0.38,0.61,0.0,8.89
29.8,Monday,1,3.61,1,22.4,1,2.6,4,2.4,1,4.7,5.05,3.36,0.26,0.58,0.24,9.78
27.9,Friday,2,4.15,1,22.5,1,1.8,5,15.7,2,5.0,5.81,3.38,0.18,4.71,0.5,14.46
26.5,Tuesday,1,3.24,1,19.8,1,2.2,5,8.2,1,5.6,4.54,2.97,0.22,2.46,0.28,10.25
23.0,Wednesday,2,3.52,1,21.5,1,2.2,5,8.1,0,8.6,4.93,3.22,0.22,2.43,0.0,10.66
29.6,Thursday,1,4.2,1,20.8,1,3.1,3,2.8,1,7.3,5.88,3.12,0.31,0.5,0.36,10.15
22.5,Monday,1,4.59,1,19.3,1,1.1,5,9.0,2,3.8,6.43,2.9,0.11,2.7,0.38,12.73
33.8,Monday,1,6.0,1,20.6,1,3.3,3,3.6,2,9.0,11.59,3.09,0.33,0.65,0.9,16.49
30.4,Saturday,2,3.56,1,18.8,1,4.3,5,3.1,1,8.1,5.18,2.82,0.43,0.93,0.4,9.54
22.7,Wednesday,1,3.33,1,18.7,1,2.5,6,6.6,2,6.8,4.66,2.8,0.25,2.38,0.68,10.77
28.5,Thursday,1,4.85,1,20.7,1,2.3,1,1.6,1,1.4,6.79,3.1,0.23,0.1,0.07,10.47
26.2,Monday,1,3.68,1,20.7,1,5.0,4,9.4,2,4.3,5.15,3.1,0.5,2.26,0.43,11.44
31.6,Tuesday,1,5.05,1,24.0,1,4.5,4,1.1,2,6.0,8.2,3.6,0.45,0.26,0.6,13.14
36.7,Monday,1,5.76,1,19.8,2,3.4,5,2.5,2,9.3,13.46,2.97,0.68,0.75,0.93,18.79
20.6,Thursday,1,4.28,1,19.2,2,2.3,2,2.1,3,8.7,5.99,2.88,0.46,0.25,1.3,10.85
30.6,Friday,1,4.3,1,21.4,1,3.6,6,4.3,3,4.1,6.38,3.21,0.36,1.55,0.62,12.48
29.2,Friday,1,2.9,1,20.0,1,2.0,4,5.3,0,2.6,4.06,3.0,0.2,1.27,0.0,8.73
33.4,Saturday,1,4.25,1,19.0,1,1.7,2,2.0,3,5.6,7.97,2.85,0.17,0.24,0.84,12.35
31.1,Wednesday,1,3.71,1,19.1,1,3.5,1,1.4,1,6.3,5.76,2.86,0.35,0.08,0.32,9.8
26.2,Thursday,1,4.61,1,19.7,1,2.5,5,7.2,3,3.5,6.45,2.95,0.25,2.16,0.52,12.52
28.4,Saturday,0,0.0,1,21.6,2,1.0,2,0.9,1,4.3,0.0,3.24,0.2,0.11,0.22,3.7
26.0,Sunday,2,5.33,1,20.6,1,3.6,2,2.4,1,10.2,7.46,3.09,0.36,0.29,0.51,11.84
35.4,Monday,1,5.61,1,18.7,1,4.5,4,3.2,1,5.3,12.09,2.8,0.45,0.77,0.26,16.66
30.1,Sunday,1,3.19,1,22.8,1,3.7,4,8.4,1,5.4,4.51,3.42,0.37,2.02,0.27,10.67
39.5,Monday,1,6.65,1,18.6,1,2.5,5,4.4,2,11.7,18.15,2.79,0.25,1.32,1.17,23.63
29.7,Friday,1,4.58,1,18.9,1,0.9,3,3.0,3,5.3,6.41,2.83,0.09,0.54,0.8,10.88
26.5,Saturday,1,3.08,1,21.8,1,3.1,5,3.6,2,4.0,4.31,3.27,0.31,1.08,0.4,9.18
22.4,Friday,1,4.32,1,22.2,1,2.3,6,7.9,2,4.6,6.05,3.33,0.23,2.84,0.46,12.93
21.0,Tuesday,1,3.25,1,20.5,1,2.1,3,3.7,2,6.6,4.55,3.08,0.21,0.67,0.66,9.28
22.1,Sunday,1,1.81,1,18.1,1,1.1,5,11.6,1,5.1,2.53,2.72,0.11,3.48,0.26,9.08
31.3,Sunday,1,3.22,1,20.1,1,4.9,6,7.9,0,5.7,5.1,3.02,0.49,2.84,0.0,11.54
32.5,Friday,0,0.0,1,17.9,2,1.9,5,11.2,0,5.9,0.0,2.68,0.38,3.36,0.0,6.52
22.1,Tuesday,1,3.44,1,23.7,1,1.2,5,11.8,1,12.3,4.82,3.56,0.12,3.54,0.62,12.74
34.5,Monday,0,0.0,1,20.4,1,4.7,3,3.3,1,7.4,0.0,3.06,0.47,0.59,0.37,4.46
27.6,Saturday,0,0.0,1,21.2,1,3.0,4,4.9,1,4.1,0.0,3.18,0.3,1.18,0.2,4.8
30.7,Tuesday,2,4.76,1,19.4,1,2.9,4,3.8,1,5.7,7.13,2.91,0.29,0.91,0.29,11.51
38.1,Saturday,1,3.08,1,22.7,1,3.3,5,2.6,1,7.6,7.8,3.4,0.33,0.78,0.38,12.48
34.5,Sunday,1,7.5,1,19.2,1,3.4,6,16.0,3,8.2,15.22,2.88,0.34,5.76,1.23,25.64
28.7,Saturday,1,2.82,1,18.7,1,3.2,1,1.0,1,2.8,3.95,2.8,0.32,0.06,0.14,7.35
25.5,Sunday,2,3.37,1,20.5,1,1.5,2,1.5,2,3.2,4.72,3.08,0.15,0.18,0.32,8.48
19.2,Tuesday,1,3.61,1,21.3,1,1.4,2,1.3,2,6.9,5.05,3.2,0.14,0.16,0.69,9.14
26.4,Sunday,1,3.43,1,23.2,1,2.3,5,4.6,2,4.7,4.8,3.48,0.23,1.38,0.47,10.38
28.9,Wednesday,1,5.55,1,22.4,2,2.5,2,2.3,1,4.4,7.77,3.36,0.5,0.28,0.22,12.15
25.1,Sunday,2,3.6,1,21.8,1,2.6,4,8.6,1,6.4,5.04,3.27,0.26,2.06,0.32,10.88
29.3,Friday,2,3.16,1,19.0,2,3.2,3,7.6,1,7.6,4.42,2.85,0.64,1.37,0.38,9.82
30.4,Tuesday,2,4.84,1,18.9,1,2.7,4,0.0,1,5.5,7.05,2.83,0.27,0.0,0.28,10.26
28.9,Monday,0,0.0,1,18.7,2,2.3,3,7.2,1,2.1,0.0,2.8,0.46,1.3,0.11,4.53
26.7,Saturday,1,4.42,1,19.8,1,3.4,6,14.7,2,4.9,6.19,2.97,0.34,5.29,0.49,15.45
30.8,Thursday,1,5.59,1,17.1,1,3.7,4,3.7,2,3.7,8.46,2.56,0.37,0.89,0.37,12.88
32.2,Tuesday,1,1.84,1,22.0,1,2.2,6,4.4,2,7.1,3.15,3.3,0.22,1.58,0.71,9.0
24.5,Friday,2,3.34,1,18.5,1,1.6,4,6.7,2,10.1,4.68,2.78,0.16,1.61,1.01,10.09
37.1,Sunday,0,0.0,1,18.3,0,3.2,2,1.8,1,6.6,0.0,2.74,0.0,0.22,0.33,3.49
29.5,Saturday,0,0.0,1,19.4,1,2.6,2,4.7,2,6.9,0.0,2.91,0.26,0.56,0.69,4.45
30.1,Wednesday,1,6.51,1,18.0,0,3.8,6,10.0,1,7.6,9.2,2.7,0.0,3.6,0.38,15.9
33.5,Monday,0,0.0,1,21.0,1,2.0,5,4.2,2,8.7,0.0,3.15,0.2,1.26,0.87,5.71
31.2,Wednesday,1,4.02,1,18.6,1,1.8,1,1.5,2,4.8,6.31,2.79,0.18,0.09,0.48,9.98
34.8,Thursday,1,1.34,1,20.8,1,2.4,5,6.9,2,5.9,2.78,3.12,0.24,2.07,0.59,8.74
31.4,Tuesday,1,3.09,1,21.4,1,3.5,4,0.2,1,7.9,4.94,3.21,0.35,0.05,0.4,8.71
26.9,Saturday,0,0.0,1,19.2,1,2.6,3,2.0,2,4.1,0.0,2.88,0.26,0.36,0.41,3.86
31.8,Tuesday,1,4.4,1,18.9,2,2.9,2,1.8,1,3.0,7.27,2.83,0.58,0.22,0.15,11.12
24.3,Friday,1,4.02,1,18.8,1,2.5,5,7.9,0,5.1,5.63,2.82,0.25,2.37,0.0,11.17
30.5,Tuesday,0,0.0,1,18.4,1,4.0,2,3.4,1,8.5,0.0,2.76,0.4,0.41,0.43,3.82
29.8,Monday,1,3.21,1,19.4,1,3.5,3,6.4,1,6.3,4.49,2.91,0.35,1.15,0.32,9.12
29.0,Thursday,1,4.12,1,20.1,1,1.5,3,2.6,2,5.1,5.77,3.02,0.15,0.47,0.51,9.48
29.4,Wednesday,1,3.6,1,17.9,1,3.9,2,0.7,2,8.0,5.04,2.68,0.39,0.08,0.8,9.04
20.6,Thursday,1,2.61,1,19.0,1,3.6,4,3.1,1,7.1,3.65,2.85,0.36,0.74,0.36,7.7
27.3,Saturday,0,0.0,1,20.2,2,4.1,1,0.9,3,4.4,0.0,3.03,0.82,0.05,0.66,4.49
30.5,Tuesday,2,4.77,1,20.1,0,2.5,3,2.4,3,5.6,7.01,3.02,0.0,0.43,0.84,11.17
30.8,Saturday,2,1.52,1,16.0,1,2.1,6,7.9,3,4.0,2.3,2.4,0.21,2.84,0.6,8.45
24.9,Wednesday,2,2.01,1,21.0,1,2.9,3,5.4,2,6.3,2.81,3.15,0.29,0.97,0.63,7.91
36.3,Saturday,0,0.0,1,21.9,1,3.2,3,3.2,1,7.3,0.0,3.28,0.32,0.58,0.36,4.43
25.7,Friday,2,3.18,1,19.1,1,4.2,4,6.7,1,1.1,4.45,2.86,0.42,1.61,0.06,9.42
34.8,Thursday,2,6.21,1,17.4,1,3.6,4,7.9,2,4.0,12.86,2.61,0.36,1.9,0.4,18.23
32.1,Wednesday,2,4.26,1,18.9,1,3.1,5,6.6,2,9.4,7.21,2.83,0.31,1.98,0.94,13.32
26.8,Wednesday,0,0.0,1,18.8,1,2.9,2,1.2,2,5.3,0.0,2.82,0.29,0.14,0.53,3.27
38.9,Sunday,1,5.67,1,21.8,1,3.0,6,6.9,3,9.3,15.01,3.27,0.3,2.48,1.4,22.81
24.0,Wednesday,2,3.75,1,18.4,1,2.6,5,10.1,2,3.4,5.25,2.76,0.26,3.03,0.34,11.72
34.6,Sunday,1,4.33,1,19.5,0,3.7,5,8.8,1,4.9,8.85,2.92,0.0,2.64,0.25,14.83
35.0,Monday,1,4.51,1,22.5,1,1.5,2,1.2,1,6.4,9.46,3.38,0.15,0.14,0.32,13.34
26.6,Sunday,2,4.27,1,20.2,1,3.0,1,2.1,0,5.4,5.98,3.03,0.3,0.13,0.0,9.3
37.0,Thursday,1,3.91,1,20.3,1,4.0,4,4.5,2,8.5,9.3,3.04,0.4,1.08,0.85,14.59
28.7,Saturday,1,3.57,1,19.8,1,1.9,6,3.7,2,5.8,5.0,2.97,0.19,1.33,0.58,10.37
31.4,Sunday,1,3.23,1,21.5,1,4.9,4,5.2,2,7.4,5.15,3.22,0.49,1.25,0.74,10.8
31.3,Wednesday,2,2.98,1,20.6,0,1.9,3,1.0,2,3.8,4.71,3.09,0.0,0.18,0.38,8.35
29.3,Thursday,0,0.0,1,22.8,1,2.5,2,3.5,3,6.5,0.0,3.42,0.25,0.42,0.98,5.35
34.1,Sunday,1,3.47,1,22.9,1,4.0,5,10.5,2,5.4,6.85,3.43,0.4,3.15,0.54,14.32
34.0,Sunday,1,5.6,1,20.5,1,4.5,5,3.3,2,4.0,10.98,3.08,0.45,0.99,0.4,15.9
21.3,Wednesday,1,3.16,1,19.9,1,3.4,2,2.4,1,6.9,4.42,2.98,0.34,0.29,0.34,8.17
36.5,Friday,1,5.31,1,20.2,1,3.3,1,1.9,3,8.7,12.26,3.03,0.33,0.11,1.3,17.32
21.7,Friday,2,3.49,1,19.2,1,4.8,4,1.8,2,4.8,4.89,2.88,0.48,0.43,0.48,9.05
35.2,Sunday,2,2.53,1,20.2,1,1.6,4,2.1,1,6.8,5.38,3.03,0.16,0.5,0.34,9.38
35.6,Friday,0,0.0,1,17.8,1,1.3,5,5.9,1,5.6,0.0,2.67,0.13,1.77,0.28,4.35
24.5,Tuesday,1,4.28,1,18.9,0,1.1,5,5.7,3,6.2,5.99,2.83,0.0,1.71,0.93,11.43
27.9,Wednesday,0,0.0,1,21.2,1,2.1,4,5.5,0,7.7,0.0,3.18,0.21,1.32,0.0,4.7
24.5,Tuesday,1,5.88,1,20.8,1,2.3,2,2.5,2,8.9,8.23,3.12,0.23,0.3,0.89,12.71
28.9,Thursday,1,4.9,1,19.8,1,3.4,5,2.2,1,8.5,6.86,2.97,0.34,0.66,0.43,11.0
28.5,Tuesday,2,4.87,1,20.6,1,4.0,6,1.5,2,4.5,6.82,3.09,0.4,0.54,0.45,11.38
33.9,Thursday,2,5.51,1,22.3,1,3.9,6,2.7,2,3.3,10.72,3.34,0.39,0.97,0.33,15.46
36.6,Sunday,0,0.0,1,19.4,1,3.9,6,10.0,1,2.0,0.0,2.91,0.39,3.6,0.1,6.75
37.0,Thursday,0,0.0,1,17.8,0,2.0,3,5.9,2,7.3,0.0,2.67,0.0,1.06,0.73,4.42
27.2,Thursday,1,6.18,1,20.9,1,3.4,5,6.4,3,4.9,8.65,3.14,0.34,1.92,0.74,14.97
29.0,Saturday,1,4.85,1,20.8,2,2.3,6,10.8,2,8.1,6.79,3.12,0.46,3.89,0.81,15.06
21.6,Tuesday,1,3.26,1,21.1,1,3.6,5,4.6,3,3.9,4.56,3.16,0.36,1.38,0.58,10.08
26.0,Saturday,2,2.77,1,18.2,2,3.0,3,3.3,2,6.9,3.88,2.73,0.6,0.59,0.69,8.39
34.8,Sunday,2,3.17,1,17.7,1,3.9,6,11.7,1,2.5,6.57,2.66,0.39,4.21,0.12,13.85
38.1,Wednesday,1,3.21,1,20.4,1,5.4,4,6.6,2,7.0,8.13,3.06,0.54,1.58,0.7,14.14
23.8,Tuesday,2,3.3,1,20.3,1,3.0,2,2.9,2,6.8,4.62,3.04,0.3,0.35,0.68,9.17
27.0,Wednesday,1,2.87,1,19.5,1,1.9,2,2.5,1,3.8,4.02,2.92,0.19,0.3,0.19,7.79
29.9,Wednesday,1,3.99,1,22.2,0,1.4,4,2.2,1,6.4,5.59,3.33,0.0,0.53,0.32,9.86
31.4,Thursday,1,4.49,1,20.0,1,2.1,4,5.6,0,10.1,7.17,3.0,0.21,1.34,0.0,11.77
26.0,Tuesday,0,0.0,1,21.8,1,4.1,2,3.1,2,7.4,0.0,3.27,0.41,0.37,0.74,4.57
32.1,Wednesday,2,3.5,1,21.3,1,3.5,5,14.0,2,11.9,5.93,3.2,0.35,4.2,1.19,14.78
27.6,Friday,1,3.39,1,18.4,1,3.2,5,6.4,0,6.3,4.75,2.76,0.32,1.92,0.0,9.64
29.9,Wednesday,1,3.52,1,18.7,1,3.4,5,5.4,2,7.2,4.93,2.8,0.34,1.62,0.72,10.42
32.7,Friday,1,4.4,1,18.1,1,3.7,3,4.6,3,5.0,7.82,2.72,0.37,0.83,0.75,12.61
30.0,Tuesday,0,0.0,1,20.6,1,1.4,5,11.5,1,6.5,0.0,3.09,0.14,3.45,0.32,6.95
27.8,Sunday,0,0.0,1,20.1,1,4.0,1,1.6,2,4.0,0.0,3.02,0.4,0.1,0.4,3.55
29.5,Saturday,1,3.43,1,22.0,1,3.4,3,3.6,3,7.8,4.8,3.3,0.34,0.65,1.17,10.45
29.6,Tuesday,1,4.11,1,20.9,2,1.6,3,2.4,3,4.4,5.75,3.14,0.32,0.43,0.66,10.17
28.1,Saturday,1,5.45,1,18.1,0,3.3,5,3.9,1,9.3,7.63,2.72,0.0,1.17,0.47,11.86
28.7,Saturday,1,2.58,1,19.3,1,1.7,3,5.6,1,3.3,3.61,2.9,0.17,1.01,0.16,7.95
38.0,Tuesday,1,6.16,1,16.8,1,3.5,1,1.1,1,5.4,15.52,2.52,0.35,0.07,0.27,18.65
32.8,Wednesday,1,2.59,1,20.4,1,3.1,3,8.0,2,5.5,4.65,3.06,0.31,1.44,0.55,10.01
28.5,Monday,1,4.41,1,24.0,1,2.0,4,5.6,2,3.8,6.17,3.6,0.2,1.34,0.38,11.74
33.5,Wednesday,2,5.61,1,20.2,1,3.4,6,10.0,2,6.5,10.6,3.03,0.34,3.6,0.65,18.24
28.3,Wednesday,1,2.69,1,20.3,0,3.8,6,5.8,1,4.9,3.77,3.04,0.0,2.09,0.25,9.11
35.9,Sunday,1,5.04,1,20.0,1,2.4,2,1.6,1,8.8,11.23,3.0,0.24,0.19,0.44,15.12
31.8,Thursday,0,0.0,1,20.5,1,3.8,2,3.7,2,4.4,0.0,3.08,0.38,0.44,0.44,4.69
29.5,Thursday,1,5.33,1,19.8,2,2.7,2,4.3,2,6.8,7.46,2.97,0.54,0.52,0.68,12.36
32.2,Wednesday,0,0.0,1,20.9,1,3.9,5,3.4,2,5.8,0.0,3.14,0.39,1.02,0.58,5.27
22.1,Friday,1,2.74,1,18.8,1,2.9,1,0.8,2,5.6,3.84,2.82,0.29,0.05,0.56,7.63
24.4,Sunday,1,3.83,1,18.9,1,4.2,2,1.8,1,6.2,5.36,2.83,0.42,0.22,0.31,9.39
24.0,Saturday,1,4.33,1,18.1,1,2.1,4,7.1,1,7.4,6.06,2.72,0.21,1.7,0.37,11.21
30.7,Thursday,1,4.31,1,20.0,1,2.1,3,4.7,1,2.2,6.45,3.0,0.21,0.85,0.11,10.83
38.7,Wednesday,1,5.46,1,18.3,1,2.2,2,2.5,1,6.1,14.29,2.74,0.22,0.3,0.3,18.06
41.2,Sunday,1,4.36,1,22.2,0,3.1,3,2.4,1,4.3,12.93,3.33,0.0,0.43,0.22,17.03
33.2,Monday,0,0.0,1,19.4,2,2.8,3,7.2,1,4.5,0.0,2.91,0.56,1.3,0.22,5.08
32.5,Friday,1,5.96,1,17.0,1,3.3,4,7.9,0,6.5,10.42,2.55,0.33,1.9,0.0,15.17
21.0,Tuesday,0,0.0,1,18.3,1,1.8,6,0.0,1,8.2,0.0,2.74,0.18,0.0,0.41,3.63
27.3,Wednesday,1,3.46,1,20.2,1,2.3,2,3.8,2,9.1,4.84,3.03,0.23,0.46,0.91,9.47
26.1,Sunday,1,2.26,1,21.0,1,4.3,3,3.4,1,4.8,3.16,3.15,0.43,0.61,0.24,7.44
26.9,Wednesday,1,5.11,1,20.5,1,3.4,6,5.6,2,0.3,7.15,3.08,0.34,2.02,0.03,12.69
29.2,Saturday,1,5.39,1,18.8,1,3.6,6,11.1,2,6.1,7.55,2.82,0.36,4.0,0.61,15.32
27.6,Friday,2,3.75,1,19.1,1,2.7,3,4.7,2,2.4,5.25,2.86,0.27,0.85,0.24,9.33
20.1,Thursday,0,0.0,1,19.0,1,3.3,5,7.0,3,6.9,0.0,2.85,0.33,2.1,1.04,6.19
33.7,Thursday,1,4.17,1,20.8,1,2.5,2,1.5,0,4.2,8.0,3.12,0.25,0.18,0.0,11.57
24.6,Thursday,1,3.53,1,20.2,1,1.1,5,10.0,2,6.7,4.94,3.03,0.11,3.0,0.67,11.77
31.2,Tuesday,0,0.0,1,19.3,1,4.0,6,3.1,3,4.3,0.0,2.9,0.4,1.12,0.64,4.86
40.4,Sunday,1,3.57,1,19.0,1,3.2,4,7.4,3,3.7,10.2,2.85,0.32,1.78,0.56,15.66
25.4,Friday,1,3.24,1,19.2,1,2.3,4,5.6,1,3.7,4.54,2.88,0.23,1.34,0.19,9.33
17.3,Friday,1,3.0,1,20.0,1,3.0,2,2.6,1,6.8,4.2,3.0,0.3,0.31,0.34,7.77
28.6,Thursday,1,4.31,1,22.0,1,2.5,4,3.9,1,3.4,6.03,3.3,0.25,0.94,0.17,10.65
35.5,Thursday,1,5.6,1,20.3,1,4.5,4,5.8,2,7.1,12.15,3.04,0.45,1.39,0.71,17.74
39.8,Saturday,1,5.33,1,19.5,1,3.7,5,2.1,2,9.6,14.77,2.92,0.37,0.63,0.96,19.75
23.9,Monday,1,5.28,1,19.4,1,1.9,1,2.2,1,9.3,7.39,2.91,0.19,0.13,0.47,11.06
32.5,Monday,1,3.28,1,22.6,1,1.7,4,4.3,2,2.8,5.74,3.39,0.17,1.03,0.28,10.55
27.7,Wednesday,1,5.43,1,21.2,1,3.3,4,3.5,2,3.3,7.6,3.18,0.33,0.84,0.33,12.37
29.5,Wednesday,0,0.0,1,21.5,1,3.1,3,3.6,2,7.0,0.0,3.22,0.31,0.65,0.7,4.87
43.2,Friday,0,0.0,1,21.1,1,3.5,3,3.3,3,3.9,0.0,3.16,0.35,0.59,0.58,4.95
22.5,Friday,1,3.9,1,19.9,1,2.9,3,6.5,2,7.2,5.46,2.98,0.29,1.17,0.72,10.71
31.3,Tuesday,2,5.52,1,21.8,1,2.4,5,0.9,1,2.6,8.73,3.27,0.24,0.27,0.13,12.76
32.3,Tuesday,1,3.92,1,17.8,1,3.5,4,5.1,2,5.9,6.75,2.67,0.35,1.22,0.59,11.59
35.4,Monday,0,0.0,1,22.3,1,3.6,5,11.9,1,7.9,0.0,3.34,0.36,3.57,0.4,7.95
30.5,Wednesday,2,3.87,1,21.1,1,4.3,3,4.1,2,2.9,5.69,3.16,0.43,0.74,0.29,10.23
31.5,Monday,1,1.82,1,20.7,1,3.7,6,8.8,3,5.8,2.93,3.1,0.37,3.17,0.87,10.27
28.0,Monday,1,3.96,1,18.9,1,2.2,5,6.6,3,5.7,5.54,2.83,0.22,1.98,0.86,11.42
31.3,Wednesday,2,2.94,1,21.4,1,3.3,3,2.7,2,7.2,4.66,3.21,0.33,0.49,0.72,9.37
28.3,Sunday,1,5.3,1,21.7,1,2.7,2,3.4,1,4.7,7.42,3.26,0.27,0.41,0.24,11.58
33.1,Tuesday,1,5.82,1,18.9,1,2.1,3,3.6,1,3.1,10.68,2.83,0.21,0.65,0.16,14.83
28.2,Saturday,1,3.18,1,19.0,1,1.2,6,8.6,2,1.0,4.45,2.85,0.12,3.1,0.1,10.5
31.9,Saturday,1,3.25,1,18.4,1,5.2,3,5.1,1,8.7,5.41,2.76,0.52,0.92,0.44,10.04
29.9,Saturday,1,3.5,1,20.8,1,2.4,3,4.9,2,7.7,4.9,3.12,0.24,0.88,0.77,9.67
35.6,Wednesday,1,5.22,1,19.9,1,2.9,2,2.8,0,6.0,11.4,2.98,0.29,0.34,0.0,15.29
29.7,Thursday,2,4.69,1,23.2,1,3.2,5,9.7,1,5.9,6.57,3.48,0.32,2.91,0.3,13.23
21.1,Thursday,2,6.39,1,17.7,1,3.1,3,6.0,1,6.9,8.95,2.66,0.31,1.08,0.34,13.36
36.3,Thursday,2,4.3,1,18.7,1,0.5,3,5.6,3,7.9,9.81,2.8,0.05,1.01,1.18,14.65
25.5,Friday,2,3.89,1,20.0,1,2.8,4,8.1,2,2.0,5.45,3.0,0.28,1.94,0.2,10.66
26.7,Tuesday,2,5.78,1,21.0,1,4.8,4,8.9,1,2.4,8.09,3.15,0.48,2.14,0.12,13.85
27.0,Tuesday,0,0.0,1,20.9,1,2.8,4,2.1,1,2.1,0.0,3.14,0.28,0.5,0.11,3.86
36.9,Sunday,1,3.43,1,20.1,1,4.6,4,12.7,2,5.3,8.11,3.02,0.46,3.05,0.53,15.21
19.3,Sunday,1,3.59,1,20.5,1,3.0,5,7.2,1,6.4,5.03,3.08,0.3,2.16,0.32,10.7
45.0,Friday,2,6.3,1,20.2,0,2.6,5,5.9,2,8.0,22.05,3.03,0.0,1.77,0.8,27.81
35.3,Monday,1,4.19,1,21.6,0,3.1,5,7.2,2,0.2,8.98,3.24,0.0,2.16,0.02,14.6
31.1,Sunday,1,5.09,1,19.2,1,3.0,2,0.7,2,3.3,7.91,2.88,0.3,0.08,0.33,11.75
29.7,Saturday,0,0.0,1,19.3,0,3.0,5,7.4,2,6.3,0.0,2.9,0.0,2.22,0.63,5.52
31.4,Thursday,1,3.78,1,21.0,1,2.4,2,1.6,2,6.5,6.03,3.15,0.24,0.19,0.65,10.14
32.6,Saturday,1,6.06,1,22.4,1,1.6,2,2.8,3,5.6,10.68,3.36,0.16,0.34,0.84,15.31
33.2,Thursday,0,0.0,1,19.0,0,3.6,6,8.6,3,3.7,0.0,2.85,0.0,3.1,0.56,6.43
32.8,Saturday,1,4.86,1,20.4,1,3.1,5,4.7,2,4.6,8.7,3.06,0.31,1.41,0.46,14.06
30.4,Monday,1,3.56,1,19.4,1,4.7,4,0.5,1,5.7,5.18,2.91,0.47,0.12,0.29,9.02
29.0,Saturday,1,2.35,1,20.8,1,3.0,6,9.1,2,2.6,3.29,3.12,0.3,3.28,0.26,10.11
29.2,Saturday,1,4.46,1,17.5,1,1.5,6,8.0,1,4.3,6.24,2.62,0.15,2.88,0.22,12.07
29.0,Wednesday,1,6.05,1,19.5,1,3.3,4,5.8,2,3.2,8.47,2.92,0.33,1.39,0.32,13.43
35.7,Saturday,1,4.55,1,19.1,1,3.1,4,4.2,2,7.0,10.0,2.86,0.31,1.01,0.7,14.85
33.0,Wednesday,0,0.0,1,19.5,1,2.6,5,4.5,1,4.2,0.0,2.92,0.26,1.35,0.21,4.63
15.3,Tuesday,2,3.15,1,16.2,1,3.6,3,3.6,1,3.4,4.41,2.43,0.36,0.65,0.17,7.85
33.3,Friday,1,3.52,1,23.0,1,3.5,2,2.9,2,5.0,6.56,3.45,0.35,0.35,0.5,11.32
31.0,Saturday,1,5.36,1,16.3,1,1.8,5,8.9,3,7.5,8.25,2.44,0.18,2.67,1.12,14.48
29.9,Tuesday,1,3.91,1,20.7,1,2.5,3,2.4,2,6.0,5.47,3.1,0.25,0.43,0.6,9.96
28.1,Sunday,1,2.23,1,18.1,1,4.1,2,3.7,2,8.2,3.12,2.72,0.41,0.44,0.82,7.55
35.6,Sunday,2,5.19,1,18.1,0,2.0,3,5.3,1,7.9,11.34,2.72,0.0,0.95,0.4,15.28
34.7,Wednesday,1,4.77,1,20.2,1,2.8,3,5.0,2,4.5,9.82,3.03,0.28,0.9,0.45,14.56
26.1,Saturday,1,3.56,1,21.0,0,3.2,6,15.3,2,6.3,4.98,3.15,0.0,5.51,0.63,14.16
32.0,Saturday,0,0.0,1,18.4,1,1.8,5,0.8,2,8.2,0.0,2.76,0.18,0.24,0.82,4.08
25.1,Monday,2,5.45,1,18.3,1,2.9,4,10.5,1,5.0,7.63,2.74,0.29,2.52,0.25,13.31
23.1,Tuesday,1,3.2,1,18.1,1,2.9,6,5.4,2,6.5,4.48,2.72,0.29,1.94,0.65,10.1
26.9,Thursday,1,4.79,1,20.3,1,2.7,6,9.0,1,4.2,6.71,3.04,0.27,3.24,0.21,13.46
34.3,Thursday,1,3.98,1,18.4,1,1.5,4,5.5,1,5.5,7.97,2.76,0.15,1.32,0.28,12.39
34.8,Monday,2,5.32,1,21.9,1,3.0,6,2.6,3,5.5,11.03,3.28,0.3,0.94,0.82,16.32
32.6,Wednesday,1,4.43,1,18.3,1,2.4,4,6.7,1,7.3,7.81,2.74,0.24,1.61,0.36,12.66
33.6,Thursday,1,4.48,1,20.8,1,4.1,3,5.7,1,5.2,8.53,3.12,0.41,1.03,0.26,13.53
32.6,Thursday,1,3.47,1,22.3,1,3.4,3,4.8,2,6.4,6.12,3.34,0.34,0.86,0.64,11.19
26.8,Sunday,1,4.42,1,20.1,2,2.2,5,1.7,3,6.8,6.19,3.02,0.44,0.51,1.02,11.17
32.2,Sunday,1,5.86,1,17.3,1,2.6,4,2.0,2,4.4,10.0,2.6,0.26,0.48,0.44,13.47
34.0,Friday,1,3.32,1,20.6,2,3.1,5,4.3,2,5.2,6.51,3.09,0.62,1.29,0.52,11.93
33.8,Tuesday,1,3.54,1,19.6,0,2.6,5,10.9,3,6.9,6.84,2.94,0.0,3.27,1.04,14.19
35.9,Wednesday,2,8.04,1,19.9,1,1.5,1,1.4,1,9.7,17.9,2.98,0.15,0.08,0.48,21.66
33.5,Saturday,1,3.33,1,22.4,1,3.3,2,0.0,1,3.5,6.29,3.36,0.33,0.0,0.18,10.23
31.8,Tuesday,1,3.71,1,20.1,0,3.5,4,10.8,1,7.1,6.12,3.02,0.0,2.59,0.36,12.09
35.4,Wednesday,1,6.18,1,20.8,1,3.7,2,4.7,2,8.4,13.32,3.12,0.37,0.56,0.84,18.25
29.9,Thursday,1,5.62,1,19.0,1,3.9,4,2.4,0,6.2,7.87,2.85,0.39,0.58,0.0,11.91
25.6,Friday,2,1.5,1,19.6,1,2.2,4,4.2,1,4.2,2.1,2.94,0.22,1.01,0.21,6.34
29.2,Tuesday,1,4.88,1,21.7,1,3.8,4,4.6,2,5.9,6.83,3.26,0.38,1.1,0.59,12.34
26.3,Thursday,0,0.0,1,20.2,1,1.9,3,5.0,2,4.1,0.0,3.03,0.19,0.9,0.41,4.4
26.6,Wednesday,2,3.74,1,20.4,1,3.4,4,5.9,2,5.0,5.24,3.06,0.34,1.42,0.5,10.61
29.3,Tuesday,1,5.3,1,21.5,1,2.3,5,4.4,2,6.8,7.42,3.22,0.23,1.32,0.68,12.74
26.0,Saturday,2,3.51,1,22.4,1,3.4,6,13.2,1,5.9,4.91,3.36,0.34,4.75,0.3,13.79
28.5,Tuesday,1,3.52,1,18.3,1,1.5,5,12.5,2,6.4,4.93,2.74,0.15,3.75,0.64,12.02
20.5,Thursday,2,3.13,1,19.3,1,3.5,4,5.2,2,3.7,4.38,2.9,0.35,1.25,0.37,9.1
31.1,Tuesday,0,0.0,1,22.2,1,2.2,2,1.9,3,4.8,0.0,3.33,0.22,0.23,0.72,4.48
30.0,Saturday,1,4.52,1,23.0,1,3.5,5,12.0,1,7.2,6.33,3.45,0.35,3.6,0.36,13.97
25.9,Friday,2,5.1,1,19.6,1,3.4,6,0.0,3,2.7,7.14,2.94,0.34,0.0,0.4,10.71
33.3,Friday,1,4.9,1,20.4,1,3.4,3,2.2,2,3.3,9.12,3.06,0.34,0.4,0.33,13.23
34.7,Thursday,0,0.0,1,20.5,1,3.0,3,6.0,0,5.4,0.0,3.08,0.3,1.08,0.0,4.27
22.0,Wednesday,1,4.0,1,20.4,1,1.8,2,4.5,2,5.0,5.6,3.06,0.18,0.54,0.5,9.9
26.2,Thursday,2,4.61,1,20.4,1,4.5,5,5.6,0,7.5,6.45,3.06,0.45,1.68,0.0,11.7
26.2,Friday,0,0.0,1,22.0,1,2.9,4,11.4,3,1.2,0.0,3.3,0.29,2.74,0.18,6.27
25.3,Monday,2,3.15,1,17.3,1,2.9,2,0.0,3,5.8,4.41,2.6,0.29,0.0,0.87,8.21
34.1,Monday,1,4.96,1,19.0,1,4.4,6,12.4,1,8.7,9.79,2.85,0.44,4.46,0.44,18.01
29.0,Tuesday,1,1.92,1,21.0,1,2.1,4,5.6,1,6.7,2.69,3.15,0.21,1.34,0.34,7.8
28.7,Saturday,2,5.61,1,19.3,1,3.0,3,3.0,1,2.9,7.85,2.9,0.3,0.54,0.14,11.75
20.0,Sunday,1,4.65,1,20.4,2,3.2,3,5.8,1,10.9,6.51,3.06,0.64,1.04,0.55,11.85
33.2,Sunday,0,0.0,1,21.6,1,2.8,3,3.2,1,4.9,0.0,3.24,0.28,0.58,0.25,4.4
23.8,Sunday,1,4.81,1,22.4,1,3.3,4,2.4,1,1.1,6.73,3.36,0.33,0.58,0.06,11.1
30.3,Tuesday,1,4.11,1,20.4,2,2.4,3,4.2,2,7.6,5.92,3.06,0.48,0.76,0.76,11.04
31.4,Monday,1,3.47,1,22.2,1,2.9,4,5.2,1,4.4,5.54,3.33,0.29,1.25,0.22,10.86
36.8,Friday,2,3.23,1,20.2,2,3.1,5,4.1,2,9.7,7.59,3.03,0.62,1.23,0.97,13.64
23.5,Tuesday,1,4.56,1,19.5,1,4.4,5,4.8,2,7.4,6.38,2.92,0.44,1.44,0.74,11.9
15.0,Sunday,1,2.4,1,17.7,1,4.7,3,3.2,2,10.3,3.36,2.66,0.47,0.58,1.03,8.01
30.9,Sunday,1,3.84,1,18.5,1,3.2,4,1.0,3,3.9,5.86,2.78,0.32,0.24,0.58,9.97
39.0,Thursday,0,0.0,1,20.0,1,4.2,5,1.0,1,8.6,0.0,3.0,0.42,0.3,0.43,4.49
36.2,Sunday,0,0.0,1,20.0,0,2.3,2,3.9,0,4.4,0.0,3.0,0.0,0.47,0.0,3.47
31.0,Saturday,2,4.52,1,20.3,1,5.3,2,0.8,2,6.7,6.96,3.04,0.53,0.1,0.67,11.37
27.5,Sunday,0,0.0,1,22.8,1,2.8,4,5.3,2,6.3,0.0,3.42,0.28,1.27,0.63,5.55
34.0,Thursday,1,4.22,1,21.1,1,3.0,4,0.3,2,8.8,8.27,3.16,0.3,0.07,0.88,12.76
25.1,Sunday,1,4.54,1,21.2,1,3.5,3,7.0,3,7.6,6.36,3.18,0.35,1.26,1.14,11.99
32.4,Saturday,1,3.88,1,22.7,1,3.9,5,5.8,3,5.1,6.73,3.4,0.39,1.74,0.76,12.94
32.5,Friday,2,3.42,1,19.5,2,2.8,4,8.3,2,8.2,5.99,2.92,0.56,1.99,0.82,12.39
35.3,Tuesday,1,5.68,1,19.2,1,1.0,6,16.0,2,5.8,12.16,2.88,0.1,5.76,0.58,21.35
43.8,Saturday,0,0.0,1,21.8,1,3.7,2,0.9,1,7.4,0.0,3.27,0.37,0.11,0.37,4.2
32.0,Thursday,1,4.52,1,20.7,1,2.1,5,4.4,1,6.6,7.6,3.1,0.21,1.32,0.33,12.64
27.5,Tuesday,1,3.75,1,19.9,1,3.8,2,3.8,2,5.6,5.25,2.98,0.38,0.46,0.56,9.72
29.9,Tuesday,1,4.15,1,19.9,1,3.8,4,3.6,2,3.4,5.81,2.98,0.38,0.86,0.34,10.29
21.2,Thursday,1,4.78,1,19.7,1,3.2,4,6.1,2,6.4,6.69,2.95,0.32,1.46,0.64,12.17
26.5,Monday,2,4.43,1,19.8,1,3.9,3,4.2,1,4.6,6.2,2.97,0.39,0.76,0.23,10.83
28.0,Sunday,2,2.78,1,20.0,1,2.5,5,0.0,2,3.5,3.89,3.0,0.25,0.0,0.35,7.42
27.4,Saturday,1,3.58,1,19.6,1,4.4,1,2.0,1,7.7,5.01,2.94,0.44,0.12,0.38,8.79
30.8,Thursday,1,3.79,1,20.8,1,3.2,4,5.0,2,4.7,5.73,3.12,0.32,1.2,0.47,10.81
25.9,Friday,1,4.04,1,21.1,1,2.8,3,1.6,1,2.4,5.66,3.16,0.28,0.29,0.12,9.55
35.6,Wednesday,2,5.65,1,19.2,1,4.1,5,11.8,1,6.0,12.34,2.88,0.41,3.54,0.3,19.32
30.0,Thursday,2,4.19,1,21.4,1,2.3,1,0.9,1,5.7,5.87,3.21,0.23,0.05,0.29,9.58
30.0,Sunday,1,4.16,1,18.1,1,0.9,5,4.1,1,5.9,5.82,2.72,0.09,1.23,0.3,10.38
28.4,Sunday,1,1.78,1,20.8,1,1.8,5,0.7,3,5.9,2.49,3.12,0.18,0.21,0.89,7.06
30.8,Tuesday,1,5.62,1,20.8,1,4.4,5,8.7,1,4.0,8.5,3.12,0.44,2.61,0.2,14.72
34.1,Tuesday,0,0.0,1,19.9,2,3.2,2,2.7,1,5.2,0.0,2.98,0.64,0.32,0.26,4.48
25.7,Thursday,0,0.0,1,20.1,1,3.2,4,0.7,2,8.1,0.0,3.02,0.32,0.17,0.81,4.26
26.7,Wednesday,1,4.15,1,19.6,1,3.9,1,1.5,2,7.7,5.81,2.94,0.39,0.09,0.77,10.05
28.5,Thursday,1,3.26,1,19.2,1,3.3,5,9.4,0,5.3,4.56,2.88,0.33,2.82,0.0,10.6
23.3,Wednesday,0,0.0,1,20.0,2,2.7,5,8.2,0,7.2,0.0,3.0,0.54,2.46,0.0,6.14
25.9,Wednesday,1,3.09,1,19.2,1,2.6,4,8.9,3,6.2,4.33,2.88,0.26,2.14,0.93,10.37
27.6,Sunday,1,5.34,1,21.7,1,1.8,5,4.7,2,5.3,7.48,3.26,0.18,1.41,0.53,12.78
34.4,Sunday,1,2.0,1,16.8,0,1.9,2,5.0,1,8.5,4.03,2.52,0.0,0.6,0.43,7.44
31.3,Sunday,1,3.25,1,19.8,1,3.2,4,5.3,2,4.2,5.14,2.97,0.32,1.27,0.42,9.96
31.0,Friday,0,0.0,1,17.1,1,2.8,3,5.6,1,6.6,0.0,2.56,0.28,1.01,0.33,4.07
34.3,Sunday,1,6.19,1,18.4,1,3.5,6,13.1,1,2.7,12.4,2.76,0.35,4.72,0.14,20.24
29.3,Saturday,1,4.83,1,19.1,1,2.9,6,16.0,2,6.7,6.76,2.86,0.29,5.76,0.67,16.44
32.0,Tuesday,1,2.55,1,22.0,1,1.9,5,3.1,3,4.7,4.28,3.3,0.19,0.93,0.7,9.34
29.5,Tuesday,0,0.0,1,21.7,1,3.2,6,5.0,1,5.2,0.0,3.26,0.32,1.8,0.26,5.6
31.3,Wednesday,1,5.03,1,20.1,1,3.2,3,4.4,2,5.4,7.96,3.02,0.32,0.79,0.54,12.35
27.1,Tuesday,0,0.0,1,20.1,1,3.0,6,6.5,1,1.6,0.0,3.02,0.3,2.34,0.08,5.89
17.8,Monday,1,2.91,1,21.6,1,3.2,3,2.4,1,2.8,4.07,3.24,0.32,0.43,0.14,7.94
29.3,Wednesday,1,2.89,1,21.7,1,5.0,5,1.6,0,7.7,4.05,3.26,0.5,0.48,0.0,8.3
37.1,Tuesday,0,0.0,1,19.1,1,1.8,5,7.1,1,6.2,0.0,2.86,0.18,2.13,0.31,5.68
34.6,Monday,1,4.48,1,21.0,0,2.0,1,1.9,3,8.9,9.15,3.15,0.0,0.11,1.34,13.98
34.8,Friday,0,0.0,1,18.6,2,1.3,3,4.7,2,3.3,0.0,2.79,0.26,0.85,0.33,4.02
36.2,Tuesday,1,5.46,1,19.4,1,3.1,1,0.2,1,7.7,12.38,2.91,0.31,0.01,0.38,15.96
30.4,Monday,1,4.53,1,20.9,1,1.1,6,1.6,3,6.9,6.59,3.14,0.11,0.58,1.04,11.58
31.0,Thursday,1,4.8,1,19.0,1,3.2,2,2.7,3,8.3,7.39,2.85,0.32,0.32,1.25,12.07
26.9,Saturday,1,5.51,1,19.5,1,2.9,4,4.7,2,5.8,7.71,2.92,0.29,1.13,0.58,12.79
28.4,Thursday,2,3.74,1,17.5,2,2.4,5,5.6,3,6.2,5.24,2.62,0.48,1.68,0.93,10.64
33.1,Monday,1,3.06,1,20.7,1,3.5,3,3.4,1,4.2,5.61,3.1,0.35,0.61,0.21,9.9
36.0,Wednesday,1,5.0,1,18.7,1,3.3,4,4.0,2,5.5,11.2,2.8,0.33,0.96,0.55,15.91
29.3,Sunday,1,2.79,1,18.8,2,4.6,4,5.7,2,5.0,3.91,2.82,0.92,1.37,0.5,9.35
27.7,Sunday,2,2.86,1,22.0,1,3.6,2,4.1,3,3.3,4.0,3.3,0.36,0.49,0.5,8.77
30.0,Sunday,1,3.31,1,19.0,0,2.9,5,3.6,2,6.3,4.63,2.85,0.0,1.08,0.63,9.04
33.0,Wednesday,1,3.02,1,21.1,1,0.7,3,4.9,1,7.9,5.5,3.16,0.07,0.88,0.4,10.25
22.8,Tuesday,2,4.63,1,21.6,0,3.9,3,4.2,2,8.4,6.48,3.24,0.0,0.76,0.84,11.27
18.5,Sunday,1,3.28,1,21.4,2,3.9,4,0.6,1,4.4,4.59,3.21,0.78,0.14,0.22,8.92
27.2,Thursday,2,4.63,1,19.6,1,4.3,4,3.6,1,5.9,6.48,2.94,0.43,0.86,0.3,10.85
23.9,Wednesday,2,4.14,1,19.4,2,0.7,6,8.0,1,5.7,5.8,2.91,0.14,2.88,0.29,11.97
27.5,Wednesday,0,0.0,1,18.6,2,3.2,6,16.0,3,8.9,0.0,2.79,0.64,5.76,1.34,10.42
29.3,Sunday,1,5.09,1,17.4,1,3.7,4,3.4,1,9.6,7.13,2.61,0.37,0.82,0.48,11.46
27.7,Thursday,1,3.5,1,21.2,0,4.2,3,2.8,2,3.4,4.9,3.18,0.0,0.5,0.34,8.96
37.3,Friday,1,4.54,1,21.0,0,3.6,3,4.8,1,7.0,11.0,3.15,0.0,0.86,0.35,15.35
31.6,Wednesday,1,3.53,1,20.7,1,3.1,3,3.8,3,7.1,5.73,3.1,0.31,0.68,1.06,10.91
31.5,Sunday,1,5.78,1,15.7,1,2.0,4,2.0,1,5.6,9.3,2.36,0.2,0.48,0.28,12.46
33.1,Saturday,1,4.29,1,19.7,1,2.9,5,0.9,2,3.5,7.87,2.95,0.29,0.27,0.35,11.58
24.3,Monday,0,0.0,1,20.9,1,3.4,3,0.3,3,7.4,0.0,3.14,0.34,0.05,1.11,4.82
35.2,Tuesday,1,3.91,1,21.9,2,3.8,2,3.8,2,8.4,8.31,3.28,0.76,0.46,0.84,13.54
29.6,Wednesday,0,0.0,1,20.4,1,1.4,4,2.6,1,4.9,0.0,3.06,0.14,0.62,0.25,4.11
33.4,Saturday,0,0.0,1,20.3,1,3.3,2,5.8,2,8.4,0.0,3.04,0.33,0.7,0.84,4.56
24.6,Saturday,1,2.21,1,19.0,1,1.5,5,4.9,3,6.0,3.09,2.85,0.15,1.47,0.9,8.52
22.2,Wednesday,1,3.54,1,20.6,1,3.3,4,7.4,2,8.8,4.96,3.09,0.33,1.78,0.88,11.21
34.1,Friday,1,4.62,1,19.6,1,1.9,4,2.2,1,8.8,9.12,2.94,0.19,0.53,0.44,13.24
31.9,Monday,0,0.0,1,18.9,1,1.6,3,4.4,3,6.0,0.0,2.83,0.16,0.79,0.9,4.71
25.5,Tuesday,2,5.12,1,18.3,1,4.8,6,13.7,1,6.8,7.17,2.74,0.48,4.93,0.34,15.9
25.7,Wednesday,1,2.65,1,18.6,1,1.6,2,2.2,2,4.6,3.71,2.79,0.16,0.26,0.46,7.42
35.6,Tuesday,1,4.09,1,20.5,1,2.4,6,3.7,2,2.8,8.94,3.08,0.24,1.33,0.28,13.77
24.1,Thursday,1,2.9,1,17.9,1,3.0,3,3.3,1,6.5,4.06,2.68,0.3,0.59,0.32,7.88
38.2,Saturday,1,6.06,1,19.6,2,0.9,6,7.1,2,3.1,15.43,2.94,0.18,2.56,0.31,21.33
25.5,Saturday,1,2.82,1,22.0,1,3.8,5,3.4,2,10.2,3.95,3.3,0.38,1.02,1.02,9.82
33.2,Wednesday,0,0.0,1,17.8,1,2.3,2,4.9,3,8.3,0.0,2.67,0.23,0.59,1.25,4.93
28.4,Wednesday,0,0.0,1,20.7,0,2.0,5,6.7,1,5.7,0.0,3.1,0.0,2.01,0.29,5.56
33.0,Thursday,2,4.25,1,20.8,1,3.9,5,10.9,2,11.3,7.74,3.12,0.39,3.27,1.13,15.54
27.3,Friday,1,4.97,1,19.6,1,1.7,1,2.0,2,4.7,6.96,2.94,0.17,0.12,0.47,10.67
29.2,Wednesday,1,4.93,1,20.9,2,3.4,2,4.9,0,5.2,6.9,3.14,0.68,0.59,0.0,11.42
30.2,Saturday,2,4.13,1,19.7,1,3.0,4,2.0,1,5.2,5.9,2.95,0.3,0.48,0.26,9.71
25.0,Tuesday,1,2.4,1,21.2,0,3.1,5,8.8,3,5.9,3.36,3.18,0.0,2.64,0.89,10.21
33.7,Monday,1,3.12,1,18.4,1,2.9,5,5.0,1,5.4,5.99,2.76,0.29,1.5,0.27,10.94
27.4,Sunday,1,2.2,1,22.8,1,3.1,5,6.2,3,6.9,3.08,3.42,0.31,1.86,1.04,9.8
28.9,Tuesday,0,0.0,1,22.2,1,0.7,5,3.1,1,4.0,0.0,3.33,0.07,0.93,0.2,4.65
25.0,Friday,1,3.14,1,16.7,1,2.1,5,14.4,1,6.3,4.4,2.5,0.21,4.32,0.32,11.74
17.2,Monday,1,2.99,1,21.8,0,2.1,4,3.4,2,4.9,4.19,3.27,0.0,0.82,0.49,8.64
29.0,Tuesday,2,4.26,1,19.1,1,4.1,3,5.3,2,6.1,5.96,2.86,0.41,0.95,0.61,10.97
42.1,Tuesday,2,7.56,1,22.1,1,3.2,6,2.9,2,3.8,23.38,3.32,0.32,1.04,0.38,28.45
33.9,Thursday,2,5.12,1,21.5,1,3.0,1,1.2,2,4.3,9.97,3.22,0.3,0.07,0.43,13.91
29.9,Sunday,2,4.23,1,18.4,0,4.9,3,6.1,2,10.3,5.92,2.76,0.0,1.1,1.03,10.83
28.7,Friday,1,2.47,1,20.9,2,1.0,5,7.8,1,4.2,3.46,3.14,0.2,2.34,0.21,9.37
30.1,Saturday,1,4.2,1,18.9,1,4.4,4,2.8,2,7.0,5.94,2.83,0.44,0.67,0.7,10.51
32.7,Thursday,1,5.34,1,20.8,1,3.0,1,0.9,1,4.9,9.5,3.12,0.3,0.05,0.25,13.3
24.1,Monday,1,4.05,1,20.1,1,2.2,2,2.9,2,4.0,5.67,3.02,0.22,0.35,0.4,9.95
35.6,Sunday,2,3.4,1,18.9,1,2.5,4,5.3,1,6.1,7.43,2.83,0.25,1.27,0.3,11.89
33.6,Saturday,1,4.03,1,18.0,1,2.5,6,2.7,1,4.3,7.67,2.7,0.25,0.97,0.22,11.63
33.6,Thursday,2,4.53,1,20.3,1,4.5,4,4.3,2,7.0,8.62,3.04,0.45,1.03,0.7,14.03
32.2,Sunday,2,3.89,1,20.7,0,3.2,4,4.9,0,5.8,6.65,3.1,0.0,1.18,0.0,11.05
30.1,Friday,2,3.52,1,19.8,1,3.7,3,5.1,1,8.7,4.98,2.97,0.37,0.92,0.44,9.93
33.4,Wednesday,2,2.05,1,18.8,1,2.3,3,6.0,2,3.4,3.85,2.82,0.23,1.08,0.34,8.6
33.0,Wednesday,1,3.56,1,19.3,1,3.1,1,1.8,2,6.6,6.47,2.9,0.31,0.11,0.66,10.57
28.2,Monday,0,0.0,1,18.4,1,3.9,3,4.7,3,6.7,0.0,2.76,0.39,0.85,1.01,4.84
27.1,Wednesday,0,0.0,1,21.1,1,4.1,4,6.3,2,4.0,0.0,3.16,0.41,1.51,0.4,5.53
30.5,Thursday,1,4.28,1,16.8,1,1.7,2,3.3,0,4.7,6.29,2.52,0.17,0.4,0.0,9.33
37.7,Monday,1,6.04,1,21.4,1,3.8,2,3.9,2,3.2,14.97,3.21,0.38,0.47,0.32,19.43
23.8,Saturday,2,3.59,1,19.9,1,2.9,5,12.3,1,2.9,5.03,2.98,0.29,3.69,0.14,12.02
22.7,Friday,2,2.79,1,20.8,1,3.4,6,4.1,2,5.8,3.91,3.12,0.34,1.48,0.58,9.51
30.8,Monday,1,3.72,1,20.9,1,2.5,6,6.2,3,7.6,5.63,3.14,0.25,2.23,1.14,12.5
30.3,Saturday,0,0.0,1,20.2,1,4.5,4,8.0,2,5.7,0.0,3.03,0.45,1.92,0.57,6.01
30.9,Monday,0,0.0,1,19.4,1,3.3,2,1.3,2,5.8,0.0,2.91,0.33,0.16,0.58,4.05
31.2,Tuesday,0,0.0,1,21.7,1,2.4,5,2.3,1,3.4,0.0,3.26,0.24,0.69,0.17,4.47
28.9,Tuesday,1,2.49,1,17.4,2,2.5,2,1.8,2,1.8,3.49,2.61,0.5,0.22,0.18,6.89
37.4,Monday,1,3.69,1,22.0,2,3.9,5,6.9,3,6.7,9.0,3.3,0.78,2.07,1.01,16.21
22.0,Sunday,0,0.0,1,18.3,0,3.7,5,5.1,1,4.7,0.0,2.74,0.0,1.53,0.24,4.5
25.9,Wednesday,1,3.28,1,19.5,2,3.1,5,7.9,1,2.4,4.59,2.92,0.62,2.37,0.12,10.79
29.5,Tuesday,0,0.0,1,22.1,0,2.6,6,6.9,2,4.9,0.0,3.32,0.0,2.48,0.49,6.41
21.8,Sunday,1,4.87,1,23.3,1,4.0,5,5.5,2,6.5,6.82,3.5,0.4,1.65,0.65,12.94
29.1,Sunday,1,4.7,1,20.3,1,2.5,5,1.1,1,6.8,6.58,3.04,0.25,0.33,0.34,10.65
38.3,Friday,1,7.47,1,18.0,1,2.4,3,5.2,3,6.4,19.14,2.7,0.24,0.94,0.96,24.19
30.1,Saturday,1,2.5,1,21.3,1,5.5,6,10.4,1,4.6,3.54,3.2,0.55,3.74,0.23,11.32
31.2,Thursday,2,4.59,1,19.9,1,3.4,2,2.4,1,7.2,7.2,2.98,0.34,0.29,0.36,11.12
23.7,Tuesday,1,3.26,1,18.4,2,2.9,6,8.6,2,6.0,4.56,2.76,0.58,3.1,0.6,11.44
26.9,Monday,1,3.93,1,20.3,1,2.6,3,4.3,1,4.2,5.5,3.04,0.26,0.77,0.21,9.49
28.1,Wednesday,1,5.86,1,18.0,1,2.8,2,4.1,2,3.8,8.2,2.7,0.28,0.49,0.38,12.22
28.4,Thursday,1,2.28,1,20.3,2,4.2,5,7.4,1,6.4,3.19,3.04,0.84,2.22,0.32,9.41
36.4,Saturday,2,4.0,1,18.6,0,3.8,1,0.4,1,7.7,9.18,2.79,0.0,0.02,0.38,12.22
32.8,Sunday,1,3.56,1,17.0,1,2.4,5,13.0,1,7.2,6.37,2.55,0.24,3.9,0.36,13.44
24.4,Saturday,1,3.18,1,17.5,1,2.7,3,6.6,3,6.3,4.45,2.62,0.27,1.19,0.94,9.52
31.2,Tuesday,0,0.0,1,19.1,1,1.7,6,8.2,2,7.3,0.0,2.86,0.17,2.95,0.73,6.93
32.5,Saturday,1,5.76,1,20.8,1,3.3,5,7.2,2,10.7,10.08,3.12,0.33,2.16,1.07,16.82
35.7,Saturday,1,6.15,1,21.9,1,0.0,5,7.6,1,6.6,13.52,3.28,0.0,2.28,0.33,19.37
37.9,Wednesday,0,0.0,1,22.1,1,1.5,3,2.5,2,6.3,0.0,3.32,0.15,0.45,0.63,4.51
24.9,Sunday,1,2.5,1,17.7,1,3.1,2,4.2,2,7.1,3.5,2.66,0.31,0.5,0.71,7.45
25.9,Wednesday,1,4.1,1,19.7,1,0.4,5,10.0,3,7.5,5.74,2.95,0.04,3.0,1.12,13.07
23.7,Wednesday,0,0.0,1,19.1,0,5.3,2,2.6,2,3.3,0.0,2.86,0.0,0.31,0.33,3.63
28.8,Monday,1,4.46,1,19.8,1,2.1,3,5.3,2,6.4,6.24,2.97,0.21,0.95,0.64,11.05
32.3,Saturday,1,4.29,1,22.1,1,3.5,4,8.1,0,8.0,7.39,3.32,0.35,1.94,0.0,13.21
34.9,Saturday,0,0.0,1,20.2,2,4.3,4,5.9,2,9.5,0.0,3.03,0.86,1.42,0.95,6.42
29.6,Saturday,1,3.4,1,21.3,1,3.3,2,1.3,2,6.0,4.76,3.2,0.33,0.16,0.6,9.13
28.4,Friday,1,3.86,1,23.3,1,3.0,2,3.6,3,5.1,5.4,3.5,0.3,0.43,0.76,10.38
30.8,Wednesday,1,4.88,1,17.7,2,2.4,2,2.7,1,6.3,7.38,2.66,0.48,0.32,0.32,11.17
25.8,Thursday,1,4.13,1,19.3,1,1.7,6,3.6,1,4.7,5.78,2.9,0.17,1.3,0.24,10.17
40.4,Tuesday,1,5.69,1,20.9,1,2.5,1,2.0,2,9.1,16.26,3.14,0.25,0.12,0.91,20.84
22.0,Sunday,1,3.99,1,20.4,1,3.1,6,8.9,1,7.0,5.59,3.06,0.31,3.2,0.35,12.48
30.9,Thursday,2,4.79,1,21.6,1,3.0,2,2.4,1,5.9,7.31,3.24,0.3,0.29,0.3,11.6
40.1,Sunday,1,4.51,1,19.4,1,2.0,2,5.4,3,8.2,12.68,2.91,0.2,0.65,1.23,17.78
30.0,Monday,0,0.0,1,20.3,1,4.1,4,3.9,2,3.7,0.0,3.04,0.41,0.94,0.37,4.78
29.0,Monday,1,4.22,1,18.9,1,1.6,2,1.4,3,1.9,5.91,2.83,0.16,0.17,0.29,9.49
28.2,Sunday,2,5.53,1,21.6,1,3.6,4,5.8,2,6.8,7.74,3.24,0.36,1.39,0.68,13.29
29.1,Saturday,0,0.0,1,20.1,2,3.9,6,7.4,1,8.1,0.0,3.02,0.78,2.66,0.4,6.64
36.9,Thursday,2,5.42,1,22.1,1,3.2,1,1.0,2,5.7,12.83,3.32,0.32,0.06,0.57,17.08
18.9,Saturday,2,3.36,1,22.1,1,4.7,5,11.4,1,4.6,4.7,3.32,0.47,3.42,0.23,12.21
37.7,Friday,0,0.0,1,18.1,1,3.4,3,1.8,3,4.1,0.0,2.72,0.34,0.32,0.62,4.13
22.9,Monday,2,3.47,1,22.3,1,4.4,2,3.1,2,3.5,4.86,3.34,0.44,0.37,0.35,9.37
28.7,Monday,1,4.67,1,21.4,1,0.3,2,2.8,1,7.3,6.54,3.21,0.03,0.34,0.36,10.34
27.9,Thursday,2,3.27,1,19.8,2,3.9,6,8.0,1,7.6,4.58,2.97,0.78,2.88,0.38,11.79
32.9,Monday,1,3.16,1,21.3,2,3.6,2,4.2,2,7.8,5.7,3.2,0.72,0.5,0.78,10.85
22.0,Friday,1,3.51,1,19.2,1,3.5,6,16.0,1,6.0,4.91,2.88,0.35,5.76,0.3,14.26
32.3,Friday,1,5.63,1,22.0,1,3.6,4,5.3,1,3.7,9.69,3.3,0.36,1.27,0.19,14.89
40.1,Friday,1,5.75,1,20.1,1,2.5,1,1.9,2,4.6,16.18,3.02,0.25,0.11,0.46,20.03
23.2,Tuesday,0,0.0,1,21.3,2,3.8,4,5.4,2,7.2,0.0,3.2,0.76,1.3,0.72,5.69
30.9,Friday,1,5.01,1,19.1,1,4.8,5,6.9,1,3.9,7.64,2.86,0.48,2.07,0.2,13.15
26.7,Friday,0,0.0,1,20.4,1,1.1,5,8.2,2,5.8,0.0,3.06,0.11,2.46,0.58,6.28
32.1,Tuesday,1,5.24,1,21.3,1,4.2,4,5.8,3,4.0,8.88,3.2,0.42,1.39,0.6,14.73
30.1,Saturday,1,4.74,1,20.5,1,2.9,6,4.4,1,4.6,6.71,3.08,0.29,1.58,0.23,11.99
26.8,Wednesday,1,3.76,1,20.8,2,2.3,2,4.4,3,3.7,5.26,3.12,0.46,0.53,0.56,10.0
32.4,Monday,1,5.14,1,18.9,1,1.8,6,9.8,1,6.0,8.93,2.83,0.18,3.53,0.3,15.47
39.0,Friday,0,0.0,1,20.5,1,3.4,5,6.5,2,3.1,0.0,3.08,0.34,1.95,0.31,5.84
29.0,Monday,0,0.0,1,18.9,1,4.6,5,4.6,2,4.5,0.0,2.83,0.46,1.38,0.45,5.26
33.6,Thursday,0,0.0,1,20.0,1,2.6,5,7.6,2,7.7,0.0,3.0,0.26,2.28,0.77,6.4
23.5,Monday,1,3.41,1,19.3,1,3.7,4,4.7,3,8.1,4.77,2.9,0.37,1.13,1.22,10.43
25.2,Sunday,2,4.65,1,19.7,1,3.0,5,7.3,1,7.3,6.51,2.95,0.3,2.19,0.36,12.39
32.4,Saturday,0,0.0,1,17.4,1,1.4,4,4.8,1,8.8,0.0,2.61,0.14,1.15,0.44,4.52
37.4,Tuesday,2,5.72,1,20.0,1,2.8,3,2.3,2,3.4,13.94,3.0,0.28,0.41,0.34,17.96
31.8,Monday,1,2.13,1,19.8,1,2.3,4,9.6,2,5.8,3.52,2.97,0.23,2.3,0.58,9.66
28.4,Monday,1,2.83,1,17.7,1,2.0,3,2.1,1,6.2,3.96,2.66,0.2,0.38,0.31,7.46
30.0,Monday,1,3.83,1,20.5,2,2.6,4,3.3,2,9.9,5.36,3.08,0.52,0.79,0.99,10.74
23.7,Wednesday,2,3.8,1,21.2,1,2.7,3,5.4,1,5.5,5.32,3.18,0.27,0.97,0.28,10.04
33.0,Wednesday,0,0.0,1,20.5,1,4.0,2,3.1,1,7.6,0.0,3.08,0.4,0.37,0.38,4.32
34.4,Thursday,1,3.84,1,21.2,1,3.0,3,5.3,2,9.4,7.75,3.18,0.3,0.95,0.94,13.05
27.7,Tuesday,1,5.08,1,19.2,1,1.6,6,10.0,1,6.3,7.11,2.88,0.16,3.6,0.32,14.05
27.6,Monday,1,5.15,1,19.7,2,4.2,3,2.5,2,5.1,7.21,2.95,0.84,0.45,0.51,12.01
31.3,Monday,2,3.81,1,20.1,1,3.4,5,8.9,1,5.2,6.02,3.02,0.34,2.67,0.26,12.29
27.8,Monday,0,0.0,1,20.2,1,3.3,2,1.8,1,2.6,0.0,3.03,0.33,0.22,0.13,3.73
29.7,Monday,1,3.84,1,16.5,1,3.9,4,8.1,2,5.1,5.38,2.48,0.39,1.94,0.51,10.52
40.5,Wednesday,1,7.77,1,18.6,0,3.0,2,1.3,2,3.2,22.3,2.79,0.0,0.16,0.32,25.65
28.8,Saturday,1,4.08,1,21.5,1,2.5,2,1.6,2,7.6,5.71,3.22,0.25,0.19,0.76,10.04
28.2,Saturday,1,5.59,1,18.8,1,3.3,4,3.3,2,2.9,7.83,2.82,0.33,0.79,0.29,11.85
26.8,Thursday,1,4.62,1,19.6,1,3.6,4,6.2,1,6.8,6.47,2.94,0.36,1.49,0.34,11.64
33.7,Sunday,2,4.34,1,19.9,1,3.4,3,3.9,2,8.3,8.33,2.98,0.34,0.7,0.83,13.23
29.1,Friday,1,3.43,1,18.0,1,3.8,4,5.6,3,7.5,4.8,2.7,0.38,1.34,1.12,10.41
26.8,Tuesday,2,4.66,1,22.4,1,3.1,6,7.5,3,5.0,6.52,3.36,0.31,2.7,0.75,13.71
36.6,Saturday,1,3.77,1,20.0,2,2.0,2,2.6,1,7.5,8.76,3.0,0.4,0.31,0.38,12.91
37.1,Sunday,0,0.0,1,18.7,2,2.4,1,1.0,0,6.0,0.0,2.8,0.48,0.06,0.0,3.56
27.0,Monday,0,0.0,1,21.0,1,4.4,5,1.6,3,5.1,0.0,3.15,0.44,0.48,0.76,4.96
20.7,Saturday,0,0.0,1,19.6,1,3.0,2,0.8,2,5.3,0.0,2.94,0.3,0.1,0.53,4.01
35.0,Thursday,1,4.11,1,20.1,1,1.9,6,4.8,2,6.9,8.62,3.02,0.19,1.73,0.69,14.34
26.6,Friday,1,3.59,1,22.1,1,1.8,4,4.5,2,2.9,5.03,3.32,0.18,1.08,0.29,10.03
34.0,Saturday,1,3.71,1,19.2,0,1.7,4,9.2,1,5.0,7.27,2.88,0.0,2.21,0.25,12.55
20.1,Thursday,1,3.75,1,21.7,0,3.8,4,2.6,2,6.7,5.25,3.26,0.0,0.62,0.67,9.9
34.5,Wednesday,0,0.0,1,19.5,0,3.3,4,2.4,3,5.0,0.0,2.92,0.0,0.58,0.75,4.42
23.9,Friday,1,2.43,1,20.1,1,4.8,2,0.2,2,3.4,3.4,3.02,0.48,0.02,0.34,7.23
33.7,Thursday,1,3.91,1,20.5,1,3.6,6,10.0,1,4.2,7.49,3.08,0.36,3.6,0.21,14.95
30.1,Sunday,1,3.79,1,19.5,1,3.6,4,4.8,1,6.3,5.36,2.92,0.36,1.15,0.32,10.06
25.2,Saturday,0,0.0,1,18.5,1,5.0,2,0.9,1,7.0,0.0,2.78,0.5,0.11,0.35,3.81
28.0,Wednesday,0,0.0,1,20.7,1,2.0,4,5.3,2,8.2,0.0,3.1,0.2,1.27,0.82,5.24
33.4,Sunday,2,3.65,1,21.7,1,1.5,2,1.9,1,7.6,6.85,3.26,0.15,0.23,0.38,10.99
30.5,Thursday,2,7.04,1,20.9,1,3.6,1,2.2,0,7.5,10.35,3.14,0.36,0.13,0.0,14.16
32.9,Thursday,0,0.0,1,20.9,1,2.8,4,3.5,3,2.2,0.0,3.14,0.28,0.84,0.33,4.59
39.9,Sunday,1,6.66,1,19.3,1,3.3,4,9.9,1,7.5,18.55,2.9,0.33,2.38,0.38,24.34
22.2,Saturday,1,2.62,1,21.0,1,4.2,4,5.8,0,5.0,3.67,3.15,0.42,1.39,0.0,8.64
38.1,Friday,1,2.37,1,20.5,1,3.8,2,2.1,1,3.1,6.01,3.08,0.38,0.25,0.16,9.75
30.5,Wednesday,1,3.84,1,21.3,1,4.5,4,4.6,1,7.1,5.65,3.2,0.45,1.1,0.36,10.77
25.5,Monday,0,0.0,1,20.1,1,2.1,2,3.1,2,6.4,0.0,3.02,0.21,0.37,0.64,4.37
23.3,Tuesday,1,3.48,1,20.9,1,3.9,4,4.6,3,7.8,4.87,3.14,0.39,1.1,1.17,10.74
29.1,Friday,1,3.55,1,19.3,1,2.2,4,2.9,3,4.9,4.97,2.9,0.22,0.7,0.74,9.3
34.6,Wednesday,1,2.56,1,21.0,1,4.7,5,8.8,2,6.0,5.23,3.15,0.47,2.64,0.6,12.04
29.4,Sunday,1,3.42,1,18.1,1,3.4,6,12.0,2,2.4,4.79,2.72,0.34,4.32,0.24,12.44
37.6,Thursday,1,4.48,1,19.5,1,3.5,6,12.1,2,9.9,11.04,2.92,0.35,4.36,0.99,19.87
22.7,Sunday,1,3.13,1,19.0,1,2.4,6,7.4,1,3.3,4.38,2.85,0.24,2.66,0.16,10.27
29.9,Wednesday,1,3.63,1,24.0,1,2.5,6,12.4,1,4.4,5.08,3.6,0.25,4.46,0.22,13.68
23.7,Sunday,1,2.93,1,21.0,1,3.4,5,7.7,3,3.9,4.1,3.15,0.34,2.31,0.58,10.51
31.8,Sunday,0,0.0,1,18.4,1,4.7,6,6.8,1,6.4,0.0,2.76,0.47,2.45,0.32,5.91
34.4,Tuesday,1,5.31,1,17.9,1,4.6,6,5.8,1,4.3,10.7,2.68,0.46,2.09,0.22,16.08
27.9,Saturday,0,0.0,1,17.4,1,3.4,5,9.7,2,8.2,0.0,2.61,0.34,2.91,0.82,6.65
17.0,Tuesday,0,0.0,1,18.3,1,2.6,2,0.4,2,6.6,0.0,2.74,0.26,0.05,0.66,3.9
31.0,Monday,1,2.82,1,18.7,0,3.6,1,2.3,0,3.0,4.35,2.8,0.0,0.14,0.0,7.17
32.2,Monday,1,5.14,1,18.5,1,4.3,5,7.1,1,7.6,8.78,2.78,0.43,2.13,0.38,14.47
32.0,Tuesday,2,5.78,1,19.3,0,3.2,4,3.7,1,7.8,9.71,2.9,0.0,0.89,0.39,13.8
36.2,Friday,1,6.4,1,21.3,1,2.6,5,4.3,2,4.5,14.52,3.2,0.26,1.29,0.45,19.92
24.6,Friday,1,4.31,1,19.7,1,3.7,3,3.1,1,3.7,6.03,2.95,0.37,0.56,0.19,10.16
33.4,Sunday,1,4.43,1,21.1,1,2.8,3,5.4,2,6.8,8.31,3.16,0.28,0.97,0.68,13.61
36.0,Sunday,1,4.64,1,18.4,0,2.6,5,7.7,2,7.3,10.4,2.76,0.0,2.31,0.73,15.8
21.1,Thursday,1,3.9,1,19.4,1,2.9,6,6.2,3,4.0,5.46,2.91,0.29,2.23,0.6,11.63
31.6,Monday,2,2.53,1,18.6,1,3.7,2,1.9,1,7.8,4.11,2.79,0.37,0.23,0.39,7.76
27.5,Thursday,0,0.0,1,20.7,1,2.8,6,9.3,1,4.9,0.0,3.1,0.28,3.35,0.25,6.89
29.6,Monday,2,3.63,1,19.7,1,3.0,5,15.8,2,8.4,5.08,2.95,0.3,4.74,0.84,13.88
31.7,Tuesday,2,6.67,1,22.7,1,3.1,3,9.5,2,2.8,10.93,3.4,0.31,1.71,0.28,16.63
27.6,Friday,1,3.67,1,19.0,1,2.6,3,6.1,1,4.5,5.14,2.85,0.26,1.1,0.22,9.57
26.6,Sunday,2,4.08,1,18.4,1,4.5,1,0.8,2,5.6,5.71,2.76,0.45,0.05,0.56,9.42
30.2,Friday,1,4.33,1,20.4,2,4.8,1,1.8,0,4.0,6.18,3.06,0.96,0.11,0.0,10.29
24.6,Tuesday,0,0.0,1,19.7,1,2.7,4,3.3,0,5.9,0.0,2.95,0.27,0.79,0.0,4.0
24.6,Thursday,1,4.15,1,20.8,0,2.2,2,2.4,2,5.3,5.81,3.12,0.0,0.29,0.53,9.5
33.4,Thursday,0,0.0,1,19.9,1,2.5,2,4.5,1,5.6,0.0,2.98,0.25,0.54,0.28,4.1
24.3,Wednesday,1,4.65,1,19.8,2,3.4,5,5.9,2,5.2,6.51,2.97,0.68,1.77,0.52,12.45
33.3,Sunday,1,5.22,1,19.0,2,2.9,4,4.6,2,3.4,9.72,2.85,0.58,1.1,0.34,14.62
32.3,Sunday,1,4.55,1,19.6,1,1.7,4,4.0,2,6.0,7.84,2.94,0.17,0.96,0.6,12.44
21.4,Sunday,1,2.76,1,17.7,1,2.8,2,1.6,2,5.7,3.86,2.66,0.28,0.19,0.57,7.56
26.6,Monday,1,3.12,1,21.8,1,3.4,5,5.8,2,4.0,4.37,3.27,0.34,1.74,0.4,9.79
36.0,Thursday,2,6.56,1,21.9,1,4.0,6,11.0,0,8.5,14.69,3.28,0.4,3.96,0.0,22.25
25.1,Tuesday,0,0.0,1,21.4,1,4.8,4,7.1,3,6.6,0.0,3.21,0.48,1.7,0.99,6.31
27.7,Thursday,1,6.04,1,19.3,1,2.6,6,9.2,3,7.4,8.46,2.9,0.26,3.31,1.11,16.03
32.3,Friday,0,0.0,1,19.1,1,2.4,5,10.6,1,4.4,0.0,2.86,0.24,3.18,0.22,6.5
33.9,Monday,1,6.92,1,20.7,1,2.7,5,0.9,1,1.4,13.47,3.1,0.27,0.27,0.07,17.32
28.7,Sunday,0,0.0,1,18.6,1,2.1,5,6.8,1,9.5,0.0,2.79,0.21,2.04,0.48,5.35
27.0,Saturday,1,3.49,1,21.7,1,2.3,2,1.7,2,6.3,4.89,3.26,0.23,0.2,0.63,9.32
37.1,Wednesday,1,5.25,1,16.4,1,2.3,3,8.0,2,6.7,12.57,2.46,0.23,1.44,0.67,17.67
38.7,Monday,0,0.0,1,19.3,1,3.3,2,2.3,2,6.6,0.0,2.9,0.33,0.28,0.66,4.1
34.9,Friday,2,5.32,1,18.4,0,2.2,1,1.8,2,6.8,11.1,2.76,0.0,0.11,0.68,14.76
30.4,Sunday,0,0.0,1,21.9,1,3.8,2,4.0,2,3.9,0.0,3.28,0.38,0.48,0.39,4.74
26.0,Friday,1,3.29,1,21.6,1,4.1,6,6.5,2,3.9,4.61,3.24,0.41,2.34,0.39,11.2
25.8,Friday,0,0.0,1,20.8,1,1.9,3,5.9,2,3.9,0.0,3.12,0.19,1.06,0.39,4.72
32.6,Sunday,1,2.86,1,22.9,1,1.7,6,12.2,2,7.1,5.04,3.43,0.17,4.39,0.71,13.9
32.1,Friday,1,4.31,1,20.0,1,2.5,4,7.4,2,3.6,7.3,3.0,0.25,1.78,0.36,12.82
37.0,Tuesday,1,2.23,1,20.9,1,2.6,3,3.0,2,2.9,5.3,3.14,0.26,0.54,0.29,9.71
33.3,Wednesday,0,0.0,1,17.6,1,4.3,4,1.5,2,4.7,0.0,2.64,0.43,0.36,0.47,4.0
22.5,Saturday,1,4.22,1,19.5,2,2.9,3,8.3,2,5.5,5.91,2.92,0.58,1.49,0.55,11.63
35.3,Friday,1,6.44,1,20.2,1,3.4,6,6.8,2,5.9,13.8,3.03,0.34,2.45,0.59,20.18
25.0,Friday,1,2.76,1,18.6,0,3.4,5,10.0,2,5.0,3.86,2.79,0.0,3.0,0.5,10.08
28.1,Thursday,1,3.04,1,20.4,1,2.1,1,1.0,2,7.0,4.26,3.06,0.21,0.06,0.7,7.96
31.3,Wednesday,1,5.39,1,17.0,1,2.7,6,16.0,2,8.3,8.53,2.55,0.27,5.76,0.83,17.88
40.0,Monday,1,6.36,1,20.8,2,3.0,5,5.0,2,6.1,17.8,3.12,0.6,1.5,0.61,23.58
45.0,Wednesday,1,7.17,1,19.3,1,3.4,2,2.8,2,8.3,25.1,2.9,0.34,0.34,0.83,29.24
33.0,Wednesday,0,0.0,1,18.8,1,1.6,5,14.4,1,7.1,0.0,2.82,0.16,4.32,0.36,7.67
29.1,Sunday,1,4.31,1,21.1,1,2.4,4,1.1,0,4.1,6.03,3.16,0.24,0.26,0.0,9.85
32.7,Sunday,1,3.87,1,22.2,1,3.0,3,6.4,2,4.3,6.88,3.33,0.3,1.15,0.43,11.95
34.4,Sunday,1,5.34,1,21.3,1,2.6,5,6.6,2,4.2,10.77,3.2,0.26,1.98,0.42,16.91
28.4,Saturday,1,3.59,1,18.8,1,1.6,2,3.6,3,5.6,5.03,2.82,0.16,0.43,0.84,9.34
39.0,Wednesday,2,5.01,1,21.0,0,2.3,4,4.4,1,5.4,13.32,3.15,0.0,1.06,0.27,17.93
31.2,Saturday,0,0.0,1,19.6,2,1.6,1,2.4,1,7.2,0.0,2.94,0.32,0.14,0.36,3.75
32.5,Friday,1,4.65,1,21.7,0,4.4,6,4.8,1,5.7,8.14,3.26,0.0,1.73,0.29,13.29
33.3,Sunday,2,5.8,1,20.3,2,2.7,5,6.8,1,6.5,10.8,3.04,0.54,2.04,0.32,16.82
32.1,Friday,1,3.95,1,17.8,1,2.9,2,3.9,2,3.7,6.69,2.67,0.29,0.47,0.37,10.6
34.2,Sunday,1,3.93,1,19.6,1,2.0,3,2.4,1,6.5,7.81,2.94,0.2,0.43,0.32,11.67
26.9,Tuesday,1,3.81,1,18.8,2,3.2,2,2.8,2,5.0,5.33,2.82,0.64,0.34,0.5,9.67
27.2,Saturday,0,0.0,1,18.8,2,3.7,5,3.2,2,4.9,0.0,2.82,0.74,0.96,0.49,5.01
24.5,Saturday,1,4.34,1,19.5,1,2.1,2,2.1,2,4.7,6.08,2.92,0.21,0.25,0.47,9.83
32.2,Monday,1,4.46,1,20.4,1,2.1,5,15.4,3,9.0,7.61,3.06,0.21,4.62,1.35,16.9
33.9,Thursday,0,0.0,1,21.4,1,2.5,6,13.4,2,3.6,0.0,3.21,0.25,4.82,0.36,8.53
32.3,Wednesday,1,4.7,1,19.2,1,1.6,5,8.9,1,7.4,8.09,2.88,0.16,2.67,0.37,14.28
38.4,Monday,1,3.05,1,21.8,1,3.4,3,4.7,3,5.9,7.86,3.27,0.34,0.85,0.89,13.56
30.0,Saturday,1,5.62,1,17.4,1,3.8,3,0.9,3,3.3,7.87,2.61,0.38,0.16,0.5,11.68
33.3,Monday,1,3.85,1,18.7,0,1.6,4,4.8,1,5.4,7.17,2.8,0.0,1.15,0.27,11.36
24.5,Tuesday,1,3.37,1,23.1,1,3.9,4,7.8,0,1.3,4.72,3.47,0.39,1.87,0.0,10.5
28.1,Thursday,1,4.87,1,18.3,1,3.9,5,5.2,1,9.4,6.82,2.74,0.39,1.56,0.47,12.15
33.5,Saturday,0,0.0,1,21.9,1,0.2,4,6.3,1,5.3,0.0,3.28,0.02,1.51,0.26,5.06
34.2,Saturday,1,6.74,1,20.0,1,1.9,3,2.0,3,8.2,13.4,3.0,0.19,0.36,1.23,18.26
28.5,Wednesday,1,3.07,1,19.9,1,2.4,6,3.6,2,8.7,4.3,2.98,0.24,1.3,0.87,9.8
29.6,Sunday,2,3.16,1,21.4,1,3.6,2,5.7,1,4.9,4.42,3.21,0.36,0.68,0.25,8.96
22.4,Thursday,0,0.0,1,21.2,0,3.4,4,11.0,3,6.1,0.0,3.18,0.0,2.64,0.92,6.77
28.2,Tuesday,1,4.15,1,22.0,1,2.1,5,6.4,2,6.4,5.81,3.3,0.21,1.92,0.64,12.04
34.5,Friday,1,4.21,1,19.6,1,4.6,2,1.6,1,9.8,8.54,2.94,0.46,0.19,0.49,12.88
32.9,Monday,1,3.63,1,20.2,1,2.3,5,3.5,3,5.6,6.55,3.03,0.23,1.05,0.84,11.69
32.5,Wednesday,0,0.0,1,19.6,1,2.2,5,8.0,2,5.9,0.0,2.94,0.22,2.4,0.59,6.34
30.2,Saturday,1,3.1,1,18.3,1,1.8,5,13.1,2,3.2,4.43,2.74,0.18,3.93,0.32,11.38
30.0,Friday,2,5.77,1,20.3,1,2.8,1,0.9,2,4.2,8.08,3.04,0.28,0.05,0.42,11.94
26.7,Tuesday,1,3.21,1,19.8,1,3.9,2,2.9,2,5.0,4.49,2.97,0.39,0.35,0.5,8.37
33.5,Thursday,1,3.81,1,17.2,2,2.1,3,4.3,1,8.6,7.2,2.58,0.42,0.77,0.43,11.28
32.1,Monday,1,1.75,1,21.7,1,3.2,3,7.3,2,9.8,2.96,3.26,0.32,1.31,0.98,8.67
32.5,Wednesday,1,2.57,1,20.2,1,3.2,6,9.1,3,7.0,4.5,3.03,0.32,3.28,1.05,12.43
27.4,Saturday,1,3.37,1,18.9,1,3.0,5,2.0,1,6.7,4.72,2.83,0.3,0.6,0.34,8.75
19.2,Saturday,2,3.04,1,20.5,1,3.3,3,5.5,2,7.4,4.26,3.08,0.33,0.99,0.74,9.39
35.5,Friday,2,5.43,1,19.2,1,3.9,6,8.7,2,4.6,11.78,2.88,0.39,3.13,0.46,18.61
27.6,Friday,1,2.48,1,20.3,1,3.3,5,3.8,0,8.8,3.47,3.04,0.33,1.14,0.0,7.76
25.7,Monday,1,4.25,1,22.1,2,4.0,3,6.1,2,3.1,5.95,3.32,0.8,1.1,0.31,11.52
33.5,Thursday,2,5.13,1,20.6,1,1.9,3,3.4,1,5.1,9.69,3.09,0.19,0.61,0.26,13.85
28.0,Tuesday,1,4.68,1,19.3,0,2.6,2,3.1,2,7.3,6.55,2.9,0.0,0.37,0.73,10.43
35.3,Sunday,1,5.77,1,18.5,1,1.9,6,8.6,1,5.0,12.36,2.78,0.19,3.1,0.25,18.89
33.1,Thursday,1,3.13,1,18.9,1,3.5,4,4.5,3,10.9,5.74,2.83,0.35,1.08,1.64,11.84
33.4,Thursday,1,5.03,1,21.2,1,4.2,6,4.8,1,7.3,9.43,3.18,0.42,1.73,0.36,14.93
23.2,Thursday,1,5.21,1,19.9,1,2.7,3,5.1,1,8.0,7.29,2.98,0.27,0.92,0.4,11.76
36.1,Sunday,2,6.28,1,20.8,1,3.3,6,3.1,1,4.5,14.15,3.12,0.33,1.12,0.22,19.01
31.3,Monday,1,6.28,1,19.6,1,1.5,2,3.9,3,7.9,9.93,2.94,0.15,0.47,1.18,14.6
28.2,Sunday,1,4.26,1,18.6,1,3.0,6,4.6,2,7.6,5.96,2.79,0.3,1.66,0.76,11.44
30.7,Monday,1,3.59,1,20.9,1,1.3,6,3.3,2,9.1,5.38,3.14,0.13,1.19,0.91,10.6
21.1,Sunday,2,1.27,1,18.8,1,3.1,3,6.8,2,1.6,1.78,2.82,0.31,1.22,0.16,6.14
32.0,Tuesday,1,2.98,1,19.4,1,1.1,5,7.0,2,4.4,5.0,2.91,0.11,2.1,0.44,10.48
24.9,Thursday,0,0.0,1,18.2,2,4.7,5,0.3,1,6.7,0.0,2.73,0.94,0.09,0.34,4.12
23.2,Monday,0,0.0,1,18.6,1,2.9,6,7.9,2,6.7,0.0,2.79,0.29,2.84,0.67,6.62
22.4,Sunday,1,2.85,1,21.3,0,2.9,3,5.2,1,5.9,3.99,3.2,0.0,0.94,0.3,8.31
35.6,Tuesday,1,5.0,1,21.6,1,4.9,4,7.0,3,2.9,10.92,3.24,0.49,1.68,0.43,16.59
26.9,Sunday,1,4.1,1,21.6,1,3.1,6,4.9,2,6.4,5.74,3.24,0.31,1.76,0.64,11.5
37.7,Saturday,0,0.0,1,21.6,1,1.4,5,4.6,2,6.6,0.0,3.24,0.14,1.38,0.66,5.57
27.3,Tuesday,2,4.72,1,19.5,1,2.6,3,4.3,1,6.0,6.61,2.92,0.26,0.77,0.3,11.18
21.5,Thursday,1,3.07,1,21.0,1,4.9,5,10.1,2,5.9,4.3,3.15,0.49,3.03,0.59,11.62
24.4,Wednesday,1,4.73,1,21.6,1,2.1,1,0.5,1,7.9,6.62,3.24,0.21,0.03,0.4,10.11
36.2,Thursday,1,3.25,1,18.7,1,2.6,5,2.5,1,5.7,7.37,2.8,0.26,0.75,0.29,11.56
29.2,Wednesday,1,3.79,1,20.3,1,4.5,3,6.7,1,3.5,5.31,3.04,0.45,1.21,0.18,10.37
27.3,Tuesday,1,4.26,1,19.8,1,2.2,3,6.4,2,8.8,5.96,2.97,0.22,1.15,0.88,11.08
30.8,Saturday,1,2.2,1,17.2,1,2.9,4,2.8,2,8.7,3.33,2.58,0.29,0.67,0.87,7.87
32.5,Saturday,0,0.0,1,20.5,1,4.4,4,4.3,1,5.9,0.0,3.08,0.44,1.03,0.3,5.01
35.6,Monday,1,5.43,1,18.9,1,2.4,4,11.0,1,7.8,11.86,2.83,0.24,2.64,0.39,18.15
37.2,Saturday,1,4.23,1,21.6,2,2.2,4,7.7,2,3.0,10.18,3.24,0.44,1.85,0.3,15.92
28.2,Friday,1,2.19,1,18.9,1,1.2,3,3.9,2,5.7,3.07,2.83,0.12,0.7,0.57,7.3
23.4,Tuesday,1,2.83,1,20.5,1,1.9,2,4.2,1,2.6,3.96,3.08,0.19,0.5,0.13,7.89
27.9,Monday,1,2.65,1,20.2,1,2.1,5,5.1,1,8.2,3.71,3.03,0.21,1.53,0.41,9.09
31.3,Saturday,0,0.0,1,17.4,1,2.6,3,4.3,3,3.0,0.0,2.61,0.26,0.77,0.45,4.03
25.2,Tuesday,2,3.89,1,19.5,2,3.4,4,4.5,3,5.2,5.45,2.92,0.68,1.08,0.78,11.05
25.2,Thursday,2,2.3,1,20.5,1,3.0,4,7.2,3,6.4,3.22,3.08,0.3,1.73,0.96,9.33
31.7,Saturday,1,2.54,1,21.5,1,1.8,6,10.8,2,7.6,4.17,3.22,0.18,3.89,0.76,12.36
29.8,Sunday,0,0.0,1,20.0,1,4.4,5,7.4,1,7.1,0.0,3.0,0.44,2.22,0.36,6.13
30.2,Wednesday,0,0.0,1,21.4,1,1.9,1,1.7,1,8.3,0.0,3.21,0.19,0.1,0.42,3.82
26.2,Tuesday,0,0.0,1,20.8,1,4.8,5,10.5,1,7.6,0.0,3.12,0.48,3.15,0.38,7.17
28.8,Monday,1,4.42,1,20.9,1,3.2,6,9.9,1,8.6,6.19,3.14,0.32,3.56,0.43,13.54
25.4,Thursday,1,4.09,1,20.9,1,4.0,4,5.9,3,2.5,5.73,3.14,0.4,1.42,0.38,11.07
34.5,Friday,1,5.12,1,19.6,1,3.5,6,9.7,2,5.0,10.4,2.94,0.35,3.49,0.5,17.94
35.2,Thursday,1,2.96,1,18.5,1,4.5,4,8.6,2,6.9,6.29,2.78,0.45,2.06,0.69,12.21
20.8,Saturday,1,3.19,1,22.4,1,3.0,4,2.9,1,9.1,4.47,3.36,0.3,0.7,0.46,9.2
25.4,Wednesday,1,4.81,1,21.2,1,2.7,3,4.8,3,5.0,6.73,3.18,0.27,0.86,0.75,11.76
22.5,Thursday,0,0.0,1,19.9,1,3.3,5,0.4,2,9.9,0.0,2.98,0.33,0.12,0.99,4.52
26.7,Friday,1,3.1,1,20.9,1,2.7,3,3.4,1,6.7,4.34,3.14,0.27,0.61,0.34,8.8
29.6,Sunday,1,3.62,1,20.6,1,3.5,2,5.2,3,4.6,5.07,3.09,0.35,0.62,0.69,9.87
22.8,Monday,0,0.0,1,18.7,1,4.5,1,0.8,1,3.7,0.0,2.8,0.45,0.05,0.19,3.37
25.4,Tuesday,0,0.0,1,19.5,0,1.3,3,0.7,1,7.5,0.0,2.92,0.0,0.13,0.38,3.39
25.0,Wednesday,2,3.21,1,22.0,1,2.9,3,2.1,2,4.7,4.49,3.3,0.29,0.38,0.47,9.14
31.0,Friday,1,2.1,1,20.0,1,5.2,4,7.2,2,5.5,3.23,3.0,0.52,1.73,0.55,8.8
30.3,Saturday,1,5.42,1,20.6,1,2.6,3,3.7,1,6.3,7.82,3.09,0.26,0.67,0.32,12.2
26.4,Saturday,1,4.36,1,21.9,0,4.0,6,4.0,1,6.4,6.1,3.28,0.0,1.44,0.32,11.11
30.9,Saturday,1,4.39,1,20.0,2,3.9,3,6.4,3,9.8,6.7,3.0,0.78,1.15,1.47,13.17
27.3,Wednesday,1,3.85,1,18.6,1,1.6,4,6.5,2,6.8,5.39,2.79,0.16,1.56,0.68,10.6
28.6,Thursday,0,0.0,1,20.2,1,3.3,2,1.1,2,4.8,0.0,3.03,0.33,0.13,0.48,3.74
38.4,Wednesday,2,3.87,1,19.2,1,3.2,3,3.6,1,4.5,9.97,2.88,0.32,0.65,0.22,14.13
36.7,Saturday,1,2.49,1,17.9,1,6.2,1,2.8,1,9.3,5.83,2.68,0.62,0.17,0.47,9.62
23.5,Sunday,0,0.0,1,21.2,1,0.4,4,4.5,1,5.0,0.0,3.18,0.04,1.08,0.25,4.37
34.1,Friday,1,4.51,1,19.6,1,1.4,5,1.0,1,7.2,8.9,2.94,0.14,0.3,0.36,12.65
34.1,Tuesday,1,2.68,1,15.5,1,2.8,2,3.3,1,6.4,5.29,2.32,0.28,0.4,0.32,8.55
24.3,Tuesday,1,2.75,1,20.4,1,2.6,3,4.8,1,6.8,3.85,3.06,0.26,0.86,0.34,8.25
34.1,Wednesday,1,4.83,1,20.4,1,2.1,1,2.2,2,8.8,9.53,3.06,0.21,0.13,0.88,13.75
37.7,Saturday,1,5.12,1,22.9,1,2.2,5,5.4,1,6.6,12.69,3.43,0.22,1.62,0.33,18.18
24.4,Monday,2,3.02,1,20.0,1,3.7,5,8.1,2,7.6,4.23,3.0,0.37,2.43,0.76,11.02
25.4,Sunday,0,0.0,1,21.6,1,2.2,2,3.0,1,6.6,0.0,3.24,0.22,0.36,0.33,4.2
35.1,Wednesday,1,3.91,1,21.0,1,2.5,3,4.0,2,5.1,8.26,3.15,0.25,0.72,0.51,12.87
31.4,Saturday,2,2.21,1,19.1,1,4.0,6,9.3,0,7.0,3.52,2.86,0.4,3.35,0.0,10.24
32.8,Thursday,0,0.0,1,20.5,1,3.8,3,5.2,2,4.7,0.0,3.08,0.38,0.94,0.47,4.84
31.7,Tuesday,2,3.8,1,19.8,1,2.5,4,6.8,1,3.7,6.22,2.97,0.25,1.63,0.19,11.22
32.0,Tuesday,2,5.97,1,19.0,1,1.5,3,5.8,3,7.2,10.03,2.85,0.15,1.04,1.08,15.29
23.4,Sunday,2,3.22,1,19.2,1,3.9,4,0.0,2,6.9,4.51,2.88,0.39,0.0,0.69,8.37
35.2,Tuesday,1,4.87,1,19.0,1,2.1,6,2.0,2,6.7,10.37,2.85,0.21,0.72,0.67,14.67
35.8,Monday,1,6.47,1,20.0,0,4.3,6,8.9,1,6.0,14.31,3.0,0.0,3.2,0.3,20.91
28.9,Saturday,1,2.99,1,20.0,1,3.4,5,7.1,2,5.9,4.19,3.0,0.34,2.13,0.59,10.27
29.8,Saturday,2,3.5,1,19.2,1,2.8,4,2.6,2,3.8,4.9,2.88,0.28,0.62,0.38,9.08
22.3,Sunday,0,0.0,1,19.7,1,3.4,4,4.4,1,2.3,0.0,2.95,0.34,1.06,0.12,4.42
32.6,Saturday,1,2.54,1,17.2,1,1.0,3,2.3,2,7.8,4.49,2.58,0.1,0.41,0.78,8.45
32.9,Sunday,1,4.1,1,18.5,1,4.5,6,10.4,2,7.7,7.4,2.78,0.45,3.74,0.77,14.93
29.7,Saturday,0,0.0,1,19.6,1,2.8,5,3.7,2,5.5,0.0,2.94,0.28,1.11,0.55,4.59
35.6,Monday,1,5.58,1,22.5,1,3.2,4,5.9,2,8.9,12.18,3.38,0.32,1.42,0.89,18.13
28.3,Friday,1,5.21,1,20.9,2,2.4,1,2.0,3,7.0,7.29,3.14,0.48,0.12,1.05,12.17
32.8,Wednesday,1,3.69,1,18.5,1,2.8,4,3.0,3,6.7,6.62,2.78,0.28,0.72,1.01,11.6
24.9,Wednesday,1,2.69,1,22.4,1,4.6,6,2.6,2,10.0,3.77,3.36,0.46,0.94,1.0,9.61
29.9,Saturday,2,6.49,1,20.0,0,2.7,4,3.3,2,3.5,9.09,3.0,0.0,0.79,0.35,13.09
29.1,Thursday,1,4.31,1,18.3,1,2.6,2,1.5,2,5.9,6.03,2.74,0.26,0.18,0.59,9.66
31.1,Tuesday,1,2.54,1,19.9,1,3.7,1,1.4,2,4.3,3.95,2.98,0.37,0.08,0.43,7.99
28.2,Monday,1,6.59,1,21.5,0,3.3,3,0.6,3,5.3,9.23,3.22,0.0,0.11,0.8,13.5
29.3,Thursday,1,4.01,1,18.3,1,4.6,6,14.4,0,5.9,5.61,2.74,0.46,5.18,0.0,14.07
34.1,Thursday,1,1.18,1,18.4,1,1.0,6,3.0,1,5.9,2.33,2.76,0.1,1.08,0.3,6.71
27.8,Saturday,2,5.43,1,22.7,0,2.5,6,2.6,1,3.9,7.6,3.4,0.0,0.94,0.2,12.17
22.0,Monday,1,1.49,1,20.4,1,1.6,5,6.9,1,6.1,2.09,3.06,0.16,2.07,0.3,7.65
38.7,Wednesday,1,5.21,1,19.3,1,4.2,4,5.0,1,4.4,13.63,2.9,0.42,1.2,0.22,18.35
36.9,Tuesday,0,0.0,1,19.8,1,1.7,4,9.0,2,8.4,0.0,2.97,0.17,2.16,0.84,6.24
23.5,Wednesday,1,4.26,1,20.4,1,3.3,4,4.6,1,7.5,5.96,3.06,0.33,1.1,0.38,10.87
33.4,Thursday,1,6.16,1,19.7,1,1.7,5,5.7,2,6.7,11.55,2.95,0.17,1.71,0.67,16.76
27.5,Tuesday,0,0.0,1,22.0,1,2.5,4,7.1,2,5.0,0.0,3.3,0.25,1.7,0.5,5.88
31.3,Friday,1,6.24,1,20.1,1,2.0,5,9.8,1,6.3,9.88,3.02,0.2,2.94,0.32,16.45
31.5,Thursday,1,4.18,1,21.0,1,3.0,2,0.1,1,7.4,6.73,3.15,0.3,0.01,0.37,10.61
28.8,Wednesday,0,0.0,1,20.1,1,5.0,3,4.1,2,5.3,0.0,3.02,0.5,0.74,0.53,5.0
26.1,Wednesday,1,3.51,1,19.9,1,1.6,5,13.9,2,2.8,4.91,2.98,0.16,4.17,0.28,12.38
26.5,Saturday,1,5.21,1,21.3,2,1.9,6,5.5,3,7.4,7.29,3.2,0.38,1.98,1.11,13.8
25.4,Wednesday,1,3.19,1,21.4,0,3.6,4,5.7,3,7.1,4.47,3.21,0.0,1.37,1.06,10.19
25.8,Monday,2,4.63,1,17.5,1,2.8,1,2.0,3,6.6,6.48,2.62,0.28,0.12,0.99,10.38
29.7,Thursday,1,3.25,1,20.0,1,1.7,6,9.9,2,4.5,4.55,3.0,0.17,3.56,0.45,11.98
26.4,Sunday,1,3.06,1,23.1,1,2.5,5,3.2,3,7.9,4.28,3.47,0.25,0.96,1.18,10.04
33.4,Sunday,2,5.74,1,19.3,1,1.5,4,5.2,2,8.3,10.77,2.9,0.15,1.25,0.83,15.79
37.4,Tuesday,1,5.27,1,20.7,2,2.5,4,2.0,3,6.6,12.84,3.1,0.5,0.48,0.99,17.85
27.1,Wednesday,1,1.81,1,21.9,2,2.0,4,2.5,0,5.2,2.53,3.28,0.4,0.6,0.0,6.77
31.2,Saturday,0,0.0,1,18.3,1,3.3,4,8.3,3,5.2,0.0,2.74,0.33,1.99,0.78,5.78
32.5,Saturday,1,1.56,1,19.4,1,3.6,6,11.4,2,5.2,2.72,2.91,0.36,4.1,0.52,10.57
32.4,Wednesday,1,3.94,1,17.6,2,0.3,2,5.0,2,5.1,6.84,2.64,0.06,0.6,0.51,10.6
30.4,Monday,1,3.91,1,20.2,1,3.1,2,3.9,1,5.3,5.69,3.03,0.31,0.47,0.26,9.53
33.7,Saturday,1,3.93,1,20.6,1,0.7,1,1.2,1,6.6,7.54,3.09,0.07,0.07,0.33,11.18
32.4,Sunday,1,5.66,1,21.0,1,3.0,3,2.0,1,7.8,9.82,3.15,0.3,0.36,0.39,13.95
23.8,Tuesday,2,4.04,1,22.4,1,4.6,2,4.5,1,8.9,5.66,3.36,0.46,0.54,0.45,10.45
34.3,Thursday,1,7.28,1,20.1,1,2.7,3,5.3,1,4.2,14.57,3.02,0.27,0.95,0.21,18.84
34.4,Friday,0,0.0,1,18.3,1,3.3,1,1.9,2,4.5,0.0,2.74,0.33,0.11,0.45,3.4
26.2,Monday,2,4.39,1,18.7,1,3.7,3,5.1,0,7.7,6.15,2.8,0.37,0.92,0.0,10.23
30.2,Saturday,1,4.46,1,18.9,0,3.8,3,6.4,1,4.2,6.36,2.83,0.0,1.15,0.21,10.78
33.4,Thursday,1,4.13,1,20.3,1,3.8,1,0.3,1,3.7,7.75,3.04,0.38,0.02,0.19,11.61
29.0,Friday,2,3.42,1,23.5,1,3.4,4,2.1,2,4.1,4.79,3.52,0.34,0.5,0.41,9.42
35.4,Wednesday,1,4.32,1,19.9,1,2.2,4,3.0,1,5.6,9.32,2.98,0.22,0.72,0.28,13.41
41.8,Wednesday,1,4.86,1,22.1,1,3.6,2,3.2,1,9.3,14.82,3.32,0.36,0.38,0.47,19.38
26.1,Tuesday,1,3.76,1,19.8,1,4.5,4,4.1,2,5.7,5.26,2.97,0.45,0.98,0.57,9.83
23.1,Friday,1,4.18,1,18.3,1,3.5,6,12.5,2,6.5,5.85,2.74,0.35,4.5,0.65,14.0
31.5,Wednesday,1,4.6,1,18.8,1,3.2,6,7.9,1,3.6,7.41,2.82,0.32,2.84,0.18,13.6
33.6,Wednesday,1,3.87,1,18.9,1,1.3,1,2.9,1,8.1,7.37,2.83,0.13,0.17,0.4,10.87
28.8,Sunday,1,3.31,1,19.8,1,1.9,5,12.4,1,7.7,4.63,2.97,0.19,3.72,0.38,11.61
37.3,Saturday,1,5.01,1,20.6,1,2.3,3,4.3,3,5.1,12.13,3.09,0.23,0.77,0.76,16.71
23.3,Tuesday,0,0.0,1,19.0,1,1.9,2,0.9,1,4.6,0.0,2.85,0.19,0.11,0.23,3.17
33.5,Thursday,1,3.97,1,21.2,1,2.8,3,5.4,2,7.9,7.51,3.18,0.28,0.97,0.79,12.72
27.0,Wednesday,1,3.4,1,21.6,1,2.1,3,1.8,1,5.5,4.76,3.24,0.21,0.32,0.28,8.68
38.6,Sunday,1,7.79,1,19.6,1,3.9,4,2.7,2,4.7,20.29,2.94,0.39,0.65,0.47,24.97
40.0,Monday,1,3.38,1,21.4,1,2.6,5,5.4,1,5.3,9.46,3.21,0.26,1.62,0.26,14.61
26.2,Monday,1,3.09,1,17.1,1,1.9,5,5.3,0,6.5,4.33,2.56,0.19,1.59,0.0,8.85
27.3,Thursday,1,3.4,1,16.5,1,2.1,3,5.1,2,7.5,4.76,2.48,0.21,0.92,0.75,8.94
34.3,Friday,1,4.0,1,21.2,1,3.1,3,4.7,1,6.6,8.01,3.18,0.31,0.85,0.33,13.06
28.1,Tuesday,2,5.01,1,19.4,1,2.7,3,2.0,1,6.5,7.01,2.91,0.27,0.36,0.32,10.97
29.8,Sunday,0,0.0,1,23.3,0,3.0,3,3.4,2,5.5,0.0,3.5,0.0,0.61,0.55,4.33
30.1,Saturday,2,2.79,1,19.9,1,2.8,6,2.6,3,6.3,3.95,2.98,0.28,0.94,0.94,9.27
20.4,Sunday,0,0.0,1,18.5,1,4.7,5,8.0,1,5.2,0.0,2.78,0.47,2.4,0.26,5.84
29.9,Monday,0,0.0,1,22.5,1,3.9,6,0.6,2,5.5,0.0,3.38,0.39,0.22,0.55,4.68
26.6,Monday,2,4.3,1,21.0,0,2.1,5,5.9,3,8.8,6.02,3.15,0.0,1.77,1.32,12.26
27.5,Thursday,1,4.6,1,22.3,1,1.1,4,3.6,2,6.1,6.44,3.34,0.11,0.86,0.61,11.31
37.2,Friday,1,3.28,1,19.1,1,2.6,3,5.1,2,5.3,7.89,2.86,0.26,0.92,0.53,12.42
23.7,Friday,2,3.65,1,20.5,1,1.9,4,3.2,2,4.7,5.11,3.08,0.19,0.77,0.47,9.44
34.1,Thursday,2,5.41,1,18.7,1,1.3,4,3.1,1,1.6,10.67,2.8,0.13,0.74,0.08,14.35
28.6,Sunday,2,3.4,1,17.4,0,3.6,5,8.0,2,10.2,4.76,2.61,0.0,2.4,1.02,10.6
28.6,Monday,1,4.36,1,21.1,2,3.0,4,6.5,1,10.4,6.1,3.16,0.6,1.56,0.52,11.87
34.0,Sunday,1,5.09,1,19.3,1,4.1,3,1.9,1,7.3,9.98,2.9,0.41,0.34,0.36,14.02
31.7,Sunday,0,0.0,1,18.5,2,2.9,5,8.6,2,3.9,0.0,2.78,0.58,2.58,0.39,6.49
32.9,Tuesday,1,3.26,1,17.9,1,2.8,6,16.0,1,11.5,5.88,2.68,0.28,5.76,0.58,15.4
34.8,Monday,2,1.95,1,20.3,1,1.7,4,4.1,2,3.2,4.04,3.04,0.17,0.98,0.32,8.55
28.3,Friday,1,4.25,1,20.1,1,2.4,5,2.6,2,6.8,5.95,3.02,0.24,0.78,0.68,10.5
26.9,Saturday,1,5.76,1,19.3,1,1.2,2,2.7,2,2.6,8.06,2.9,0.12,0.32,0.26,11.65
24.6,Sunday,1,3.08,1,19.0,1,4.0,4,1.6,1,1.7,4.31,2.85,0.4,0.38,0.08,8.0
25.9,Monday,1,3.65,1,21.1,1,1.7,1,1.2,1,6.5,5.11,3.16,0.17,0.07,0.32,9.03
44.7,Sunday,2,6.69,1,16.3,2,3.2,1,1.0,2,6.7,23.14,2.44,0.64,0.06,0.67,27.08
36.2,Tuesday,0,0.0,1,20.9,1,2.8,4,7.2,3,6.2,0.0,3.14,0.28,1.73,0.93,6.11
23.2,Wednesday,1,2.74,1,20.7,1,3.4,3,0.5,1,9.0,3.84,3.1,0.34,0.09,0.45,8.05
23.4,Monday,2,5.02,1,18.2,0,3.0,5,1.4,1,5.9,7.03,2.73,0.0,0.42,0.3,10.4
32.4,Thursday,1,4.57,1,17.1,2,1.7,6,9.5,3,7.6,7.94,2.56,0.34,3.42,1.14,15.49
32.7,Wednesday,0,0.0,1,20.9,1,2.7,2,3.4,1,4.4,0.0,3.14,0.27,0.41,0.22,3.96
32.7,Sunday,1,4.21,1,18.2,1,4.3,5,0.0,3,8.6,7.48,2.73,0.43,0.0,1.29,11.86
28.7,Thursday,1,4.66,1,22.4,1,2.2,4,9.4,2,8.8,6.52,3.36,0.22,2.26,0.88,12.93
29.4,Thursday,0,0.0,1,23.2,1,4.2,2,3.8,2,5.5,0.0,3.48,0.42,0.46,0.55,4.93
31.6,Thursday,2,5.97,1,20.6,2,3.7,5,4.4,1,6.8,9.7,3.09,0.74,1.32,0.34,15.21
30.4,Monday,1,5.51,1,19.8,1,3.1,4,5.6,1,4.6,8.02,2.97,0.31,1.34,0.23,12.85
18.9,Friday,2,3.28,1,19.7,1,2.3,4,0.1,1,5.6,4.59,2.95,0.23,0.02,0.28,8.14
28.9,Sunday,2,4.13,1,17.4,1,3.3,6,10.8,3,7.5,5.78,2.61,0.33,3.89,1.12,13.88
25.7,Wednesday,1,3.01,1,19.6,1,2.5,4,3.1,2,7.0,4.21,2.94,0.25,0.74,0.7,8.84
30.9,Tuesday,0,0.0,1,19.3,0,4.1,6,6.6,2,2.5,0.0,2.9,0.0,2.38,0.25,5.62
44.9,Friday,1,3.83,1,19.0,0,1.7,4,5.0,2,3.7,13.35,2.85,0.0,1.2,0.37,17.83
31.8,Sunday,0,0.0,1,20.6,1,3.3,2,4.3,1,4.8,0.0,3.09,0.33,0.52,0.24,4.34
28.4,Monday,2,4.09,1,20.2,1,3.0,4,6.6,2,6.4,5.73,3.03,0.3,1.58,0.64,11.36
34.6,Thursday,0,0.0,1,21.2,1,3.3,2,2.2,2,4.2,0.0,3.18,0.33,0.26,0.42,4.46
32.4,Tuesday,1,5.1,1,19.3,0,3.7,4,3.8,2,3.2,8.85,2.9,0.0,0.91,0.32,13.02
32.1,Sunday,1,3.39,1,20.9,2,2.1,5,7.4,1,0.7,5.75,3.14,0.42,2.22,0.03,11.42
33.0,Wednesday,1,4.85,1,20.0,2,2.1,4,5.1,2,10.2,8.83,3.0,0.42,1.22,1.02,14.68
40.3,Sunday,1,5.99,1,20.9,1,3.2,2,2.3,3,6.4,17.03,3.14,0.32,0.28,0.96,21.83
24.3,Friday,1,4.91,1,19.9,1,4.0,4,5.3,2,3.1,6.87,2.98,0.4,1.27,0.31,11.9
32.4,Saturday,0,0.0,1,22.7,1,2.8,2,2.3,1,8.1,0.0,3.4,0.28,0.28,0.4,4.13
25.4,Friday,0,0.0,1,16.3,1,4.4,5,1.4,2,9.0,0.0,2.44,0.44,0.42,0.9,4.42
32.8,Sunday,1,5.28,1,20.9,1,2.7,5,6.5,1,6.4,9.46,3.14,0.27,1.95,0.32,15.29
25.4,Tuesday,1,3.95,1,21.3,1,2.3,6,7.9,2,7.2,5.53,3.2,0.23,2.84,0.72,12.57
27.9,Sunday,1,3.52,1,18.1,1,3.5,2,2.8,3,8.6,4.93,2.72,0.35,0.34,1.29,9.2
28.5,Sunday,1,3.92,1,22.7,1,2.5,4,2.7,2,7.2,5.49,3.4,0.25,0.65,0.72,10.46
34.9,Monday,1,6.41,1,20.0,1,2.5,4,3.2,2,7.3,13.37,3.0,0.25,0.77,0.73,18.41
34.6,Wednesday,1,4.3,1,19.8,1,3.3,6,14.6,2,2.9,8.79,2.97,0.33,5.26,0.29,17.71
23.8,Tuesday,2,3.66,1,20.6,1,3.9,4,3.4,1,0.5,5.12,3.09,0.39,0.82,0.02,9.26
30.3,Sunday,0,0.0,1,21.3,1,3.3,2,3.3,1,7.7,0.0,3.2,0.33,0.4,0.38,4.23
26.5,Thursday,1,3.65,1,20.2,1,3.1,4,3.2,3,5.6,5.11,3.03,0.31,0.77,0.84,10.0
23.7,Wednesday,2,2.93,1,20.2,1,4.9,5,0.4,2,5.1,4.1,3.03,0.49,0.12,0.51,8.42
28.9,Friday,2,5.23,1,21.3,1,3.7,5,6.3,0,7.9,7.32,3.2,0.37,1.89,0.0,12.55
28.5,Tuesday,0,0.0,1,21.5,1,2.7,6,10.5,1,4.1,0.0,3.22,0.27,3.78,0.2,7.63
42.1,Friday,1,5.65,1,20.5,1,4.1,2,2.2,2,5.9,17.48,3.08,0.41,0.26,0.59,21.94
32.2,Sunday,1,4.58,1,17.7,1,2.8,6,0.0,2,6.1,7.82,2.66,0.28,0.0,0.61,11.71
23.1,Friday,0,0.0,1,18.5,1,3.6,2,0.0,2,7.4,0.0,2.78,0.36,0.0,0.74,3.96
27.2,Friday,2,1.55,1,21.6,2,3.5,6,12.6,1,6.7,2.17,3.24,0.7,4.54,0.34,10.8
35.1,Monday,1,5.46,1,19.6,1,3.0,6,7.9,3,6.7,11.54,2.94,0.3,2.84,1.01,18.62
40.4,Friday,1,4.92,1,19.1,1,2.3,5,8.7,2,5.2,14.06,2.86,0.23,2.61,0.52,20.13
22.1,Thursday,0,0.0,1,20.7,1,3.0,5,7.4,2,5.2,0.0,3.1,0.3,2.22,0.52,6.2
20.6,Thursday,1,3.83,1,20.5,1,2.5,2,1.1,2,6.7,5.36,3.08,0.25,0.13,0.67,9.75
39.4,Wednesday,1,5.3,1,19.7,1,3.3,1,1.2,1,5.0,14.39,2.95,0.33,0.07,0.25,17.86
31.9,Sunday,2,3.88,1,21.1,1,3.4,2,0.4,3,4.3,6.46,3.16,0.34,0.05,0.64,10.79
25.7,Saturday,0,0.0,1,18.1,1,1.0,2,3.9,1,8.6,0.0,2.72,0.1,0.47,0.43,3.63
32.7,Friday,0,0.0,1,17.4,0,3.3,4,6.2,1,4.7,0.0,2.61,0.0,1.49,0.24,4.11
16.8,Friday,1,3.24,1,22.3,1,5.9,3,5.5,2,5.1,4.54,3.34,0.59,0.99,0.51,10.21
30.0,Tuesday,0,0.0,1,18.3,2,2.7,6,13.2,2,8.5,0.0,2.74,0.54,4.75,0.85,8.91
31.6,Monday,1,5.3,1,17.8,0,4.0,4,4.4,2,4.6,8.61,2.67,0.0,1.06,0.46,12.87
34.6,Saturday,2,4.16,1,19.5,1,3.7,5,4.2,2,6.6,8.5,2.92,0.37,1.26,0.66,13.84
24.9,Wednesday,1,2.83,1,20.0,2,1.4,5,6.3,1,6.8,3.96,3.0,0.28,1.89,0.34,9.21
30.4,Saturday,2,4.82,1,19.3,1,3.5,3,6.5,3,5.8,7.02,2.9,0.35,1.17,0.87,12.27
25.4,Friday,0,0.0,1,19.7,1,2.2,3,0.9,0,5.2,0.0,2.95,0.22,0.16,0.0,3.08
31.3,Tuesday,0,0.0,1,17.9,1,2.8,3,4.0,3,3.7,0.0,2.68,0.28,0.72,0.56,4.16
25.5,Sunday,0,0.0,1,21.1,1,1.5,5,9.3,1,7.3,0.0,3.16,0.15,2.79,0.36,6.63
28.0,Monday,1,5.06,1,17.7,1,3.4,4,6.2,2,8.2,7.08,2.66,0.34,1.49,0.82,12.46
25.0,Sunday,2,4.3,1,20.0,0,2.7,3,6.1,1,8.0,6.02,3.0,0.0,1.1,0.4,10.43
33.3,Wednesday,0,0.0,1,20.4,1,4.3,5,1.5,2,6.7,0.0,3.06,0.43,0.45,0.67,4.61
34.3,Saturday,1,4.54,1,21.0,2,1.6,2,4.1,3,2.0,9.09,3.15,0.32,0.49,0.3,13.33
28.8,Wednesday,1,1.36,1,20.3,1,3.9,5,4.6,2,7.5,1.9,3.04,0.39,1.38,0.75,7.51
30.2,Friday,2,4.45,1,18.4,1,3.4,4,0.0,2,5.8,6.35,2.76,0.34,0.0,0.58,9.94
22.8,Wednesday,0,0.0,1,19.4,1,2.1,5,5.6,2,4.8,0.0,2.91,0.21,1.68,0.48,5.26
28.5,Sunday,1,5.18,1,18.9,1,1.5,6,4.6,2,7.3,7.25,2.83,0.15,1.66,0.73,12.64
29.7,Tuesday,0,0.0,1,17.6,1,2.7,5,6.1,3,6.5,0.0,2.64,0.27,1.83,0.98,5.78
43.1,Wednesday,1,7.4,1,20.7,1,3.2,4,1.3,2,8.0,23.93,3.1,0.32,0.31,0.8,28.49
24.4,Thursday,1,3.42,1,18.9,0,1.9,2,2.5,1,6.7,4.79,2.83,0.0,0.3,0.34,8.01
37.3,Tuesday,2,4.17,1,20.2,2,2.1,5,4.8,0,5.5,10.1,3.03,0.42,1.44,0.0,14.8
35.0,Saturday,1,3.74,1,19.8,1,4.0,4,10.6,1,5.3,7.86,2.97,0.4,2.54,0.26,14.12
31.4,Monday,1,5.39,1,18.3,1,2.2,2,2.9,1,7.2,8.61,2.74,0.22,0.35,0.36,12.24
38.8,Monday,1,3.53,1,18.2,1,3.6,5,7.4,2,3.3,9.29,2.73,0.36,2.22,0.33,14.86
31.9,Friday,0,0.0,1,19.5,1,4.2,3,3.5,1,5.0,0.0,2.92,0.42,0.63,0.25,4.18
31.9,Friday,1,3.44,1,18.0,1,2.2,1,2.2,0,1.6,5.74,2.7,0.22,0.13,0.0,8.75
29.7,Thursday,2,4.09,1,21.5,0,1.8,6,9.9,0,6.8,5.73,3.22,0.0,3.56,0.0,12.24
36.1,Saturday,2,2.88,1,22.0,1,3.9,4,9.4,2,7.3,6.49,3.3,0.39,2.26,0.73,13.43
35.5,Sunday,2,5.5,1,21.2,1,2.7,3,6.1,2,4.5,11.94,3.18,0.27,1.1,0.45,16.92
26.9,Monday,2,3.77,1,20.5,1,2.6,5,5.4,1,3.8,5.28,3.08,0.26,1.62,0.19,10.43
23.4,Monday,0,0.0,1,20.1,1,4.4,6,10.9,3,7.9,0.0,3.02,0.44,3.92,1.18,8.57
29.0,Monday,1,3.9,1,18.4,1,2.7,1,1.9,1,4.6,5.46,2.76,0.27,0.11,0.23,8.97
26.0,Sunday,0,0.0,1,21.2,1,3.3,5,9.8,3,7.3,0.0,3.18,0.33,2.94,1.1,7.65
29.7,Monday,1,4.09,1,22.1,1,1.4,5,8.0,2,6.0,5.73,3.32,0.14,2.4,0.6,12.18
36.2,Wednesday,0,0.0,1,19.5,1,2.9,3,1.3,1,4.9,0.0,2.92,0.29,0.23,0.25,3.56
27.7,Saturday,1,4.51,1,19.9,1,2.1,4,5.3,2,7.2,6.31,2.98,0.21,1.27,0.72,11.68
29.8,Tuesday,1,4.35,1,18.8,1,2.5,2,2.8,2,6.1,6.09,2.82,0.25,0.34,0.61,10.12
30.3,Tuesday,2,3.24,1,19.5,2,2.4,5,6.9,2,9.0,4.68,2.92,0.48,2.07,0.9,11.14
34.2,Thursday,1,4.0,1,18.1,1,4.3,5,10.5,3,4.5,7.95,2.72,0.43,3.15,0.68,14.77
18.8,Wednesday,2,2.63,1,19.6,1,2.3,2,1.8,1,3.4,3.68,2.94,0.23,0.22,0.17,7.34
27.0,Monday,0,0.0,1,20.6,1,2.5,5,7.1,1,6.0,0.0,3.09,0.25,2.13,0.3,5.56
31.1,Monday,0,0.0,1,20.5,1,4.5,5,6.4,1,7.0,0.0,3.08,0.45,1.92,0.35,5.74
36.0,Friday,1,4.68,1,20.4,1,2.6,3,5.4,1,5.6,10.48,3.06,0.26,0.97,0.28,15.07
27.5,Friday,1,3.4,1,16.3,1,2.4,5,12.7,1,9.6,4.76,2.44,0.24,3.81,0.48,11.99
20.6,Thursday,1,2.74,1,20.1,1,4.1,1,1.7,3,8.4,3.84,3.02,0.41,0.1,1.26,8.73
33.1,Monday,1,4.54,1,20.9,1,3.0,6,10.2,1,4.9,8.33,3.14,0.3,3.67,0.25,15.91
26.8,Thursday,1,5.7,1,20.0,1,3.1,4,2.6,2,6.1,7.98,3.0,0.31,0.62,0.61,12.59
24.1,Wednesday,1,3.69,1,21.7,1,3.3,4,1.2,2,2.4,5.17,3.26,0.33,0.29,0.24,9.12
26.9,Tuesday,1,5.09,1,19.9,1,4.3,5,7.5,3,8.1,7.13,2.98,0.43,2.25,1.22,13.84
29.1,Monday,1,4.37,1,20.6,1,2.0,4,4.8,3,4.6,6.12,3.09,0.2,1.15,0.69,11.36
27.0,Saturday,1,4.47,1,18.5,1,4.1,6,9.8,2,6.4,6.26,2.78,0.41,3.53,0.64,13.47
19.0,Sunday,1,2.89,1,20.9,0,1.5,4,3.7,3,5.5,4.05,3.14,0.0,0.89,0.82,8.67
34.5,Wednesday,1,4.3,1,21.2,1,2.2,6,13.6,2,3.0,8.73,3.18,0.22,4.9,0.3,17.18
36.4,Monday,0,0.0,1,18.9,1,2.1,4,2.1,3,7.7,0.0,2.83,0.21,0.5,1.16,4.74
33.3,Sunday,1,4.76,1,17.9,1,2.9,2,2.4,2,3.9,8.86,2.68,0.29,0.29,0.39,12.39
24.3,Saturday,1,3.48,1,19.3,1,2.2,6,6.4,1,5.0,4.87,2.9,0.22,2.3,0.25,10.73
29.0,Friday,1,4.45,1,18.5,2,4.3,5,10.3,2,7.7,6.23,2.78,0.86,3.09,0.77,13.79
30.0,Thursday,1,3.14,1,20.9,0,3.5,5,5.9,2,4.1,4.4,3.14,0.0,1.77,0.41,9.75
33.0,Friday,1,4.9,1,19.3,2,3.0,6,5.7,1,9.0,8.92,2.9,0.6,2.05,0.45,14.98
33.3,Tuesday,1,4.61,1,21.1,1,2.1,2,2.8,1,4.0,8.58,3.16,0.21,0.34,0.2,12.58
26.3,Friday,1,4.0,1,17.7,0,4.4,4,3.2,2,3.7,5.6,2.66,0.0,0.77,0.37,9.49
30.4,Monday,1,4.6,1,18.8,1,3.1,3,4.0,3,6.1,6.7,2.82,0.31,0.72,0.92,11.35
32.3,Saturday,1,4.09,1,18.9,1,2.7,4,5.0,0,9.3,7.05,2.83,0.27,1.2,0.0,11.54
37.3,Friday,1,9.26,1,20.4,1,2.9,5,16.0,2,6.0,22.42,3.06,0.29,4.8,0.6,31.26
33.5,Monday,1,4.96,1,16.9,1,2.8,6,6.2,2,8.0,9.37,2.53,0.28,2.23,0.8,15.15
33.9,Tuesday,1,4.59,1,19.6,1,3.8,4,5.1,3,3.3,8.94,2.94,0.38,1.22,0.5,14.1
30.4,Sunday,0,0.0,1,19.5,1,4.1,5,7.4,3,5.3,0.0,2.92,0.41,2.22,0.8,6.15
37.1,Saturday,1,4.11,1,20.5,1,2.1,6,9.1,2,5.4,9.83,3.08,0.21,3.28,0.54,17.07
32.0,Friday,0,0.0,1,20.1,1,2.3,5,10.1,2,3.5,0.0,3.02,0.23,3.03,0.35,6.67
25.7,Thursday,0,0.0,1,18.6,0,2.4,3,7.8,1,2.8,0.0,2.79,0.0,1.4,0.14,4.01
37.0,Thursday,2,5.77,1,16.6,1,3.3,4,3.2,2,5.5,13.74,2.49,0.33,0.77,0.55,18.18
33.5,Saturday,2,5.76,1,18.8,0,4.0,6,9.8,2,9.2,10.88,2.82,0.0,3.53,0.92,17.95
27.8,Thursday,0,0.0,1,18.1,1,1.6,6,7.3,3,6.4,0.0,2.72,0.16,2.63,0.96,6.56
27.6,Friday,1,3.84,1,18.2,1,2.0,4,6.2,2,4.6,5.38,2.73,0.2,1.49,0.46,10.47
31.5,Friday,0,0.0,1,18.9,1,2.7,6,12.4,1,1.9,0.0,2.83,0.27,4.46,0.1,7.27
32.3,Saturday,1,5.13,1,21.2,1,3.5,3,7.3,2,5.3,8.83,3.18,0.35,1.31,0.53,14.23
31.0,Friday,2,4.8,1,18.1,1,2.1,3,5.7,1,5.1,7.39,2.72,0.21,1.03,0.26,11.74
31.6,Sunday,2,3.38,1,17.2,1,2.6,6,9.3,0,6.8,5.49,2.58,0.26,3.35,0.0,11.85
38.5,Monday,1,5.46,1,19.1,1,2.3,2,4.0,1,5.5,14.13,2.86,0.23,0.48,0.28,18.16
35.4,Tuesday,1,4.96,1,19.6,1,3.8,2,1.5,1,7.3,10.69,2.94,0.38,0.18,0.36,14.69
31.0,Sunday,1,4.58,1,19.5,1,2.9,4,3.4,2,7.5,7.05,2.92,0.29,0.82,0.75,11.78
34.7,Sunday,1,3.29,1,19.0,1,2.3,4,5.8,1,5.9,6.78,2.85,0.23,1.39,0.3,11.62
24.8,Thursday,2,2.87,1,19.6,1,1.8,4,8.4,1,5.9,4.02,2.94,0.18,2.02,0.3,9.76
32.0,Monday,2,6.28,1,20.3,1,2.6,3,3.4,3,6.1,10.55,3.04,0.26,0.61,0.92,15.57
39.0,Saturday,1,6.08,1,18.7,1,2.7,6,7.2,1,2.5,16.17,2.8,0.27,2.59,0.12,21.85
28.9,Thursday,1,4.01,1,21.5,1,3.8,6,0.1,0,7.4,5.61,3.22,0.38,0.04,0.0,9.41
25.8,Monday,1,3.78,1,19.7,1,4.0,3,8.8,1,9.4,5.29,2.95,0.4,1.58,0.47,10.89
26.7,Friday,0,0.0,1,21.5,1,1.8,4,4.7,1,6.1,0.0,3.22,0.18,1.13,0.3,4.7
24.6,Saturday,2,3.77,1,20.4,0,4.0,5,0.0,1,4.4,5.28,3.06,0.0,0.0,0.22,8.56
26.1,Saturday,1,3.74,1,18.1,1,3.7,5,7.2,1,6.0,5.24,2.72,0.37,2.16,0.3,10.75
28.1,Thursday,1,3.21,1,17.1,1,2.5,3,4.9,2,5.1,4.49,2.56,0.25,0.88,0.51,8.83
23.0,Friday,1,3.39,1,21.6,0,3.8,4,4.7,1,6.1,4.75,3.24,0.0,1.13,0.3,9.36
30.1,Thursday,2,2.41,1,18.6,1,2.2,3,2.2,1,5.4,3.4,2.79,0.22,0.4,0.27,6.99
34.5,Wednesday,0,0.0,1,19.9,1,3.4,3,5.8,3,1.7,0.0,2.98,0.34,1.04,0.26,4.78
25.5,Monday,2,5.0,1,19.1,1,5.4,4,7.4,2,6.2,7.0,2.86,0.54,1.78,0.62,12.62
37.6,Wednesday,2,6.28,1,22.0,1,3.2,5,8.4,3,10.4,15.47,3.3,0.32,2.52,1.56,23.2
32.6,Monday,2,3.6,1,19.9,1,2.7,5,4.1,2,3.3,6.35,2.98,0.27,1.23,0.33,11.05
35.2,Tuesday,1,1.95,1,17.9,1,1.7,5,4.6,1,8.2,4.15,2.68,0.17,1.38,0.41,8.95
26.7,Sunday,1,4.23,1,19.6,1,3.1,3,3.3,2,6.8,5.92,2.94,0.31,0.59,0.68,10.35
34.3,Saturday,1,5.99,1,21.7,1,4.0,5,5.3,1,4.2,12.0,3.26,0.4,1.59,0.21,17.47
24.5,Thursday,1,2.23,1,18.7,1,2.3,1,1.8,1,3.3,3.12,2.8,0.23,0.11,0.16,6.06
34.5,Tuesday,0,0.0,1,17.7,1,3.5,4,4.3,2,6.5,0.0,2.66,0.35,1.03,0.65,4.69
30.9,Tuesday,1,4.61,1,21.1,1,2.7,5,3.5,2,6.7,7.03,3.16,0.27,1.05,0.67,12.15
32.8,Saturday,1,3.46,1,18.5,1,2.6,4,6.5,2,3.0,6.2,2.78,0.26,1.56,0.3,11.11
24.1,Saturday,2,2.09,1,17.5,1,3.5,4,11.7,3,7.9,2.93,2.62,0.35,2.81,1.18,10.09
25.5,Monday,0,0.0,1,18.6,1,1.1,4,3.2,1,5.0,0.0,2.79,0.11,0.77,0.25,4.01
33.0,Wednesday,1,3.77,1,20.3,2,2.8,6,5.2,2,7.0,6.86,3.04,0.56,1.87,0.7,13.09
25.3,Friday,1,2.0,1,20.6,1,4.0,4,5.0,2,7.4,2.8,3.09,0.4,1.2,0.74,8.12
32.3,Monday,1,5.51,1,20.5,1,2.8,5,9.2,3,7.8,9.48,3.08,0.28,2.76,1.17,17.09
23.2,Friday,2,5.02,1,18.4,1,3.0,6,10.3,2,4.0,7.03,2.76,0.3,3.71,0.4,13.92
34.2,Tuesday,1,4.53,1,21.3,2,2.9,5,6.3,3,10.0,9.0,3.2,0.58,1.89,1.5,15.99
23.8,Friday,2,4.33,1,21.0,1,4.9,4,4.2,1,4.2,6.06,3.15,0.49,1.01,0.21,10.81
32.8,Wednesday,1,2.76,1,20.6,1,3.4,1,2.7,2,7.8,4.94,3.09,0.34,0.16,0.78,9.34
33.1,Monday,1,4.25,1,18.3,1,1.7,3,6.3,1,5.0,7.79,2.74,0.17,1.13,0.25,12.09
26.5,Saturday,0,0.0,1,19.0,1,2.1,4,10.0,1,6.1,0.0,2.85,0.21,2.4,0.3,5.65
32.9,Wednesday,0,0.0,1,20.4,1,3.1,5,9.0,3,5.8,0.0,3.06,0.31,2.7,0.87,6.97
31.3,Sunday,1,1.39,1,20.8,1,4.3,4,5.1,0,6.9,2.2,3.12,0.43,1.22,0.0,7.14
27.3,Wednesday,0,0.0,1,18.4,1,3.7,6,9.6,3,8.1,0.0,2.76,0.37,3.46,1.22,7.82
25.0,Sunday,1,4.35,1,22.6,0,4.0,3,7.6,1,4.8,6.09,3.39,0.0,1.37,0.24,10.9
20.2,Monday,0,0.0,1,19.7,1,1.9,5,8.4,2,4.2,0.0,2.95,0.19,2.52,0.42,6.06
31.7,Saturday,0,0.0,1,21.4,1,3.6,4,0.8,1,1.9,0.0,3.21,0.36,0.19,0.1,3.74
22.2,Wednesday,2,3.01,1,18.1,1,2.3,4,9.1,1,6.4,4.21,2.72,0.23,2.18,0.32,9.45
30.5,Sunday,0,0.0,1,20.3,2,2.9,5,11.7,1,5.7,0.0,3.04,0.58,3.51,0.29,7.43
28.7,Saturday,1,5.17,1,18.1,1,3.9,3,6.5,2,6.2,7.24,2.72,0.39,1.17,0.62,12.0
33.4,Thursday,0,0.0,1,20.2,1,2.4,2,0.9,1,5.8,0.0,3.03,0.24,0.11,0.29,3.62
28.5,Thursday,2,5.62,1,20.6,1,1.6,4,6.4,2,7.5,7.87,3.09,0.16,1.54,0.75,13.47
28.4,Thursday,2,4.11,1,20.7,1,2.6,4,8.1,0,5.0,5.75,3.1,0.26,1.94,0.0,11.1
33.7,Friday,1,4.92,1,18.8,1,3.1,5,6.7,1,6.7,9.44,2.82,0.31,2.01,0.34,15.1
31.7,Wednesday,1,6.8,1,17.2,1,3.7,6,9.5,1,5.9,11.14,2.58,0.37,3.42,0.3,17.55
31.6,Monday,0,0.0,1,20.4,1,2.1,2,3.4,2,4.1,0.0,3.06,0.21,0.41,0.41,4.06
32.3,Monday,2,4.83,1,19.4,1,2.4,4,3.1,2,4.6,8.31,2.91,0.24,0.74,0.46,12.81
22.3,Friday,2,4.62,1,19.4,1,3.2,5,8.2,3,7.8,6.47,2.91,0.32,2.46,1.17,13.08
33.8,Monday,2,4.7,1,18.6,1,3.5,6,4.1,1,7.6,9.08,2.79,0.35,1.48,0.38,14.05
33.1,Sunday,1,4.48,1,19.9,1,3.2,6,7.6,2,7.5,8.21,2.98,0.32,2.74,0.75,15.03
24.9,Thursday,1,2.36,1,19.9,2,2.9,5,4.7,2,5.7,3.3,2.98,0.58,1.41,0.57,8.68
28.8,Wednesday,2,5.55,1,21.5,1,2.3,4,7.7,1,1.5,7.77,3.22,0.23,1.85,0.08,13.05
29.8,Monday,1,5.25,1,16.9,1,3.9,2,3.6,2,2.7,7.35,2.53,0.39,0.43,0.27,10.79
29.3,Monday,1,5.42,1,18.0,1,4.2,3,5.1,2,5.5,7.59,2.7,0.42,0.92,0.55,12.22
31.7,Tuesday,0,0.0,1,20.6,1,2.4,4,6.1,1,3.0,0.0,3.09,0.24,1.46,0.15,4.57
37.2,Tuesday,2,4.36,1,16.7,1,2.5,5,8.1,0,8.3,10.49,2.5,0.25,2.43,0.0,15.56
35.4,Tuesday,0,0.0,1,18.9,1,3.7,4,10.7,1,4.4,0.0,2.83,0.37,2.57,0.22,5.88
23.4,Wednesday,1,5.17,1,23.5,1,3.2,5,11.1,2,5.5,7.24,3.52,0.32,3.33,0.55,15.1
33.1,Thursday,1,4.12,1,19.5,0,3.6,4,2.8,1,9.5,7.56,2.92,0.0,0.67,0.48,11.4
36.6,Saturday,1,6.42,1,21.0,1,3.3,5,4.9,1,8.1,14.92,3.15,0.33,1.47,0.4,20.46
31.9,Thursday,1,4.15,1,17.4,1,3.4,2,2.4,1,6.7,6.91,2.61,0.34,0.29,0.34,10.6
35.5,Thursday,1,3.61,1,21.0,1,2.6,2,2.3,1,6.4,7.83,3.15,0.26,0.28,0.32,12.0
40.1,Wednesday,0,0.0,1,19.4,1,1.0,2,1.6,1,4.5,0.0,2.91,0.1,0.19,0.22,3.36
35.1,Sunday,1,5.22,1,20.4,0,3.2,6,10.3,3,7.5,11.04,3.06,0.0,3.71,1.12,18.87
31.2,Sunday,2,5.07,1,20.8,2,3.7,2,2.6,0,6.4,7.95,3.12,0.74,0.31,0.0,12.0
35.2,Wednesday,2,3.26,1,19.2,1,3.3,5,7.4,2,5.7,6.93,2.88,0.33,2.22,0.57,13.02
30.7,Tuesday,1,5.77,1,20.7,1,2.3,3,0.6,1,7.3,8.65,3.1,0.23,0.11,0.36,12.4
30.1,Monday,2,2.73,1,18.3,1,2.4,4,1.1,2,7.3,3.86,2.74,0.24,0.26,0.73,7.71
28.2,Friday,1,4.73,1,20.0,1,5.5,6,5.8,2,4.1,6.62,3.0,0.55,2.09,0.41,12.62
37.8,Friday,1,5.69,1,20.7,1,3.4,4,7.0,1,7.8,14.19,3.1,0.34,1.68,0.39,19.76
25.9,Saturday,1,4.86,1,19.1,1,0.7,3,5.0,2,5.8,6.8,2.86,0.07,0.9,0.58,11.02
37.7,Monday,1,2.42,1,18.5,1,2.4,3,6.0,2,6.2,6.0,2.78,0.24,1.08,0.62,10.58
32.5,Saturday,1,5.52,1,19.3,1,2.8,6,5.2,2,3.4,9.66,2.9,0.28,1.87,0.34,15.25
23.0,Tuesday,1,3.47,1,21.6,1,1.8,4,7.2,2,3.4,4.86,3.24,0.18,1.73,0.34,10.21
31.8,Saturday,1,3.94,1,21.4,1,2.9,4,9.4,3,3.1,6.51,3.21,0.29,2.26,0.47,12.96
19.5,Monday,1,4.0,1,21.1,0,2.5,4,7.8,2,10.8,5.6,3.16,0.0,1.87,1.08,11.63
33.1,Monday,0,0.0,1,22.3,1,3.2,3,1.4,3,10.5,0.0,3.34,0.32,0.25,1.58,5.29
34.4,Friday,1,2.27,1,20.0,1,2.7,3,6.2,2,2.6,4.58,3.0,0.27,1.12,0.26,9.44
27.0,Sunday,1,2.66,1,20.3,2,2.3,5,7.8,2,3.0,3.72,3.04,0.46,2.34,0.3,10.12
30.6,Tuesday,0,0.0,1,17.0,1,2.7,5,8.2,2,5.0,0.0,2.55,0.27,2.46,0.5,5.69
39.8,Wednesday,1,5.53,1,18.6,1,3.8,3,9.0,3,8.2,15.33,2.79,0.38,1.62,1.23,21.51
27.5,Saturday,1,4.14,1,20.8,1,3.1,5,7.5,3,7.3,5.8,3.12,0.31,2.25,1.1,12.6
24.7,Friday,1,2.82,1,21.3,1,2.8,6,10.5,1,10.3,3.95,3.2,0.28,3.78,0.52,11.75
37.4,Saturday,1,5.27,1,18.1,1,3.4,6,8.4,2,5.4,12.84,2.72,0.34,3.02,0.54,19.51
39.8,Saturday,2,6.45,1,19.9,2,3.0,2,2.3,1,4.6,17.88,2.98,0.6,0.28,0.23,21.97
30.0,Wednesday,2,6.57,1,23.2,1,1.9,3,4.7,2,6.1,9.2,3.48,0.19,0.85,0.61,14.35
35.1,Tuesday,2,4.16,1,19.9,2,3.7,6,6.3,1,5.7,8.79,2.98,0.74,2.27,0.29,15.07
36.7,Monday,1,5.73,1,22.2,1,2.4,2,2.9,1,5.9,13.39,3.33,0.24,0.35,0.3,17.52
26.3,Thursday,1,5.66,1,20.5,1,2.7,1,1.1,3,6.2,7.92,3.08,0.27,0.07,0.93,12.16
27.6,Saturday,2,2.53,1,20.8,0,1.5,6,0.0,1,10.2,3.54,3.12,0.0,0.0,0.51,7.0
36.2,Thursday,1,6.75,1,18.6,1,3.8,3,3.0,2,6.2,15.31,2.79,0.38,0.54,0.62,19.36
38.4,Tuesday,1,5.07,1,17.6,1,3.1,4,7.9,2,3.9,13.06,2.64,0.31,1.9,0.39,18.29
32.8,Thursday,1,4.47,1,21.1,1,3.3,4,6.7,1,5.4,8.01,3.16,0.33,1.61,0.27,13.25
25.6,Saturday,0,0.0,1,20.5,0,3.8,5,5.9,1,7.5,0.0,3.08,0.0,1.77,0.38,4.98
39.9,Wednesday,2,4.5,1,20.1,1,3.8,3,4.2,2,7.2,12.54,3.02,0.38,0.76,0.72,17.3
27.3,Thursday,1,3.21,1,18.0,1,2.3,6,4.8,1,7.1,4.49,2.7,0.23,1.73,0.36,9.43
28.3,Tuesday,1,3.07,1,19.5,1,3.0,4,3.5,2,2.6,4.3,2.92,0.3,0.84,0.26,8.54
31.7,Tuesday,1,4.78,1,19.1,1,2.9,4,5.4,3,2.9,7.83,2.86,0.29,1.3,0.43,12.92
37.8,Sunday,1,6.11,1,19.2,2,2.8,3,3.6,1,5.7,15.22,2.88,0.56,0.65,0.29,19.51
34.3,Sunday,0,0.0,1,20.3,1,2.2,3,2.5,1,6.9,0.0,3.04,0.22,0.45,0.34,4.27
32.1,Wednesday,1,3.58,1,21.1,1,4.4,4,5.2,2,4.3,6.06,3.16,0.44,1.25,0.43,11.23
32.3,Thursday,1,4.62,1,20.4,1,4.0,4,2.4,2,9.0,7.96,3.06,0.4,0.58,0.9,12.97
30.2,Thursday,1,3.01,1,20.3,1,3.4,6,14.3,1,7.1,4.29,3.04,0.34,5.15,0.36,13.03
32.8,Sunday,1,4.65,1,20.2,1,4.4,4,7.7,0,5.0,8.33,3.03,0.44,1.85,0.0,13.91
17.4,Monday,1,2.94,1,19.7,1,3.5,4,0.0,2,11.6,4.12,2.95,0.35,0.0,1.16,8.76
28.5,Friday,1,2.39,1,18.8,2,2.7,4,7.6,3,5.1,3.35,2.82,0.54,1.82,0.76,9.4
31.2,Tuesday,0,0.0,1,20.1,1,2.6,5,5.4,1,5.3,0.0,3.02,0.26,1.62,0.26,5.46
24.2,Monday,1,3.18,1,21.1,1,3.4,4,3.9,2,5.2,4.45,3.16,0.34,0.94,0.52,9.54
31.9,Tuesday,2,5.42,1,19.8,1,1.6,3,5.5,3,6.1,9.03,2.97,0.16,0.99,0.92,14.14
29.0,Monday,2,3.88,1,18.6,1,3.9,6,7.4,2,3.9,5.43,2.79,0.39,2.66,0.39,11.46
38.8,Sunday,1,4.0,1,18.2,1,1.4,4,4.3,2,7.5,10.53,2.73,0.14,1.03,0.75,14.83
37.9,Sunday,1,4.75,1,18.6,0,4.1,4,1.8,2,7.7,11.9,2.79,0.0,0.43,0.77,15.7
27.7,Friday,1,5.21,1,18.3,2,3.5,4,7.8,3,7.3,7.29,2.74,0.7,1.87,1.1,13.45
29.2,Monday,1,5.98,1,24.0,1,5.0,5,10.1,2,5.1,8.37,3.6,0.5,3.03,0.51,15.89
29.6,Tuesday,0,0.0,1,18.7,0,3.2,3,4.3,3,5.1,0.0,2.8,0.0,0.77,0.76,4.49
27.7,Thursday,2,3.39,1,19.9,0,3.7,1,0.6,2,7.2,4.75,2.98,0.0,0.04,0.72,8.33
31.0,Tuesday,1,4.27,1,19.9,1,3.7,5,7.7,2,6.4,6.58,2.98,0.37,2.31,0.64,12.81
26.2,Saturday,2,3.76,1,22.1,1,2.1,2,3.5,1,4.4,5.26,3.32,0.21,0.42,0.22,9.44
24.3,Sunday,1,3.56,1,20.6,0,1.9,5,6.6,1,2.0,4.98,3.09,0.0,1.98,0.1,10.16
33.1,Wednesday,1,4.13,1,20.6,1,2.1,2,3.8,2,5.2,7.57,3.09,0.21,0.46,0.52,11.76
33.1,Wednesday,1,3.34,1,20.3,1,3.0,3,4.3,1,7.0,6.13,3.04,0.3,0.77,0.35,10.77
26.0,Sunday,1,4.78,1,20.4,1,3.0,2,3.1,2,7.0,6.69,3.06,0.3,0.37,0.7,11.12
34.5,Saturday,1,5.49,1,20.5,1,3.0,4,9.3,1,3.0,11.15,3.08,0.3,2.23,0.15,16.94
26.8,Wednesday,1,3.93,1,19.1,1,3.5,5,5.0,2,7.7,5.5,2.86,0.35,1.5,0.77,11.35
31.3,Sunday,0,0.0,1,18.6,1,2.3,2,0.6,1,9.7,0.0,2.79,0.23,0.07,0.48,3.83
34.1,Wednesday,1,5.15,1,20.1,1,3.8,3,3.7,2,5.3,10.17,3.02,0.38,0.67,0.53,14.77
29.8,Sunday,0,0.0,1,19.2,0,3.4,6,5.7,2,5.6,0.0,2.88,0.0,2.05,0.56,5.57
32.3,Friday,1,3.96,1,20.3,0,4.6,4,1.5,1,5.0,6.81,3.04,0.0,0.36,0.25,10.32
27.4,Thursday,1,5.41,1,18.4,1,3.4,5,8.7,2,5.3,7.57,2.76,0.34,2.61,0.53,13.5
29.0,Thursday,0,0.0,1,17.8,1,2.9,6,8.0,1,8.4,0.0,2.67,0.29,2.88,0.42,6.36
29.0,Tuesday,0,0.0,1,18.1,0,5.1,6,0.7,1,4.4,0.0,2.72,0.0,0.25,0.22,3.03
26.3,Saturday,0,0.0,1,19.9,1,2.9,6,14.2,1,6.5,0.0,2.98,0.29,5.11,0.32,8.78
29.1,Sunday,1,3.8,1,17.6,2,3.3,3,2.5,1,5.4,5.32,2.64,0.66,0.45,0.27,9.66
22.3,Monday,0,0.0,1,22.9,1,3.4,6,5.5,3,6.4,0.0,3.43,0.34,1.98,0.96,6.43
27.5,Tuesday,1,3.92,1,22.9,1,3.9,5,9.8,0,5.4,5.49,3.43,0.39,2.94,0.0,11.91
28.6,Tuesday,0,0.0,1,21.3,1,3.1,5,8.1,2,7.6,0.0,3.2,0.31,2.43,0.76,6.56
28.7,Sunday,1,3.35,1,19.4,2,5.8,1,2.1,1,8.1,4.69,2.91,1.16,0.13,0.4,9.41
28.8,Sunday,2,2.35,1,19.3,1,2.4,6,0.0,2,6.7,3.29,2.9,0.24,0.0,0.67,7.29
29.7,Tuesday,1,2.99,1,20.4,1,4.5,5,5.7,1,5.6,4.19,3.06,0.45,1.71,0.28,9.81
32.4,Tuesday,0,0.0,1,20.9,1,1.5,5,7.1,2,7.6,0.0,3.14,0.15,2.13,0.76,6.22
34.4,Thursday,2,5.87,1,20.4,1,2.0,2,4.4,2,4.5,11.84,3.06,0.2,0.53,0.45,16.08
26.8,Monday,1,3.31,1,18.0,1,1.4,3,2.3,2,6.9,4.63,2.7,0.14,0.41,0.69,8.59
24.0,Tuesday,2,2.42,1,19.7,2,2.1,6,6.6,1,5.0,3.39,2.95,0.42,2.38,0.25,9.57
24.8,Thursday,1,4.81,1,20.8,1,1.4,4,5.7,2,6.4,6.73,3.12,0.14,1.37,0.64,11.9
27.6,Tuesday,1,5.13,1,16.5,1,3.1,3,5.5,1,4.1,7.18,2.48,0.31,0.99,0.2,11.17
28.2,Wednesday,2,4.74,1,18.3,1,2.1,5,3.0,0,8.4,6.64,2.74,0.21,0.9,0.0,10.32
26.2,Tuesday,1,2.46,1,20.8,1,4.5,2,3.7,2,3.5,3.44,3.12,0.45,0.44,0.35,7.85
23.5,Sunday,1,4.11,1,19.5,1,3.5,4,3.8,2,5.7,5.75,2.92,0.35,0.91,0.57,10.5
27.7,Saturday,1,4.52,1,19.5,1,3.1,3,4.8,2,3.0,6.33,2.92,0.31,0.86,0.3,11.11
30.9,Saturday,0,0.0,1,21.7,1,3.3,3,3.6,2,8.3,0.0,3.26,0.33,0.65,0.83,4.85
33.0,Tuesday,0,0.0,1,19.9,1,3.6,3,4.5,1,9.1,0.0,2.98,0.36,0.81,0.46,4.75
27.2,Friday,0,0.0,1,19.3,1,4.2,3,4.4,1,3.6,0.0,2.9,0.42,0.79,0.18,4.21
27.9,Wednesday,1,3.59,1,19.5,1,2.5,2,4.4,1,6.6,5.03,2.92,0.25,0.53,0.33,9.18
25.4,Monday,1,4.91,1,19.6,1,2.3,4,4.7,2,5.4,6.87,2.94,0.23,1.13,0.54,11.82
29.8,Tuesday,1,4.54,1,18.7,1,3.4,6,6.8,2,7.0,6.36,2.8,0.34,2.45,0.7,12.61
25.8,Monday,0,0.0,1,19.7,1,4.6,4,8.2,1,9.2,0.0,2.95,0.46,1.97,0.46,5.69
32.9,Wednesday,1,6.27,1,18.3,1,1.6,3,6.8,2,6.8,11.33,2.74,0.16,1.22,0.68,15.97
21.1,Tuesday,2,4.44,1,19.5,1,3.4,2,2.1,2,4.5,6.22,2.92,0.34,0.25,0.45,10.2
28.2,Friday,1,5.69,1,19.2,1,4.3,5,9.0,2,4.6,7.97,2.88,0.43,2.7,0.46,14.33
31.5,Thursday,1,5.49,1,20.3,0,3.6,6,4.6,2,5.3,8.84,3.04,0.0,1.66,0.53,14.04
30.9,Friday,1,3.25,1,22.3,1,3.3,3,5.4,2,4.5,4.96,3.34,0.33,0.97,0.45,9.86
43.5,Sunday,1,5.67,1,20.4,1,3.5,3,5.8,2,7.5,18.66,3.06,0.35,1.04,0.75,23.94
31.7,Friday,1,4.94,1,20.2,1,4.8,4,4.6,1,7.7,8.1,3.03,0.48,1.1,0.38,12.96
25.0,Thursday,2,2.5,1,20.4,1,3.8,5,10.4,1,8.5,3.5,3.06,0.38,3.12,0.43,10.43
29.5,Sunday,1,2.91,1,18.7,1,1.4,4,4.6,1,5.2,4.07,2.8,0.14,1.1,0.26,8.57
21.1,Thursday,2,4.09,1,21.1,1,2.9,4,5.4,2,8.3,5.73,3.16,0.29,1.3,0.83,11.33
29.6,Saturday,1,4.98,1,20.6,1,3.1,5,8.0,3,9.4,6.97,3.09,0.31,2.4,1.41,14.29
25.8,Thursday,1,6.09,1,19.9,1,4.0,6,4.2,2,3.3,8.53,2.98,0.4,1.51,0.33,13.61
34.6,Tuesday,0,0.0,1,20.5,1,3.1,2,0.9,1,5.0,0.0,3.08,0.31,0.11,0.25,3.79
27.3,Monday,1,2.28,1,20.5,1,3.0,6,9.1,2,5.8,3.19,3.08,0.3,3.28,0.58,10.49
29.4,Saturday,1,3.96,1,20.5,1,3.0,3,2.5,2,7.6,5.54,3.08,0.3,0.45,0.76,9.99
26.8,Saturday,1,4.73,1,21.5,1,3.2,5,2.6,3,8.7,6.62,3.22,0.32,0.78,1.3,12.25
38.7,Monday,1,4.41,1,18.9,0,2.9,4,7.4,2,2.5,11.54,2.83,0.0,1.78,0.25,16.34
28.4,Saturday,2,4.13,1,22.0,1,2.6,4,9.4,3,4.7,5.78,3.3,0.26,2.26,0.7,12.34
39.2,Thursday,2,4.11,1,17.6,1,2.9,5,9.5,0,8.3,11.04,2.64,0.29,2.85,0.0,16.62
34.1,Friday,1,5.83,1,21.0,1,3.3,3,1.6,1,4.3,11.51,3.15,0.33,0.29,0.22,15.34
32.4,Wednesday,1,5.16,1,20.3,1,3.6,2,2.9,1,7.6,8.95,3.04,0.36,0.35,0.38,12.87
31.8,Thursday,1,3.42,1,18.6,1,5.7,4,4.5,2,7.1,5.65,2.79,0.57,1.08,0.71,10.63
32.0,Sunday,1,3.76,1,21.5,1,1.7,4,3.1,1,7.6,6.31,3.22,0.17,0.74,0.38,10.73
20.4,Sunday,2,2.82,1,17.3,1,3.6,3,4.2,2,7.6,3.95,2.6,0.36,0.76,0.76,8.51
28.6,Friday,0,0.0,1,22.4,1,4.5,6,7.7,2,5.1,0.0,3.36,0.45,2.77,0.51,7.1
34.2,Friday,1,3.64,1,23.4,2,2.2,3,3.5,1,5.5,7.24,3.51,0.44,0.63,0.28,12.11
29.8,Saturday,1,2.31,1,19.8,1,3.7,4,8.0,3,5.3,3.23,2.97,0.37,1.92,0.8,9.14
23.0,Tuesday,1,4.44,1,18.5,1,2.6,2,4.4,1,6.5,6.22,2.78,0.26,0.53,0.32,10.11
29.7,Tuesday,1,5.18,1,19.1,1,2.5,4,4.5,1,1.7,7.25,2.86,0.25,1.08,0.08,11.71
38.5,Saturday,1,4.48,1,21.5,1,2.3,3,3.6,2,7.0,11.6,3.22,0.23,0.65,0.7,16.44
36.2,Saturday,0,0.0,1,19.5,2,2.9,4,4.7,0,9.4,0.0,2.92,0.58,1.13,0.0,4.75
29.7,Monday,1,5.24,1,15.6,1,2.9,3,5.0,2,6.4,7.34,2.34,0.29,0.9,0.64,11.43
34.8,Monday,1,5.43,1,20.6,0,3.8,2,3.1,2,5.8,11.25,3.09,0.0,0.37,0.58,15.22
28.2,Wednesday,0,0.0,1,21.3,1,1.6,5,4.3,3,6.1,0.0,3.2,0.16,1.29,0.92,5.65
21.5,Wednesday,0,0.0,1,20.8,2,3.9,4,5.0,3,7.1,0.0,3.12,0.78,1.2,1.06,6.02
25.4,Wednesday,1,5.17,1,21.0,1,3.8,3,1.0,1,8.3,7.24,3.15,0.38,0.18,0.42,11.35
37.8,Wednesday,1,4.9,1,22.4,1,3.3,1,0.3,2,5.9,12.21,3.36,0.33,0.02,0.59,16.54
28.6,Friday,1,3.93,1,19.7,1,5.3,6,3.3,1,5.7,5.5,2.95,0.53,1.19,0.29,10.4
28.8,Friday,1,4.75,1,22.6,1,4.2,2,2.3,1,3.3,6.65,3.39,0.42,0.28,0.16,10.77
28.5,Monday,1,4.6,1,19.8,1,2.5,6,10.4,1,6.1,6.44,2.97,0.25,3.74,0.3,13.6
39.5,Tuesday,1,4.17,1,21.7,1,1.8,4,3.2,1,3.6,11.39,3.26,0.18,0.77,0.18,15.57
38.1,Saturday,1,3.82,1,19.8,0,2.3,3,3.7,3,4.9,9.68,2.97,0.0,0.67,0.74,14.1
41.1,Sunday,1,5.14,1,23.1,1,2.4,5,7.4,1,7.8,15.19,3.47,0.24,2.22,0.39,21.64
29.2,Tuesday,1,2.16,1,21.0,1,1.2,6,14.1,2,8.0,3.02,3.15,0.12,5.08,0.8,12.09
31.5,Thursday,1,3.95,1,19.9,1,3.5,3,4.1,2,6.9,6.36,2.98,0.35,0.74,0.69,11.53
22.4,Friday,2,2.68,1,18.2,0,1.7,4,5.6,2,8.4,3.75,2.73,0.0,1.34,0.84,8.55
37.4,Wednesday,2,4.07,1,20.3,1,3.2,4,3.7,3,2.7,9.92,3.04,0.32,0.89,0.4,14.46
24.2,Wednesday,0,0.0,1,18.8,1,3.9,6,15.3,1,9.3,0.0,2.82,0.39,5.51,0.47,9.31
31.1,Thursday,0,0.0,1,20.7,2,4.4,5,9.2,2,4.3,0.0,3.1,0.88,2.76,0.43,7.26
24.5,Tuesday,1,4.14,1,21.0,1,2.7,3,1.8,2,6.6,5.8,3.15,0.27,0.32,0.66,10.3
27.1,Wednesday,1,3.98,1,21.6,1,2.3,2,4.7,1,4.7,5.57,3.24,0.23,0.56,0.24,10.0
25.8,Tuesday,0,0.0,1,20.8,1,4.3,3,5.4,2,6.6,0.0,3.12,0.43,0.97,0.66,5.04
27.0,Saturday,2,4.93,1,20.1,1,4.5,3,4.5,2,6.0,6.9,3.02,0.45,0.81,0.6,11.84
27.3,Thursday,1,4.83,1,22.0,1,3.7,3,5.3,1,8.3,6.76,3.3,0.37,0.95,0.42,11.59
27.3,Sunday,2,3.83,1,22.2,1,2.3,5,10.5,1,10.9,5.36,3.33,0.23,3.15,0.55,12.78
34.2,Tuesday,1,6.02,1,18.4,1,1.7,2,1.7,1,7.8,11.97,2.76,0.17,0.2,0.39,15.64
24.5,Saturday,1,3.54,1,22.6,1,4.1,3,3.2,2,5.8,4.96,3.39,0.41,0.58,0.58,10.08
31.1,Tuesday,1,4.47,1,21.8,1,2.9,4,5.2,2,9.1,6.95,3.27,0.29,1.25,0.91,12.66
36.1,Tuesday,1,3.98,1,18.7,1,4.2,3,1.5,2,2.6,8.97,2.8,0.42,0.27,0.26,12.87
27.4,Wednesday,1,3.56,1,17.2,1,2.3,2,3.6,2,4.8,4.98,2.58,0.23,0.43,0.48,8.73
26.4,Monday,0,0.0,1,21.8,1,4.1,2,2.3,3,5.5,0.0,3.27,0.41,0.28,0.82,4.99
28.8,Friday,1,4.76,1,20.3,2,4.4,2,2.2,2,5.4,6.66,3.04,0.88,0.26,0.54,11.33
35.9,Tuesday,1,5.07,1,19.3,1,2.8,5,4.5,2,4.5,11.29,2.9,0.28,1.35,0.45,16.22
31.0,Tuesday,0,0.0,1,20.5,0,3.3,5,6.6,2,7.4,0.0,3.08,0.0,1.98,0.74,5.86
27.3,Tuesday,1,4.5,1,21.8,1,1.8,2,2.9,2,6.0,6.3,3.27,0.18,0.35,0.6,10.51
32.4,Monday,1,6.3,1,17.0,1,1.9,3,6.0,2,5.7,10.94,2.55,0.19,1.08,0.57,15.29
24.5,Saturday,0,0.0,1,20.2,1,3.3,3,6.0,3,8.8,0.0,3.03,0.33,1.08,1.32,5.75
33.4,Sunday,0,0.0,1,20.1,1,2.5,4,2.3,3,5.1,0.0,3.02,0.25,0.55,0.76,4.38
32.0,Sunday,1,4.33,1,22.2,1,3.2,4,6.6,0,8.1,7.27,3.33,0.32,1.58,0.0,12.51
28.5,Thursday,2,5.43,1,21.2,1,3.2,4,8.6,1,5.5,7.6,3.18,0.32,2.06,0.28,13.51
25.8,Wednesday,1,3.4,1,21.2,1,3.7,3,3.6,3,5.5,4.76,3.18,0.37,0.65,0.82,9.91
25.6,Monday,0,0.0,1,19.3,0,3.5,2,2.4,1,4.5,0.0,2.9,0.0,0.29,0.22,3.19
32.7,Saturday,1,3.22,1,21.0,1,3.9,5,5.3,3,3.1,5.73,3.15,0.39,1.59,0.47,11.48
36.1,Tuesday,2,4.87,1,19.3,1,3.2,6,10.2,1,4.7,10.98,2.9,0.32,3.67,0.24,17.8
26.8,Saturday,1,2.24,1,19.8,1,3.3,6,9.1,1,2.4,3.14,2.97,0.33,3.28,0.12,9.7
32.3,Monday,1,3.33,1,20.9,1,3.0,2,4.0,1,6.5,5.73,3.14,0.3,0.48,0.32,10.28
19.6,Monday,1,3.15,1,20.1,0,4.0,5,6.3,1,5.4,4.41,3.02,0.0,1.89,0.27,9.61
27.1,Monday,1,4.19,1,20.5,0,4.8,5,10.9,1,8.2,5.87,3.08,0.0,3.27,0.41,12.47
29.8,Thursday,0,0.0,1,22.0,1,3.7,6,10.4,2,4.5,0.0,3.3,0.37,3.74,0.45,7.66
25.5,Friday,1,3.14,1,19.5,1,3.5,3,6.4,2,5.5,4.4,2.92,0.35,1.15,0.55,9.18
25.3,Wednesday,1,4.18,1,18.4,1,2.8,5,4.7,3,8.4,5.85,2.76,0.28,1.41,1.26,11.42
26.7,Thursday,2,2.59,1,18.6,1,3.2,2,4.8,2,7.8,3.63,2.79,0.32,0.58,0.78,8.25
31.5,Thursday,1,5.36,1,18.3,1,2.6,4,3.9,2,6.3,8.62,2.74,0.26,0.94,0.63,13.27
29.1,Friday,0,0.0,1,22.4,1,2.4,3,3.0,2,3.9,0.0,3.36,0.24,0.54,0.39,4.69
18.8,Thursday,1,4.11,1,21.0,1,2.8,5,5.4,2,7.2,5.75,3.15,0.28,1.62,0.72,11.36
19.4,Monday,1,4.17,1,21.6,1,4.8,6,6.0,2,5.4,5.84,3.24,0.48,2.16,0.54,11.96
27.0,Monday,1,3.83,1,21.3,1,2.9,3,7.8,0,5.0,5.36,3.2,0.29,1.4,0.0,10.35
32.3,Saturday,0,0.0,1,19.7,1,4.6,4,6.7,0,8.7,0.0,2.95,0.46,1.61,0.0,5.01
16.3,Tuesday,1,2.99,1,22.4,1,2.0,2,3.3,1,8.9,4.19,3.36,0.2,0.4,0.45,8.48
27.5,Thursday,1,3.91,1,19.0,1,3.1,4,0.3,1,4.2,5.47,2.85,0.31,0.07,0.21,9.06
27.4,Tuesday,1,3.22,1,23.0,1,3.7,3,6.6,2,9.4,4.51,3.45,0.37,1.19,0.94,10.65
36.9,Wednesday,2,5.04,1,20.2,1,3.8,2,1.3,1,5.8,11.93,3.03,0.38,0.16,0.29,16.05
28.1,Sunday,1,4.43,1,22.7,1,1.9,6,7.9,3,7.6,6.2,3.4,0.19,2.84,1.14,13.62
31.9,Monday,1,5.37,1,18.4,1,1.8,2,1.7,3,9.7,8.95,2.76,0.18,0.2,1.46,13.73
30.7,Saturday,1,4.63,1,19.4,1,3.6,4,6.0,3,5.7,6.93,2.91,0.36,1.44,0.86,12.56
19.3,Wednesday,1,4.03,1,17.6,1,2.4,6,14.1,3,6.5,5.64,2.64,0.24,5.08,0.98,14.49
33.8,Saturday,1,3.63,1,21.6,1,3.6,6,4.2,1,7.4,7.01,3.24,0.36,1.51,0.37,12.67
31.1,Sunday,2,5.76,1,20.4,1,4.4,5,4.3,2,9.2,8.95,3.06,0.44,1.29,0.92,14.53
32.5,Sunday,1,4.1,1,23.0,1,2.3,2,2.9,1,6.0,7.18,3.45,0.23,0.35,0.3,11.42
45.0,Friday,1,2.61,1,19.3,1,2.5,5,11.9,2,7.6,9.12,2.9,0.25,3.57,0.76,16.74
19.6,Monday,1,3.0,1,22.0,1,1.0,3,3.2,3,4.5,4.2,3.3,0.1,0.58,0.68,8.77
38.6,Wednesday,1,5.55,1,20.1,0,3.8,6,5.1,3,3.0,14.45,3.02,0.0,1.84,0.45,19.82
28.6,Friday,1,4.13,1,19.9,0,5.1,5,7.2,2,4.6,5.78,2.98,0.0,2.16,0.46,11.31
31.4,Sunday,1,2.2,1,19.6,1,1.8,5,6.7,2,4.6,3.51,2.94,0.18,2.01,0.46,9.13
29.8,Wednesday,2,4.37,1,18.7,1,4.2,2,1.3,1,8.0,6.12,2.8,0.42,0.16,0.4,9.94
27.9,Saturday,0,0.0,1,20.6,0,4.3,4,4.3,0,5.9,0.0,3.09,0.0,1.03,0.0,3.98
27.2,Friday,1,2.98,1,20.3,1,3.8,5,0.1,2,4.8,4.17,3.04,0.38,0.03,0.48,8.13
31.6,Friday,2,4.89,1,17.6,1,2.4,6,7.9,2,4.2,7.95,2.64,0.24,2.84,0.42,14.01
22.4,Monday,0,0.0,1,16.2,1,2.8,1,0.5,3,5.2,0.0,2.43,0.28,0.03,0.78,3.38
33.8,Tuesday,1,2.29,1,19.5,1,3.6,6,16.0,1,7.8,4.43,2.92,0.36,5.76,0.39,13.69
27.9,Saturday,1,4.69,1,21.7,0,3.5,1,1.7,3,4.2,6.57,3.26,0.0,0.1,0.63,10.39
24.3,Saturday,0,0.0,1,20.3,1,2.7,4,6.0,2,5.7,0.0,3.04,0.27,1.44,0.57,5.23
27.7,Friday,1,5.48,1,18.0,1,3.5,5,8.4,2,5.2,7.67,2.7,0.35,2.52,0.52,13.85
36.3,Friday,2,3.66,1,17.3,1,2.6,2,2.0,2,6.7,8.35,2.6,0.26,0.24,0.67,11.92
27.3,Monday,0,0.0,1,21.7,0,2.9,1,1.2,3,9.7,0.0,3.26,0.0,0.07,1.46,4.8
31.8,Tuesday,1,5.45,1,17.5,1,2.8,5,8.4,1,4.7,9.0,2.62,0.28,2.52,0.24,14.72
26.3,Saturday,1,2.98,1,21.1,1,4.1,3,2.0,3,6.6,4.17,3.16,0.41,0.36,0.99,9.24
33.8,Sunday,2,5.61,1,20.9,1,1.6,2,3.6,1,6.0,10.83,3.14,0.16,0.43,0.3,14.78
33.4,Thursday,0,0.0,1,22.5,1,3.6,5,13.7,1,5.1,0.0,3.38,0.36,4.11,0.26,8.13
39.2,Thursday,1,5.28,1,19.1,1,3.4,5,1.7,2,6.1,14.19,2.86,0.34,0.51,0.61,18.34
29.1,Tuesday,1,3.92,1,21.4,1,0.7,4,6.8,2,9.6,5.49,3.21,0.07,1.63,0.96,11.16
33.3,Wednesday,1,3.71,1,22.1,0,3.9,2,1.6,2,5.9,6.9,3.32,0.0,0.19,0.59,11.05
30.5,Monday,2,3.44,1,18.0,2,4.0,1,1.8,2,5.9,5.06,2.7,0.8,0.11,0.59,9.57
36.5,Tuesday,2,5.04,1,20.2,1,2.6,5,7.8,2,5.2,11.65,3.03,0.26,2.34,0.52,17.9
26.4,Thursday,0,0.0,1,19.9,1,3.5,4,10.3,1,6.8,0.0,2.98,0.35,2.47,0.34,5.96
33.7,Friday,1,3.84,1,18.4,1,3.3,5,12.3,3,4.0,7.37,2.76,0.33,3.69,0.6,14.58
29.0,Thursday,1,3.37,1,20.4,1,5.2,5,1.8,1,6.2,4.72,3.06,0.52,0.54,0.31,9.24
29.7,Friday,1,3.11,1,18.2,0,3.5,4,7.4,3,6.9,4.35,2.73,0.0,1.78,1.04,10.01
30.5,Monday,1,4.39,1,20.6,1,3.1,2,3.7,1,4.3,6.46,3.09,0.31,0.44,0.22,10.53
31.3,Friday,1,2.7,1,23.3,1,4.1,6,12.8,2,9.2,4.27,3.5,0.41,4.61,0.92,13.68
29.4,Tuesday,1,5.35,1,19.7,1,4.6,4,6.6,2,9.1,7.49,2.95,0.46,1.58,0.91,13.47
31.1,Friday,2,5.22,1,19.9,1,5.1,4,6.9,1,10.5,8.11,2.98,0.51,1.66,0.52,13.63
37.9,Wednesday,0,0.0,1,22.1,1,2.4,6,3.9,1,7.1,0.0,3.32,0.24,1.4,0.36,5.47
34.9,Tuesday,2,3.95,1,21.9,1,3.4,6,9.7,1,6.8,8.24,3.28,0.34,3.49,0.34,15.74
34.3,Monday,1,4.74,1,19.1,1,2.4,4,4.8,1,5.8,9.5,2.86,0.24,1.15,0.29,13.92
27.7,Tuesday,1,4.79,1,21.0,1,5.3,3,5.4,1,6.1,6.71,3.15,0.53,0.97,0.3,11.65
25.6,Wednesday,2,3.68,1,15.6,1,3.0,6,7.6,2,7.9,5.15,2.34,0.3,2.74,0.79,11.84
34.8,Monday,1,3.9,1,18.5,0,4.0,5,8.2,2,6.0,8.08,2.78,0.0,2.46,0.6,13.88
34.4,Thursday,1,4.65,1,21.6,1,2.8,4,7.0,2,5.7,9.37,3.24,0.28,1.68,0.57,15.22
37.4,Wednesday,1,4.51,1,19.2,2,3.5,4,7.0,3,7.1,10.98,2.88,0.7,1.68,1.06,17.43
27.0,Monday,1,2.87,1,19.7,1,1.2,4,3.3,2,4.7,4.02,2.95,0.12,0.79,0.47,8.38
28.9,Sunday,2,1.65,1,18.6,0,4.0,6,16.0,2,9.2,2.31,2.79,0.0,5.76,0.92,11.72
21.8,Friday,2,2.69,1,18.4,1,4.3,4,6.0,2,6.0,3.77,2.76,0.43,1.44,0.6,8.89
28.0,Tuesday,0,0.0,1,16.3,1,2.4,5,8.8,2,7.5,0.0,2.44,0.24,2.64,0.75,6.04
35.0,Monday,0,0.0,1,19.5,1,1.2,5,6.9,2,4.4,0.0,2.92,0.12,2.07,0.44,5.53
27.7,Tuesday,1,5.39,1,20.7,0,4.5,5,3.0,1,5.9,7.55,3.1,0.0,0.9,0.3,12.04
33.2,Friday,0,0.0,1,20.4,2,4.4,5,9.3,3,5.2,0.0,3.06,0.88,2.79,0.78,7.75
29.0,Monday,1,4.54,1,18.8,1,3.8,6,9.1,2,5.3,6.36,2.82,0.38,3.28,0.53,13.64
31.6,Thursday,0,0.0,1,17.9,1,2.8,3,5.8,1,3.7,0.0,2.68,0.28,1.04,0.19,4.14
24.3,Sunday,1,2.25,1,19.4,2,2.7,2,1.8,2,8.1,3.15,2.91,0.54,0.22,0.81,7.79
30.4,Sunday,0,0.0,1,18.0,1,4.3,5,5.6,0,7.0,0.0,2.7,0.43,1.68,0.0,4.85
15.0,Wednesday,1,2.9,1,18.8,1,2.7,4,6.0,1,3.2,4.06,2.82,0.27,1.44,0.16,8.59
29.1,Monday,1,5.48,1,20.2,1,3.2,2,2.7,1,5.6,7.67,3.03,0.32,0.32,0.28,11.4
21.8,Friday,1,3.74,1,18.7,1,3.0,2,2.3,2,5.6,5.24,2.8,0.3,0.28,0.56,9.13
36.0,Monday,2,4.11,1,21.9,1,3.3,2,3.0,2,6.8,9.2,3.28,0.33,0.36,0.68,13.83
33.9,Tuesday,2,1.22,1,18.4,0,2.9,5,11.4,2,5.7,2.38,2.76,0.0,3.42,0.57,9.0
32.3,Saturday,1,3.13,1,19.1,2,3.0,5,8.2,0,8.2,5.39,2.86,0.6,2.46,0.0,11.5
37.6,Monday,0,0.0,1,21.3,1,4.8,3,6.3,2,7.9,0.0,3.2,0.48,1.13,0.79,5.82
25.3,Sunday,2,5.24,1,21.0,1,3.5,5,6.1,2,10.4,7.34,3.15,0.35,1.83,1.04,13.68
38.7,Sunday,2,3.15,1,20.8,1,3.4,3,4.1,1,1.5,8.25,3.12,0.34,0.74,0.08,12.76
34.7,Sunday,2,4.47,1,19.0,1,3.8,5,7.5,2,8.7,9.2,2.85,0.38,2.25,0.87,15.61
28.8,Thursday,0,0.0,1,20.9,1,1.9,4,4.1,1,7.6,0.0,3.14,0.19,0.98,0.38,4.4
35.7,Monday,2,5.1,1,21.2,1,4.0,5,7.5,1,5.6,11.21,3.18,0.4,2.25,0.28,17.02
24.5,Wednesday,1,3.8,1,20.7,1,3.3,3,7.1,2,5.5,5.32,3.1,0.33,1.28,0.55,10.63
25.9,Monday,1,3.48,1,20.0,1,2.4,3,7.5,2,5.8,4.87,3.0,0.24,1.35,0.58,10.02
27.0,Saturday,2,4.55,1,20.9,1,2.9,5,11.3,1,6.5,6.37,3.14,0.29,3.39,0.32,13.37
27.4,Sunday,1,3.27,1,19.9,1,3.5,1,1.5,1,4.9,4.58,2.98,0.35,0.09,0.25,8.32
24.7,Tuesday,2,3.75,1,20.6,1,3.1,6,5.1,1,2.8,5.25,3.09,0.31,1.84,0.14,10.96
36.1,Sunday,1,5.54,1,20.1,1,4.1,4,11.9,1,5.0,12.49,3.02,0.41,2.86,0.25,19.04
28.7,Monday,2,3.32,1,17.7,1,2.2,4,4.0,1,5.5,4.65,2.66,0.22,0.96,0.28,8.71
31.8,Thursday,1,3.92,1,19.1,1,1.9,4,9.4,1,7.1,6.48,2.86,0.19,2.26,0.36,12.04
27.1,Friday,2,3.38,1,23.1,1,2.2,2,3.2,2,3.6,4.73,3.47,0.22,0.38,0.36,8.98
20.9,Monday,0,0.0,1,17.1,1,2.6,4,2.6,2,7.3,0.0,2.56,0.26,0.62,0.73,4.29
31.4,Monday,1,4.65,1,22.3,2,3.1,6,2.1,2,3.6,7.42,3.34,0.62,0.76,0.36,12.44
20.4,Wednesday,1,2.95,1,20.9,1,2.7,3,6.8,2,6.8,4.13,3.14,0.27,1.22,0.68,9.42
29.7,Thursday,1,4.49,1,20.1,0,1.8,5,4.8,1,7.1,6.29,3.02,0.0,1.44,0.36,11.05
23.2,Saturday,1,1.07,1,17.5,2,1.6,4,2.0,0,5.7,1.5,2.62,0.32,0.48,0.0,5.16
39.9,Friday,1,5.99,1,20.0,1,1.7,5,5.8,3,6.1,16.7,3.0,0.17,1.74,0.92,22.32
34.6,Sunday,0,0.0,1,18.9,1,2.7,3,4.0,1,7.4,0.0,2.83,0.27,0.72,0.37,4.29
30.5,Tuesday,1,3.67,1,21.8,1,2.2,4,6.3,1,4.8,5.4,3.27,0.22,1.51,0.24,10.77
36.3,Monday,1,3.84,1,19.0,1,2.6,6,9.3,0,6.6,8.77,2.85,0.26,3.35,0.0,15.12
25.8,Saturday,2,3.77,1,19.6,1,4.3,2,1.7,2,5.3,5.28,2.94,0.43,0.2,0.53,9.47
32.7,Friday,0,0.0,1,20.4,1,1.8,4,5.3,2,9.1,0.0,3.06,0.18,1.27,0.91,5.39
31.0,Tuesday,0,0.0,1,19.0,1,3.3,4,9.9,3,7.1,0.0,2.85,0.33,2.38,1.06,6.74
31.3,Saturday,1,4.59,1,21.4,1,1.8,4,2.5,3,3.9,7.27,3.21,0.18,0.6,0.58,11.69
36.4,Thursday,1,5.62,1,19.6,1,1.7,4,6.6,2,9.6,12.91,2.94,0.17,1.58,0.96,18.6
33.7,Thursday,1,4.81,1,17.2,1,3.4,4,2.5,1,8.0,9.22,2.58,0.34,0.6,0.4,13.15
31.4,Friday,1,7.35,1,20.2,1,3.7,1,1.1,1,3.6,11.73,3.03,0.37,0.07,0.18,15.46
21.7,Sunday,2,4.59,1,21.2,1,3.8,6,12.5,1,2.9,6.43,3.18,0.38,4.5,0.14,14.27
25.2,Tuesday,1,4.47,1,22.2,1,4.1,5,0.0,1,3.5,6.26,3.33,0.41,0.0,0.18,10.07
29.4,Thursday,1,4.83,1,20.8,1,2.8,2,5.5,1,4.0,6.76,3.12,0.28,0.66,0.2,11.11
30.5,Friday,0,0.0,1,21.7,1,3.3,4,1.9,1,6.3,0.0,3.26,0.33,0.46,0.32,4.63
24.3,Thursday,1,4.17,1,20.7,1,2.6,5,0.0,1,6.2,5.84,3.1,0.26,0.0,0.31,9.67
42.1,Thursday,0,0.0,1,18.6,1,4.3,6,8.1,1,7.5,0.0,2.79,0.43,2.92,0.38,6.58
37.6,Saturday,1,6.02,1,18.8,2,2.1,6,6.3,3,5.4,14.84,2.82,0.42,2.27,0.81,21.03
33.0,Saturday,1,4.09,1,16.6,1,3.5,6,5.5,2,5.5,7.45,2.49,0.35,1.98,0.55,12.86
30.4,Thursday,1,3.84,1,19.7,1,1.9,2,3.5,3,6.2,5.6,2.95,0.19,0.42,0.93,10.18
28.9,Wednesday,1,5.27,1,21.0,1,3.1,6,4.3,1,8.3,7.38,3.15,0.31,1.55,0.42,13.08
25.2,Saturday,2,3.34,1,17.6,1,1.4,6,10.3,2,2.2,4.68,2.64,0.14,3.71,0.22,11.26
30.4,Tuesday,0,0.0,1,21.9,1,3.2,3,5.7,1,5.5,0.0,3.28,0.32,1.03,0.28,4.85
31.3,Friday,1,3.47,1,19.8,1,5.0,3,1.3,1,8.6,5.49,2.97,0.5,0.23,0.43,9.92
23.8,Friday,0,0.0,1,18.7,1,2.4,4,8.1,1,6.1,0.0,2.8,0.24,1.94,0.3,5.25
31.7,Sunday,1,7.17,1,17.6,1,2.8,5,9.2,3,5.4,11.75,2.64,0.28,2.76,0.81,18.31
29.2,Tuesday,2,3.19,1,22.5,1,3.9,3,7.1,3,4.4,4.47,3.38,0.39,1.28,0.66,10.02
20.5,Tuesday,1,3.95,1,21.8,1,3.0,1,1.3,0,7.8,5.53,3.27,0.3,0.08,0.0,9.13
25.7,Tuesday,1,3.96,1,19.4,1,4.2,2,1.6,1,5.0,5.54,2.91,0.42,0.19,0.25,9.36
27.9,Sunday,2,5.12,1,21.4,1,3.4,4,8.7,2,5.0,7.17,3.21,0.34,2.09,0.5,13.25
39.4,Tuesday,1,5.69,1,19.7,2,3.9,3,4.1,1,8.7,15.46,2.95,0.78,0.74,0.44,20.4
32.8,Monday,1,5.69,1,19.1,1,1.0,5,12.7,1,3.9,10.2,2.86,0.1,3.81,0.2,17.21
23.3,Sunday,1,3.89,1,19.0,1,3.1,2,3.6,1,9.3,5.45,2.85,0.31,0.43,0.47,9.52
32.4,Friday,1,3.44,1,19.7,1,1.9,6,7.9,2,6.3,5.98,2.95,0.19,2.84,0.63,12.48
22.3,Monday,0,0.0,1,19.4,1,2.6,6,4.5,1,6.0,0.0,2.91,0.26,1.62,0.3,5.21
35.4,Sunday,2,4.84,1,20.1,2,3.4,6,7.6,1,6.6,10.44,3.02,0.68,2.74,0.33,17.24
27.6,Thursday,1,4.43,1,22.4,0,2.8,5,9.8,1,6.0,6.2,3.36,0.0,2.94,0.3,12.7
29.5,Thursday,0,0.0,1,23.4,1,2.2,2,0.7,2,4.9,0.0,3.51,0.22,0.08,0.49,4.18
36.6,Friday,1,7.05,1,18.2,1,4.3,4,4.3,3,6.7,16.38,2.73,0.43,1.03,1.01,21.43
23.6,Thursday,1,4.51,1,20.7,1,4.0,2,0.5,1,5.0,6.31,3.1,0.4,0.06,0.25,10.3
23.0,Tuesday,0,0.0,1,20.3,1,1.6,6,3.8,3,6.9,0.0,3.04,0.16,1.37,1.04,5.5
27.1,Sunday,1,3.81,1,20.8,1,3.8,3,2.8,2,10.6,5.33,3.12,0.38,0.5,1.06,10.25
35.2,Monday,2,3.4,1,19.3,0,3.2,4,4.6,3,7.3,7.24,2.9,0.0,1.1,1.1,12.19
22.4,Tuesday,2,5.24,1,20.8,1,3.2,5,7.8,2,5.6,7.34,3.12,0.32,2.34,0.56,13.38
15.8,Thursday,2,1.35,1,17.9,1,4.6,6,10.8,2,6.5,1.89,2.68,0.46,3.89,0.65,9.9
27.7,Saturday,2,4.39,1,24.0,1,3.2,5,11.3,3,5.4,6.15,3.6,0.32,3.39,0.81,14.28
32.8,Monday,0,0.0,1,20.4,1,3.7,5,12.0,1,5.6,0.0,3.06,0.37,3.6,0.28,7.18
36.0,Tuesday,1,5.58,1,21.1,1,3.2,4,8.5,2,5.8,12.5,3.16,0.32,2.04,0.58,18.55
27.7,Sunday,2,4.3,1,18.3,2,3.2,4,4.3,3,7.0,6.02,2.74,0.64,1.03,1.05,11.29
27.9,Friday,1,6.06,1,19.0,1,2.1,2,3.0,2,7.8,8.48,2.85,0.21,0.36,0.78,12.71
35.8,Tuesday,1,5.69,1,17.8,1,5.5,6,5.8,3,10.2,12.59,2.67,0.55,2.09,1.53,19.41
20.7,Saturday,1,1.85,1,22.2,1,0.0,4,6.0,2,7.3,2.59,3.33,0.0,1.44,0.73,8.26
28.1,Thursday,1,5.42,1,18.3,1,2.3,1,1.2,3,3.8,7.59,2.74,0.23,0.07,0.57,11.1
31.0,Monday,2,4.46,1,19.7,1,2.5,6,3.4,2,3.4,6.86,2.95,0.25,1.22,0.34,11.67
32.2,Friday,1,5.86,1,19.8,1,3.9,4,9.2,2,5.9,10.0,2.97,0.39,2.21,0.59,16.16
27.5,Monday,1,3.65,1,20.7,2,1.6,6,14.8,2,8.0,5.11,3.1,0.32,5.33,0.8,14.53
30.2,Friday,2,3.07,1,18.1,1,2.8,6,5.0,3,5.6,4.39,2.72,0.28,1.8,0.84,10.08
17.6,Sunday,1,2.18,1,21.3,2,3.8,5,8.4,2,5.6,3.05,3.2,0.76,2.52,0.56,10.08
26.7,Monday,0,0.0,1,21.9,1,1.8,2,1.7,2,7.8,0.0,3.28,0.18,0.2,0.78,4.59
32.3,Thursday,1,5.21,1,19.0,1,2.9,3,3.8,2,5.9,8.97,2.85,0.29,0.68,0.59,13.44
25.1,Sunday,2,3.21,1,19.9,1,2.8,6,5.9,1,8.1,4.49,2.98,0.28,2.12,0.4,10.2
30.3,Sunday,1,1.39,1,20.9,1,2.4,6,5.5,0,3.0,2.01,3.14,0.24,1.98,0.0,7.5
32.2,Friday,1,5.53,1,20.4,0,3.0,4,5.8,3,7.0,9.44,3.06,0.0,1.39,1.05,14.98
28.3,Wednesday,1,1.97,1,18.5,1,2.6,4,0.5,2,2.4,2.76,2.78,0.26,0.12,0.24,6.08
30.9,Monday,1,6.53,1,21.1,2,4.0,2,2.0,1,6.5,9.96,3.16,0.8,0.24,0.32,14.62
25.2,Monday,2,2.41,1,22.3,1,3.5,6,16.0,1,7.8,3.37,3.34,0.35,5.76,0.39,13.34
29.0,Tuesday,2,4.09,1,22.3,1,2.8,3,0.9,2,2.7,5.73,3.34,0.28,0.16,0.27,9.64
33.1,Friday,0,0.0,1,20.9,1,3.1,2,2.2,2,1.4,0.0,3.14,0.31,0.26,0.14,3.74
30.8,Saturday,0,0.0,1,21.1,1,2.6,5,7.6,2,7.7,0.0,3.16,0.26,2.28,0.77,6.49
27.1,Wednesday,2,4.25,1,19.4,0,4.3,3,3.6,2,6.9,5.95,2.91,0.0,0.65,0.69,10.15
31.1,Thursday,2,4.39,1,18.6,1,3.5,6,4.9,1,3.8,6.83,2.79,0.35,1.76,0.19,11.87
33.6,Tuesday,2,3.97,1,19.9,1,2.9,1,2.0,1,6.5,7.56,2.98,0.29,0.12,0.32,11.15
19.8,Wednesday,2,3.16,1,23.4,1,3.4,1,1.4,0,4.9,4.42,3.51,0.34,0.08,0.0,8.38
35.8,Friday,1,3.87,1,19.2,2,4.9,4,3.7,2,5.6,8.56,2.88,0.98,0.89,0.56,13.9
28.3,Wednesday,1,4.14,1,20.7,1,2.3,4,7.6,1,5.5,5.8,3.1,0.23,1.82,0.28,11.02
32.1,Sunday,1,2.43,1,20.6,1,3.9,2,2.0,2,3.3,4.11,3.09,0.39,0.24,0.33,8.1
36.0,Monday,0,0.0,1,19.4,1,3.4,4,3.0,2,7.8,0.0,2.91,0.34,0.72,0.78,4.67
23.1,Sunday,1,3.52,1,22.2,1,2.8,4,6.9,2,3.9,4.93,3.33,0.28,1.66,0.39,10.63
26.5,Monday,1,4.7,1,22.4,1,2.3,6,2.8,3,6.2,6.58,3.36,0.23,1.01,0.93,12.2
28.6,Tuesday,1,3.74,1,24.0,1,3.9,1,2.5,0,7.3,5.24,3.6,0.39,0.15,0.0,9.49
26.1,Friday,1,4.43,1,18.8,1,3.3,6,14.1,2,4.3,6.2,2.82,0.33,5.08,0.43,14.8
38.7,Friday,1,5.53,1,20.6,0,4.4,4,6.8,1,5.5,14.47,3.09,0.0,1.63,0.28,19.55
25.7,Wednesday,0,0.0,1,20.1,1,4.2,2,1.9,0,5.0,0.0,3.02,0.42,0.23,0.0,3.44
27.2,Tuesday,1,4.28,1,19.0,1,3.3,1,0.6,2,9.4,5.99,2.85,0.33,0.04,0.94,10.35
31.0,Friday,0,0.0,1,19.0,2,2.3,4,0.0,1,7.8,0.0,2.85,0.46,0.0,0.39,3.6
24.0,Saturday,0,0.0,1,20.3,1,5.1,3,7.2,2,7.5,0.0,3.04,0.51,1.3,0.75,5.4
28.0,Saturday,2,3.45,1,19.3,0,2.4,3,2.1,2,10.4,4.83,2.9,0.0,0.38,1.04,9.05
31.6,Sunday,0,0.0,1,18.5,0,3.8,3,4.7,0,6.7,0.0,2.78,0.0,0.85,0.0,3.85
28.3,Monday,1,2.96,1,20.2,1,1.2,5,7.3,0,5.3,4.14,3.03,0.12,2.19,0.0,9.58
29.5,Wednesday,1,3.33,1,18.3,1,4.6,4,0.9,2,3.1,4.66,2.74,0.46,0.22,0.31,8.66
27.4,Thursday,1,5.58,1,19.3,1,1.0,2,1.9,2,4.6,7.81,2.9,0.1,0.23,0.46,11.55
22.4,Monday,0,0.0,1,20.5,1,2.7,4,2.3,2,6.3,0.0,3.08,0.27,0.55,0.63,4.73
31.6,Tuesday,1,3.97,1,19.8,1,1.9,5,9.3,2,7.9,6.45,2.97,0.19,2.79,0.79,13.14
38.8,Friday,1,4.5,1,19.6,2,4.4,2,3.8,2,4.7,11.84,2.94,0.88,0.46,0.47,16.39
30.1,Monday,1,4.17,1,22.7,2,2.3,6,7.0,2,9.2,5.9,3.4,0.46,2.52,0.92,13.25
31.1,Thursday,1,5.02,1,22.1,2,3.5,4,3.1,1,2.9,7.8,3.32,0.7,0.74,0.14,12.71
33.5,Thursday,2,4.66,1,20.1,1,3.3,6,8.8,2,5.2,8.8,3.02,0.33,3.17,0.52,15.92
23.7,Saturday,2,3.85,1,18.5,2,1.6,2,4.1,2,6.8,5.39,2.78,0.32,0.49,0.68,9.78
38.5,Tuesday,1,3.72,1,21.2,1,4.0,6,2.1,2,6.3,9.64,3.18,0.4,0.76,0.63,14.67
31.0,Monday,0,0.0,1,23.8,1,3.0,4,11.0,2,7.0,0.0,3.57,0.3,2.64,0.7,7.2
38.2,Wednesday,1,5.0,1,22.0,1,4.5,4,4.7,3,6.3,12.74,3.3,0.45,1.13,0.94,18.55
26.3,Monday,1,3.83,1,18.0,2,3.6,4,5.0,1,7.3,5.36,2.7,0.72,1.2,0.36,10.41
39.1,Saturday,0,0.0,1,19.7,1,2.2,1,2.4,3,5.5,0.0,2.95,0.22,0.14,0.82,3.91
33.9,Sunday,1,3.9,1,18.9,0,2.8,6,7.8,2,5.4,7.59,2.83,0.0,2.81,0.54,13.66
32.8,Thursday,1,4.86,1,18.6,1,2.8,4,5.1,2,4.4,8.7,2.79,0.28,1.22,0.44,13.74
31.2,Tuesday,1,4.75,1,21.7,1,3.8,2,1.4,1,10.3,7.45,3.26,0.38,0.17,0.52,11.71
28.8,Tuesday,1,5.07,1,21.7,1,3.7,1,0.9,1,5.8,7.1,3.26,0.37,0.05,0.29,11.17
36.0,Wednesday,2,4.87,1,22.7,1,2.3,2,1.7,2,6.9,10.91,3.4,0.23,0.2,0.69,15.37
30.7,Tuesday,1,2.03,1,21.0,1,3.9,4,0.6,2,5.6,3.04,3.15,0.39,0.14,0.56,7.25
20.2,Saturday,2,5.37,1,19.9,1,3.4,4,0.0,0,9.2,7.52,2.98,0.34,0.0,0.0,10.51
24.4,Saturday,0,0.0,1,20.3,1,3.7,4,4.7,2,6.0,0.0,3.04,0.37,1.13,0.6,5.23
29.1,Saturday,2,3.67,1,18.6,1,3.5,3,1.2,1,6.7,5.14,2.79,0.35,0.22,0.34,8.76
31.5,Tuesday,0,0.0,1,22.1,2,3.8,4,7.1,3,4.3,0.0,3.32,0.76,1.7,0.64,6.12
29.7,Tuesday,0,0.0,1,18.9,1,2.1,4,4.7,3,9.5,0.0,2.83,0.21,1.13,1.42,5.38
36.1,Saturday,1,3.7,1,19.4,0,3.2,1,0.3,0,6.4,8.34,2.91,0.0,0.02,0.0,11.29
20.2,Tuesday,1,3.89,1,19.5,1,4.0,3,7.0,3,9.6,5.45,2.92,0.4,1.26,1.44,11.37
30.7,Tuesday,2,4.06,1,15.4,1,4.1,2,2.1,3,4.8,6.08,2.31,0.41,0.25,0.72,9.65
20.9,Thursday,1,3.36,1,21.3,0,4.1,6,10.1,1,5.1,4.7,3.2,0.0,3.64,0.26,11.74
33.8,Monday,1,1.67,1,18.6,1,2.1,5,12.1,2,4.9,3.23,2.79,0.21,3.63,0.49,9.88
29.5,Friday,1,3.89,1,21.0,1,5.1,6,7.9,2,5.4,5.45,3.15,0.51,2.84,0.54,12.25
32.1,Tuesday,1,3.16,1,19.3,1,4.8,3,4.0,2,7.3,5.35,2.9,0.48,0.72,0.73,10.28
25.7,Friday,1,3.32,1,19.3,1,2.1,6,13.8,1,1.9,4.65,2.9,0.21,4.97,0.1,12.91
36.4,Sunday,1,4.95,1,18.3,1,2.7,4,4.5,1,5.9,11.37,2.74,0.27,1.08,0.3,15.84
35.2,Friday,1,3.87,1,22.1,1,3.7,4,8.2,2,4.4,8.24,3.32,0.37,1.97,0.44,14.43
32.9,Thursday,2,3.87,1,22.4,2,2.3,3,3.9,1,4.2,6.99,3.36,0.46,0.7,0.21,11.79
29.4,Tuesday,2,4.21,1,21.5,1,3.6,5,7.2,2,6.9,5.89,3.22,0.36,2.16,0.69,12.54
32.9,Saturday,1,3.84,1,20.4,1,3.2,6,8.6,1,6.6,6.94,3.06,0.32,3.1,0.33,13.84
26.5,Friday,1,2.86,1,20.2,1,4.3,3,3.3,2,7.7,4.0,3.03,0.43,0.59,0.77,8.83
34.3,Tuesday,1,2.57,1,21.6,1,3.4,2,2.0,3,6.8,5.15,3.24,0.34,0.24,1.02,10.22
38.2,Wednesday,1,5.22,1,19.8,1,1.0,5,4.5,2,6.4,13.3,2.97,0.1,1.35,0.64,18.44
35.4,Sunday,1,4.0,1,22.0,1,3.9,6,2.8,2,4.9,8.62,3.3,0.39,1.01,0.49,13.9
26.4,Saturday,2,2.26,1,18.6,1,4.2,5,5.2,3,4.1,3.16,2.79,0.42,1.56,0.62,8.47
31.8,Wednesday,1,5.64,1,21.5,1,2.9,3,3.5,3,7.2,9.32,3.22,0.29,0.63,1.08,14.54
23.5,Wednesday,2,3.95,1,21.9,1,3.1,4,6.4,1,5.5,5.53,3.28,0.31,1.54,0.28,10.77
32.9,Friday,2,3.09,1,18.4,1,3.2,3,3.8,2,6.8,5.59,2.76,0.32,0.68,0.68,9.8
32.3,Wednesday,2,3.58,1,18.7,0,2.4,6,12.3,3,6.0,6.16,2.8,0.0,4.43,0.9,14.03
20.7,Thursday,2,4.31,1,19.9,1,5.5,5,10.1,1,1.9,6.03,2.98,0.55,3.03,0.1,12.66
24.2,Thursday,1,3.53,1,20.6,1,2.2,4,8.9,1,7.0,4.94,3.09,0.22,2.14,0.35,10.95
28.6,Friday,1,3.62,1,19.1,1,3.9,3,3.6,1,4.7,5.07,2.86,0.39,0.65,0.24,9.28
28.5,Tuesday,1,4.8,1,20.1,1,3.9,6,6.0,1,7.7,6.72,3.02,0.39,2.16,0.38,12.8
24.0,Monday,0,0.0,1,16.9,1,2.5,5,2.1,2,2.3,0.0,2.53,0.25,0.63,0.23,3.51
31.9,Tuesday,1,5.64,1,21.1,1,2.1,6,13.2,2,9.8,9.4,3.16,0.21,4.75,0.98,18.55
31.3,Tuesday,1,3.82,1,21.2,1,2.9,4,2.3,3,4.8,6.05,3.18,0.29,0.55,0.72,11.09
29.0,Tuesday,1,3.5,1,22.3,1,3.7,5,3.7,2,6.9,4.9,3.34,0.37,1.11,0.69,10.53
26.2,Tuesday,2,3.87,1,20.9,1,3.3,5,7.4,1,4.6,5.42,3.14,0.33,2.22,0.23,11.28
35.2,Saturday,2,5.68,1,19.4,1,4.8,3,3.4,0,4.8,12.08,2.91,0.48,0.61,0.0,15.83
38.3,Monday,0,0.0,1,18.5,1,2.4,6,13.8,3,7.4,0.0,2.78,0.24,4.97,1.11,8.9
27.6,Saturday,1,4.07,1,18.8,1,2.4,1,0.8,1,5.6,5.7,2.82,0.24,0.05,0.28,9.19
26.9,Wednesday,1,3.12,1,19.9,1,3.9,5,6.8,1,5.7,4.37,2.98,0.39,2.04,0.29,10.1
32.5,Sunday,1,3.32,1,18.7,1,1.3,6,0.6,3,7.7,5.81,2.8,0.13,0.22,1.16,10.39
28.2,Tuesday,1,4.99,1,18.8,1,2.4,3,6.5,2,6.4,6.99,2.82,0.24,1.17,0.64,11.87
29.3,Sunday,1,5.2,1,19.9,1,2.9,4,0.9,1,6.9,7.28,2.98,0.29,0.22,0.34,10.89
33.7,Thursday,1,5.61,1,17.6,1,3.0,4,12.0,3,4.8,10.75,2.64,0.3,2.88,0.72,17.26
20.5,Friday,2,4.07,1,18.5,1,2.5,5,6.3,3,7.3,5.7,2.78,0.25,1.89,1.1,11.73
36.6,Friday,2,5.21,1,20.3,1,1.2,6,6.9,1,6.2,12.1,3.04,0.12,2.48,0.31,17.99
30.4,Saturday,0,0.0,1,20.4,1,4.4,4,5.2,3,6.9,0.0,3.06,0.44,1.25,1.04,5.79
27.9,Saturday,1,4.13,1,21.3,2,4.4,5,3.1,1,6.7,5.78,3.2,0.88,0.93,0.34,11.19
29.6,Thursday,1,4.71,1,20.2,1,1.3,3,5.3,2,8.3,6.59,3.03,0.13,0.95,0.83,11.23
29.8,Tuesday,1,4.1,1,20.0,1,3.7,3,3.2,3,7.0,5.74,3.0,0.37,0.58,1.05,10.64
21.3,Sunday,0,0.0,1,21.0,1,2.9,4,4.5,3,3.7,0.0,3.15,0.29,1.08,0.56,5.27
37.5,Sunday,1,5.85,1,20.3,1,3.6,5,11.0,1,4.8,14.33,3.04,0.36,3.3,0.24,21.51
30.2,Monday,1,2.86,1,18.5,1,3.3,2,0.4,1,6.5,4.08,2.78,0.33,0.05,0.32,7.37
32.2,Wednesday,1,5.52,1,18.8,1,1.5,5,6.0,1,6.8,9.43,2.82,0.15,1.8,0.34,14.35
34.8,Friday,1,4.48,1,22.5,2,3.8,3,3.8,2,3.4,9.28,3.38,0.76,0.68,0.34,14.55
24.9,Wednesday,1,5.12,1,24.0,1,2.4,5,7.1,0,4.0,7.17,3.6,0.24,2.13,0.0,13.44
32.4,Monday,1,5.73,1,21.1,1,0.4,1,1.0,2,8.2,9.94,3.16,0.04,0.06,0.82,14.05
28.7,Saturday,0,0.0,1,18.5,1,3.2,5,5.6,1,9.9,0.0,2.78,0.32,1.68,0.5,5.3
34.2,Sunday,2,4.5,1,22.8,1,1.4,4,10.3,2,2.7,8.95,3.42,0.14,2.47,0.27,15.14
19.4,Friday,0,0.0,1,19.4,1,4.1,6,10.0,0,6.5,0.0,2.91,0.41,3.6,0.0,7.07
29.5,Wednesday,2,3.72,1,20.6,1,2.7,5,4.1,2,6.1,5.21,3.09,0.27,1.23,0.61,10.36
27.0,Saturday,1,4.27,1,20.0,1,3.1,5,8.8,1,8.0,5.98,3.0,0.31,2.64,0.4,12.57
32.2,Monday,1,5.25,1,20.3,1,3.5,6,8.2,1,7.0,8.97,3.04,0.35,2.95,0.35,15.71
32.4,Wednesday,1,4.43,1,19.3,1,3.1,5,9.1,3,7.7,7.69,2.9,0.31,2.73,1.16,14.83
26.5,Sunday,0,0.0,1,21.9,1,2.4,3,3.6,2,1.4,0.0,3.28,0.24,0.65,0.14,4.19
26.4,Tuesday,1,3.19,1,19.7,1,4.1,6,4.8,1,6.0,4.47,2.95,0.41,1.73,0.3,9.74
29.4,Saturday,0,0.0,1,20.9,1,2.9,5,1.1,1,4.2,0.0,3.14,0.29,0.33,0.21,3.88
25.5,Monday,1,3.24,1,20.9,1,1.9,4,8.4,2,4.2,4.54,3.14,0.19,2.02,0.42,10.3
34.2,Wednesday,0,0.0,1,19.8,1,3.4,5,8.9,1,3.5,0.0,2.97,0.34,2.67,0.18,6.33
28.2,Sunday,1,5.41,1,17.7,2,2.9,6,9.4,2,6.5,7.57,2.66,0.58,3.38,0.65,14.96
15.5,Tuesday,1,2.96,1,18.8,1,3.0,6,10.6,2,6.7,4.14,2.82,0.3,3.82,0.67,11.68
28.1,Tuesday,1,2.63,1,21.1,1,3.1,6,12.9,1,7.3,3.68,3.16,0.31,4.64,0.36,11.84
24.8,Monday,0,0.0,1,20.5,1,3.1,3,0.6,2,5.2,0.0,3.08,0.31,0.11,0.52,3.91
21.8,Thursday,0,0.0,1,18.8,1,4.5,4,5.6,2,8.8,0.0,2.82,0.45,1.34,0.88,5.51
23.8,Sunday,0,0.0,1,20.1,1,2.2,2,0.3,3,4.1,0.0,3.02,0.22,0.04,0.62,3.93
30.5,Sunday,1,5.5,1,20.3,1,0.9,3,3.2,0,3.1,8.09,3.04,0.09,0.58,0.0,12.07
36.6,Friday,1,3.99,1,20.9,1,3.0,6,9.3,2,6.4,9.28,3.14,0.3,3.35,0.64,16.92
31.6,Monday,1,3.47,1,22.7,1,3.8,3,3.3,0,4.6,5.64,3.4,0.38,0.59,0.0,10.13
27.0,Tuesday,1,2.17,1,16.6,1,1.4,4,10.0,2,7.1,3.04,2.49,0.14,2.4,0.71,8.68
32.3,Tuesday,1,4.64,1,21.8,1,3.4,5,5.7,3,4.7,7.99,3.27,0.34,1.71,0.7,14.05
27.7,Monday,1,5.78,1,20.3,1,1.6,5,4.1,1,4.8,8.09,3.04,0.16,1.23,0.24,12.84
26.5,Thursday,1,4.24,1,18.5,0,3.8,2,2.7,3,4.7,5.94,2.78,0.0,0.32,0.7,9.94
24.2,Friday,1,3.02,1,20.2,1,3.0,3,1.9,2,4.5,4.23,3.03,0.3,0.34,0.45,8.2
21.2,Wednesday,0,0.0,1,22.2,1,2.1,4,3.0,3,6.0,0.0,3.33,0.21,0.72,0.9,5.29
28.1,Monday,1,4.81,1,22.6,1,1.4,3,5.9,2,6.5,6.73,3.39,0.14,1.06,0.65,12.06
30.8,Friday,1,5.45,1,18.5,2,5.2,6,12.0,1,4.5,8.24,2.78,1.04,4.32,0.22,16.52
29.5,Sunday,1,2.85,1,18.7,2,5.3,5,7.2,1,3.7,3.99,2.8,1.06,2.16,0.19,10.4
27.9,Friday,1,5.54,1,18.1,1,1.9,4,7.0,1,7.0,7.76,2.72,0.19,1.68,0.35,12.42
25.3,Saturday,1,3.99,1,20.3,1,1.9,6,16.0,1,6.8,5.59,3.04,0.19,5.76,0.34,15.25
33.0,Tuesday,1,6.33,1,20.4,1,3.1,3,3.9,2,7.4,11.52,3.06,0.31,0.7,0.74,16.53
23.4,Wednesday,1,3.77,1,21.5,1,2.6,5,3.8,2,3.9,5.28,3.22,0.26,1.14,0.39,10.26
33.9,Monday,1,5.12,1,20.7,1,2.7,3,5.1,3,4.3,9.97,3.1,0.27,0.92,0.64,14.84
25.0,Tuesday,1,2.87,1,21.3,1,3.3,5,9.5,2,7.6,4.02,3.2,0.33,2.85,0.76,11.15
26.2,Saturday,1,4.81,1,17.9,0,4.9,4,7.8,2,7.8,6.73,2.68,0.0,1.87,0.78,11.95
22.7,Saturday,1,2.61,1,22.6,1,4.4,2,4.2,3,5.2,3.65,3.39,0.44,0.5,0.78,8.73
27.5,Tuesday,2,4.23,1,21.9,1,2.7,3,6.0,3,4.1,5.92,3.28,0.27,1.08,0.62,11.29
34.9,Thursday,1,4.06,1,19.2,2,3.7,4,6.7,1,4.6,8.46,2.88,0.74,1.61,0.23,13.81
32.6,Friday,1,4.27,1,18.8,1,1.2,5,8.8,2,4.1,7.53,2.82,0.12,2.64,0.41,13.66
34.9,Monday,1,5.79,1,21.1,2,3.1,2,3.2,1,7.6,12.08,3.16,0.62,0.38,0.38,16.58
32.6,Monday,1,3.98,1,17.7,1,2.8,5,1.4,1,7.4,7.02,2.66,0.28,0.42,0.37,10.91
24.5,Monday,0,0.0,1,18.9,1,4.0,5,0.9,1,6.2,0.0,2.83,0.4,0.27,0.31,4.01
28.3,Tuesday,2,3.61,1,18.5,1,3.6,5,3.2,2,4.6,5.05,2.78,0.36,0.96,0.46,9.46
26.1,Sunday,0,0.0,1,19.9,1,3.3,5,9.4,2,4.2,0.0,2.98,0.33,2.82,0.42,6.23
36.7,Thursday,1,7.22,1,19.3,0,3.5,2,2.1,2,4.8,16.88,2.9,0.0,0.25,0.48,20.53
24.0,Wednesday,1,3.79,1,18.8,1,2.6,4,5.7,3,4.2,5.31,2.82,0.26,1.37,0.63,10.43
34.5,Saturday,2,4.43,1,18.7,1,4.0,6,14.3,1,6.5,8.99,2.8,0.4,5.15,0.32,17.48
34.5,Tuesday,0,0.0,1,19.0,1,3.5,4,8.2,2,7.5,0.0,2.85,0.35,1.97,0.75,6.17
39.1,Sunday,1,4.48,1,18.2,1,2.8,4,0.0,2,7.6,11.98,2.73,0.28,0.0,0.76,15.7
28.0,Wednesday,1,3.0,1,20.8,1,3.1,5,9.1,1,4.2,4.2,3.12,0.31,2.73,0.21,10.67
33.6,Saturday,1,6.74,1,21.7,1,3.8,3,4.1,2,4.8,12.84,3.26,0.38,0.74,0.48,17.59
41.4,Saturday,0,0.0,1,20.6,1,3.9,5,4.5,1,4.9,0.0,3.09,0.39,1.35,0.25,4.86
26.9,Thursday,1,2.42,1,22.1,1,2.7,6,6.7,3,8.0,3.39,3.32,0.27,2.41,1.2,10.77
22.3,Friday,1,3.41,1,18.7,1,2.1,1,1.1,1,3.3,4.77,2.8,0.21,0.07,0.16,7.87
20.6,Monday,0,0.0,1,18.9,1,2.5,6,2.8,1,6.0,0.0,2.83,0.25,1.01,0.3,4.51
33.6,Wednesday,1,4.22,1,20.7,2,2.6,3,4.5,2,4.3,8.04,3.1,0.52,0.81,0.43,12.78
20.6,Tuesday,1,3.37,1,20.9,1,3.1,4,11.1,1,5.6,4.72,3.14,0.31,2.66,0.28,11.08
28.1,Wednesday,1,3.84,1,20.0,1,4.2,6,12.1,1,7.4,5.38,3.0,0.42,4.36,0.37,13.51
32.2,Friday,2,4.8,1,20.0,1,2.5,5,0.0,2,5.4,8.2,3.0,0.25,0.0,0.54,11.99
30.9,Monday,1,5.1,1,18.4,1,3.4,6,9.2,1,4.5,7.78,2.76,0.34,3.31,0.22,14.31
32.1,Wednesday,2,4.12,1,16.0,1,2.8,6,9.2,2,7.5,6.98,2.4,0.28,3.31,0.75,13.83
31.1,Friday,2,7.0,1,20.8,1,3.0,4,2.7,2,6.3,10.88,3.12,0.3,0.65,0.63,15.72
36.4,Tuesday,1,5.89,1,21.5,1,3.3,5,2.6,2,7.0,13.53,3.22,0.33,0.78,0.7,18.74
25.2,Thursday,0,0.0,1,19.3,0,4.2,3,5.8,2,6.5,0.0,2.9,0.0,1.04,0.65,4.52
26.6,Sunday,1,2.61,1,19.2,1,3.2,3,4.2,1,3.6,3.65,2.88,0.32,0.76,0.18,7.62
26.1,Saturday,1,3.96,1,19.0,1,0.4,4,4.1,1,8.6,5.54,2.85,0.04,0.98,0.43,9.87
34.2,Tuesday,1,5.41,1,19.4,1,2.8,5,8.7,2,5.6,10.75,2.91,0.28,2.61,0.56,17.17
34.5,Monday,1,5.45,1,21.5,1,4.6,4,11.0,3,7.7,11.06,3.22,0.46,2.64,1.16,18.6
32.3,Saturday,1,2.33,1,18.6,1,4.1,5,7.5,1,5.3,4.01,2.79,0.41,2.25,0.26,9.95
35.9,Sunday,1,4.77,1,21.0,2,3.8,5,7.6,2,7.1,10.62,3.15,0.76,2.28,0.71,17.54
24.1,Tuesday,0,0.0,1,19.3,1,4.2,1,1.3,2,8.0,0.0,2.9,0.42,0.08,0.8,4.51
38.3,Tuesday,2,6.63,1,17.0,1,3.8,4,4.3,2,7.8,16.98,2.55,0.38,1.03,0.78,21.85
37.6,Tuesday,1,4.92,1,19.5,1,4.2,4,7.5,2,6.2,12.13,2.92,0.42,1.8,0.62,18.03
33.7,Tuesday,2,1.91,1,22.5,2,1.9,4,4.8,0,5.3,3.66,3.38,0.38,1.15,0.0,8.58
38.9,Saturday,0,0.0,1,19.0,1,2.9,5,8.3,2,3.2,0.0,2.85,0.29,2.49,0.32,5.9
21.7,Monday,2,1.79,1,19.6,1,3.1,4,9.3,1,3.5,2.51,2.94,0.31,2.23,0.18,8.08
27.4,Sunday,0,0.0,1,20.0,1,3.1,6,11.0,2,8.2,0.0,3.0,0.31,3.96,0.82,8.12
26.3,Friday,1,6.36,1,20.3,1,2.4,5,2.4,2,4.4,8.9,3.04,0.24,0.72,0.44,13.47
33.6,Wednesday,0,0.0,1,22.3,1,3.1,4,1.8,2,7.6,0.0,3.34,0.31,0.43,0.76,4.81
24.7,Thursday,1,3.98,1,18.8,1,1.3,5,10.8,1,7.8,5.57,2.82,0.13,3.24,0.39,12.09
33.8,Sunday,2,3.73,1,20.0,1,3.5,1,1.3,3,6.9,7.2,3.0,0.35,0.08,1.04,11.52
36.9,Wednesday,1,6.21,1,21.1,1,2.3,1,1.5,3,6.8,14.69,3.16,0.23,0.09,1.02,19.27
33.5,Wednesday,2,5.15,1,18.9,1,0.8,2,1.6,2,3.7,9.73,2.83,0.08,0.19,0.37,13.04
31.4,Thursday,1,3.99,1,20.1,1,3.0,4,7.0,2,3.3,6.37,3.02,0.3,1.68,0.33,11.76
25.1,Sunday,1,3.26,1,21.5,1,4.5,3,7.8,1,4.7,4.56,3.22,0.45,1.4,0.24,9.91
25.8,Saturday,2,2.96,1,19.2,1,1.1,6,8.6,3,9.3,4.14,2.88,0.11,3.1,1.4,11.61
36.2,Monday,1,5.09,1,19.7,1,2.8,4,7.1,2,8.7,11.55,2.95,0.28,1.7,0.87,17.53
33.9,Thursday,1,4.01,1,18.3,1,1.4,5,10.8,3,6.1,7.8,2.74,0.14,3.24,0.92,15.08
29.8,Monday,2,4.32,1,21.4,1,3.3,3,7.4,1,8.6,6.05,3.21,0.33,1.33,0.43,11.03
27.9,Saturday,2,4.92,1,20.2,1,3.9,3,2.6,1,4.1,6.89,3.03,0.39,0.47,0.2,10.76
19.9,Wednesday,2,2.98,1,19.4,1,2.2,3,4.8,3,5.3,4.17,2.91,0.22,0.86,0.8,9.05
24.6,Monday,2,4.33,1,19.5,1,2.6,5,10.9,2,9.2,6.06,2.92,0.26,3.27,0.92,13.68
39.6,Saturday,0,0.0,1,20.0,1,2.9,4,9.5,1,10.2,0.0,3.0,0.29,2.28,0.51,5.88
23.6,Saturday,2,4.01,1,20.5,1,4.2,4,4.2,1,7.5,5.61,3.08,0.42,1.01,0.38,10.56
30.9,Friday,1,4.97,1,19.0,1,1.6,4,3.5,2,2.8,7.59,2.85,0.16,0.84,0.28,11.46
35.0,Thursday,2,5.02,1,19.1,1,2.5,5,6.2,0,8.7,10.54,2.86,0.25,1.86,0.0,15.23
23.7,Friday,1,3.67,1,19.6,1,4.6,2,2.2,2,5.5,5.14,2.94,0.46,0.26,0.55,9.66
30.9,Wednesday,1,5.12,1,20.2,1,2.3,5,5.7,2,7.4,7.82,3.03,0.23,1.71,0.74,13.59
34.7,Thursday,1,6.36,1,22.4,1,2.6,4,6.4,2,6.2,13.08,3.36,0.26,1.54,0.62,18.63
30.1,Wednesday,1,5.06,1,18.8,1,3.2,5,4.9,1,8.0,7.15,2.82,0.32,1.47,0.4,12.13
44.3,Friday,0,0.0,1,17.5,1,5.3,3,7.1,3,6.1,0.0,2.62,0.53,1.28,0.92,5.23
21.7,Sunday,2,3.35,1,22.1,1,1.9,4,4.3,1,11.5,4.69,3.32,0.19,1.03,0.58,9.75
35.3,Saturday,2,4.43,1,18.7,1,3.8,3,2.8,2,7.9,9.49,2.8,0.38,0.5,0.79,13.91
29.1,Wednesday,0,0.0,1,22.2,1,1.8,6,3.3,1,3.5,0.0,3.33,0.18,1.19,0.18,4.91
33.9,Thursday,1,3.88,1,21.9,1,2.0,4,8.7,2,2.6,7.55,3.28,0.2,2.09,0.26,13.45
32.2,Thursday,1,3.23,1,20.8,1,2.5,6,2.8,3,2.7,5.51,3.12,0.25,1.01,0.4,10.19
26.3,Wednesday,1,4.32,1,21.8,1,3.5,4,6.6,2,7.2,6.05,3.27,0.35,1.58,0.72,11.86
31.1,Thursday,1,4.27,1,17.3,1,2.5,3,5.4,2,7.9,6.64,2.6,0.25,0.97,0.79,11.31
20.7,Saturday,2,4.68,1,18.0,1,3.1,4,0.0,2,0.8,6.55,2.7,0.31,0.0,0.08,9.54
33.0,Sunday,1,1.92,1,20.4,2,2.3,1,0.5,2,8.4,3.5,3.06,0.46,0.03,0.84,7.79
31.5,Saturday,1,4.5,1,19.4,0,3.1,6,6.5,3,6.7,7.24,2.91,0.0,2.34,1.01,13.52
33.2,Thursday,1,3.97,1,18.8,0,1.7,5,13.0,3,9.2,7.34,2.82,0.0,3.9,1.38,15.44
35.3,Wednesday,0,0.0,1,21.2,1,1.7,5,5.4,1,4.1,0.0,3.18,0.17,1.62,0.2,5.1
31.8,Friday,1,4.0,1,20.4,1,2.5,4,4.0,3,6.6,6.61,3.06,0.25,0.96,0.99,12.03
30.7,Thursday,0,0.0,1,21.6,1,3.6,4,3.3,1,6.6,0.0,3.24,0.36,0.79,0.33,4.79
25.6,Thursday,1,4.7,1,19.4,1,3.2,6,4.9,1,4.5,6.58,2.91,0.32,1.76,0.22,12.09
26.4,Thursday,1,5.11,1,20.0,1,2.2,3,2.7,1,3.5,7.15,3.0,0.22,0.49,0.18,11.0
35.9,Thursday,2,4.52,1,22.3,1,1.9,5,4.4,1,7.9,10.06,3.34,0.19,1.32,0.4,15.42
37.2,Wednesday,1,4.64,1,18.1,1,4.0,4,3.4,2,6.5,11.18,2.72,0.4,0.82,0.65,15.99
28.8,Friday,1,5.35,1,19.9,1,4.4,6,5.1,3,6.8,7.49,2.98,0.44,1.84,1.02,13.64
30.2,Friday,1,5.39,1,18.7,1,3.5,5,5.4,2,8.7,7.7,2.8,0.35,1.62,0.87,13.29
25.5,Monday,2,4.78,1,22.5,1,3.4,6,11.8,2,5.9,6.69,3.38,0.34,4.25,0.59,15.43
35.9,Thursday,1,4.17,1,23.6,2,0.9,4,2.3,2,6.6,9.29,3.54,0.18,0.55,0.66,14.32
33.3,Thursday,2,3.7,1,20.3,1,3.6,3,2.7,2,6.7,6.89,3.04,0.36,0.49,0.67,11.45
39.7,Monday,1,6.96,1,20.7,2,4.6,4,3.9,1,6.8,19.19,3.1,0.92,0.94,0.34,24.28
25.6,Friday,1,4.39,1,19.8,1,4.1,5,6.7,2,3.2,6.15,2.97,0.41,2.01,0.32,11.67
28.1,Tuesday,0,0.0,1,19.8,1,4.0,5,4.1,2,6.0,0.0,2.97,0.4,1.23,0.6,5.13
31.2,Saturday,1,4.14,1,20.1,1,1.3,1,2.7,2,8.3,6.5,3.02,0.13,0.16,0.83,10.52
33.2,Tuesday,1,4.51,1,18.0,1,2.3,4,6.9,2,5.7,8.33,2.7,0.23,1.66,0.57,13.37
28.9,Friday,1,3.96,1,21.0,1,2.9,3,5.9,3,5.1,5.54,3.15,0.29,1.06,0.76,10.53
25.6,Sunday,2,3.53,1,18.5,1,2.3,6,9.0,1,7.9,4.94,2.78,0.23,3.24,0.4,11.39
34.4,Thursday,2,5.9,1,19.5,2,1.8,2,4.5,1,6.0,11.89,2.92,0.36,0.54,0.3,15.88
33.6,Tuesday,0,0.0,1,20.0,1,3.4,5,2.9,2,4.7,0.0,3.0,0.34,0.87,0.47,4.7
25.4,Wednesday,0,0.0,1,18.9,1,4.0,3,2.9,2,4.3,0.0,2.83,0.4,0.52,0.43,4.13
36.8,Wednesday,1,6.22,1,20.9,1,1.6,3,2.4,3,5.9,14.63,3.14,0.16,0.43,0.89,19.26
35.9,Monday,1,4.79,1,19.3,1,4.0,6,7.3,1,4.7,10.67,2.9,0.4,2.63,0.24,16.84
30.7,Friday,1,5.71,1,21.6,1,3.2,3,7.2,1,7.8,8.55,3.24,0.32,1.3,0.39,13.54
30.4,Friday,2,4.56,1,18.7,1,4.6,2,5.6,3,4.5,6.64,2.8,0.46,0.67,0.68,11.41
32.8,Tuesday,2,7.03,1,19.7,2,3.8,2,3.9,2,6.6,12.6,2.95,0.76,0.47,0.66,17.55
25.7,Thursday,1,3.52,1,18.4,1,3.1,4,5.1,2,6.8,4.93,2.76,0.31,1.22,0.68,9.91
30.2,Friday,2,4.65,1,21.5,1,3.1,4,8.3,1,7.3,6.64,3.22,0.31,1.99,0.36,12.44
19.2,Tuesday,1,2.8,1,19.5,1,3.0,3,7.0,1,9.1,3.92,2.92,0.3,1.26,0.46,9.06
34.4,Tuesday,1,4.08,1,19.2,2,4.8,5,10.6,2,3.3,8.22,2.88,0.96,3.18,0.33,15.42
22.2,Saturday,1,3.23,1,19.7,1,3.6,2,2.5,1,7.2,4.52,2.95,0.36,0.3,0.36,8.64
37.5,Saturday,1,6.23,1,19.8,2,2.6,6,7.6,3,7.2,15.26,2.97,0.52,2.74,1.08,22.44
28.3,Friday,1,4.23,1,20.6,1,3.6,5,4.5,2,3.8,5.92,3.09,0.36,1.35,0.38,11.3
28.9,Tuesday,1,1.57,1,20.8,1,3.5,6,7.0,1,6.5,2.2,3.12,0.35,2.52,0.32,8.58
26.9,Monday,1,4.0,1,19.8,1,2.6,6,4.8,2,5.2,5.6,2.97,0.26,1.73,0.52,11.21
28.6,Monday,1,3.06,1,19.9,1,2.2,3,3.9,2,8.8,4.28,2.98,0.22,0.7,0.88,9.09
37.1,Saturday,2,4.21,1,15.3,1,4.2,3,4.0,1,4.9,10.07,2.3,0.42,0.72,0.25,13.83
17.6,Friday,1,4.08,1,19.3,1,2.7,5,3.8,1,5.6,5.71,2.9,0.27,1.14,0.28,10.3
36.4,Thursday,1,3.1,1,22.1,1,2.7,2,6.2,2,5.2,7.12,3.32,0.27,0.74,0.52,11.82
31.7,Sunday,1,2.98,1,20.7,1,3.6,3,4.6,2,4.3,4.88,3.1,0.36,0.83,0.43,9.76
24.0,Monday,1,2.15,1,18.4,1,2.5,2,4.4,2,2.9,3.01,2.76,0.25,0.53,0.29,6.8
24.6,Monday,1,3.37,1,19.4,1,3.2,4,8.5,2,4.3,4.72,2.91,0.32,2.04,0.43,10.43
38.4,Saturday,2,2.79,1,19.1,1,2.6,4,10.5,2,6.3,7.19,2.86,0.26,2.52,0.63,13.22
25.3,Saturday,1,2.26,1,21.6,1,0.4,3,2.2,2,6.6,3.16,3.24,0.04,0.4,0.66,7.47
24.2,Friday,2,3.48,1,21.5,1,3.4,1,1.0,2,7.6,4.87,3.22,0.34,0.06,0.76,9.31
35.7,Saturday,1,4.98,1,18.8,1,3.3,5,0.6,2,8.1,10.94,2.82,0.33,0.18,0.81,15.34
31.7,Wednesday,0,0.0,1,20.0,1,3.4,1,0.3,1,6.8,0.0,3.0,0.34,0.02,0.34,3.69
25.3,Sunday,2,4.13,1,18.3,1,0.9,6,4.0,3,7.6,5.78,2.74,0.09,1.44,1.14,11.14
31.1,Tuesday,2,4.37,1,19.1,1,1.6,3,3.7,2,7.0,6.79,2.86,0.16,0.67,0.7,11.08
24.9,Monday,2,4.26,1,19.1,1,4.2,5,6.4,2,3.8,5.96,2.86,0.42,1.92,0.38,11.44
35.5,Wednesday,1,3.4,1,18.9,1,3.1,4,13.8,2,6.8,7.38,2.83,0.31,3.31,0.68,14.78
35.3,Thursday,2,6.86,1,20.5,1,1.1,2,3.3,1,6.0,14.69,3.08,0.11,0.4,0.3,18.42
32.7,Wednesday,2,3.13,1,22.0,1,3.1,4,7.9,2,4.9,5.56,3.3,0.31,1.9,0.49,11.5
31.8,Friday,2,3.63,1,19.9,2,1.4,4,5.7,1,6.0,5.99,2.98,0.28,1.37,0.3,11.13
38.8,Thursday,1,5.49,1,18.4,1,2.4,6,2.7,2,6.7,14.46,2.76,0.24,0.97,0.67,19.27
30.0,Thursday,1,4.28,1,20.3,1,3.3,5,7.7,2,5.6,5.99,3.04,0.33,2.31,0.56,12.58
24.1,Saturday,2,4.47,1,20.3,1,3.3,2,0.5,2,8.0,6.26,3.04,0.33,0.06,0.8,10.65
32.2,Wednesday,1,4.0,1,19.7,1,4.0,3,3.6,2,6.7,6.83,2.95,0.4,0.65,0.67,11.54
40.4,Friday,1,3.46,1,22.8,1,3.5,3,5.3,2,7.7,9.87,3.42,0.35,0.95,0.77,15.45
24.9,Monday,1,2.32,1,20.4,1,3.5,2,1.9,1,8.5,3.25,3.06,0.35,0.23,0.43,7.17
28.2,Sunday,1,5.8,1,20.9,2,2.6,4,5.8,3,5.2,8.12,3.14,0.52,1.39,0.78,13.93
32.1,Saturday,1,4.0,1,16.6,1,2.1,6,5.6,2,5.1,6.78,2.49,0.21,2.02,0.51,11.87
29.7,Wednesday,0,0.0,1,18.6,2,3.0,4,2.4,2,8.3,0.0,2.79,0.6,0.58,0.83,5.01
25.1,Monday,2,5.46,1,20.8,1,4.0,5,8.3,1,4.5,7.64,3.12,0.4,2.49,0.22,13.65
35.6,Wednesday,1,4.04,1,20.4,1,3.8,5,10.1,2,5.8,8.83,3.06,0.38,3.03,0.58,15.84
41.6,Saturday,1,5.12,1,19.4,1,2.8,5,10.1,1,5.0,15.49,2.91,0.28,3.03,0.25,21.8
31.0,Monday,0,0.0,1,20.7,1,2.9,3,3.5,2,4.0,0.0,3.1,0.29,0.63,0.4,4.57
25.5,Saturday,0,0.0,1,21.4,1,2.1,5,0.0,1,7.0,0.0,3.21,0.21,0.0,0.35,3.8
22.3,Wednesday,1,5.22,1,19.3,2,4.2,6,8.4,2,5.5,7.31,2.9,0.84,3.02,0.55,14.62
31.3,Thursday,1,6.29,1,19.1,2,4.6,2,4.4,2,4.1,9.96,2.86,0.92,0.53,0.41,14.5
35.5,Sunday,0,0.0,1,19.6,2,3.4,3,1.4,1,7.9,0.0,2.94,0.68,0.25,0.4,4.48
32.4,Tuesday,2,5.43,1,20.7,1,1.4,6,15.1,2,3.4,9.42,3.1,0.14,5.44,0.34,18.3
30.0,Sunday,1,4.94,1,19.1,2,3.7,5,0.0,3,5.7,6.92,2.86,0.74,0.0,0.86,11.32
27.1,Thursday,1,3.2,1,21.3,1,4.7,3,4.8,1,7.8,4.48,3.2,0.47,0.86,0.39,9.4
24.5,Saturday,0,0.0,1,19.3,1,1.9,4,7.5,2,7.8,0.0,2.9,0.19,1.8,0.78,5.75
34.2,Sunday,0,0.0,1,19.2,1,3.8,4,9.2,1,6.9,0.0,2.88,0.38,2.21,0.34,5.77
34.6,Saturday,1,1.6,1,23.5,1,2.8,4,6.6,0,4.2,3.27,3.52,0.28,1.58,0.0,8.87
22.3,Saturday,2,4.54,1,18.1,2,4.2,3,3.3,1,6.3,6.36,2.72,0.84,0.59,0.32,10.84
37.9,Monday,1,5.46,1,21.2,2,1.8,3,4.3,2,6.7,13.68,3.18,0.36,0.77,0.67,18.91
32.9,Friday,0,0.0,1,17.3,1,2.6,5,4.4,2,5.1,0.0,2.6,0.26,1.32,0.51,4.55
37.0,Saturday,1,4.29,1,21.0,1,1.4,5,0.0,3,6.8,10.22,3.15,0.14,0.0,1.02,14.61
23.3,Sunday,1,4.58,1,24.0,1,3.3,6,7.0,2,3.0,6.41,3.6,0.33,2.52,0.3,13.05
23.2,Sunday,2,3.74,1,21.6,1,3.6,2,3.3,0,2.5,5.24,3.24,0.36,0.4,0.0,9.22
29.3,Sunday,1,2.36,1,22.0,1,3.3,5,10.1,2,4.7,3.3,3.3,0.33,3.03,0.47,10.23
32.5,Thursday,1,3.04,1,19.9,0,2.5,3,3.0,1,7.4,5.32,2.98,0.0,0.54,0.37,9.42
39.0,Tuesday,1,7.15,1,21.4,1,2.6,4,9.3,2,7.7,19.02,3.21,0.26,2.23,0.77,25.7
33.5,Saturday,1,4.51,1,20.4,1,2.7,6,7.3,1,3.4,8.52,3.06,0.27,2.63,0.17,14.83
28.8,Saturday,1,5.14,1,23.0,1,3.9,4,6.6,1,8.9,7.2,3.45,0.39,1.58,0.45,13.21
24.9,Saturday,0,0.0,1,18.3,1,1.5,2,3.7,2,6.2,0.0,2.74,0.15,0.44,0.62,4.36
36.2,Monday,1,4.12,1,21.8,1,2.7,2,2.7,3,2.9,9.35,3.27,0.27,0.32,0.43,13.67
25.2,Saturday,1,4.11,1,20.6,1,1.5,4,5.1,1,6.6,5.75,3.09,0.15,1.22,0.33,10.79
38.1,Thursday,1,2.44,1,18.6,1,2.6,5,11.9,2,8.5,6.19,2.79,0.26,3.57,0.85,13.66
28.6,Wednesday,0,0.0,1,19.6,1,3.0,6,1.2,1,5.0,0.0,2.94,0.3,0.43,0.25,4.01
38.0,Friday,2,5.49,1,17.6,1,5.1,5,6.8,2,8.0,13.84,2.64,0.51,2.04,0.8,19.95
33.4,Sunday,0,0.0,1,15.1,1,2.3,6,0.7,2,8.9,0.0,2.26,0.23,0.25,0.89,3.36
29.3,Saturday,2,4.57,1,18.2,1,4.0,5,0.7,1,6.1,6.4,2.73,0.4,0.21,0.3,10.02
27.4,Monday,2,4.87,1,19.4,1,1.3,6,7.8,1,4.5,6.82,2.91,0.13,2.81,0.22,12.86
28.3,Thursday,2,4.59,1,20.1,1,3.0,2,2.0,1,8.3,6.43,3.02,0.3,0.24,0.42,10.41
32.1,Saturday,1,4.69,1,18.0,1,3.0,6,16.0,1,8.3,7.95,2.7,0.3,5.76,0.42,17.02
30.4,Monday,1,4.39,1,19.5,1,3.7,3,3.5,1,3.5,6.4,2.92,0.37,0.63,0.18,10.52
27.0,Wednesday,1,3.36,1,20.4,1,2.5,6,12.5,2,5.8,4.7,3.06,0.25,4.5,0.58,13.14
29.2,Tuesday,0,0.0,1,19.1,1,2.2,2,2.7,3,7.4,0.0,2.86,0.22,0.32,1.11,4.36
30.4,Saturday,1,5.61,1,18.4,1,0.9,5,2.7,0,7.6,8.16,2.76,0.09,0.81,0.0,11.83
19.4,Thursday,0,0.0,1,18.9,1,3.3,5,0.8,2,5.4,0.0,2.83,0.33,0.24,0.54,3.9
32.3,Monday,2,3.49,1,22.0,1,2.4,6,2.5,2,4.1,6.01,3.3,0.24,0.9,0.41,11.04
25.1,Monday,0,0.0,1,17.4,0,4.0,5,7.8,3,9.1,0.0,2.61,0.0,2.34,1.36,6.4
24.2,Saturday,1,2.41,1,21.7,1,3.5,3,7.2,2,6.2,3.37,3.26,0.35,1.3,0.62,8.78
21.6,Monday,1,3.07,1,22.0,1,4.2,4,2.9,2,5.6,4.3,3.3,0.42,0.7,0.56,9.43
21.0,Tuesday,1,3.9,1,19.5,1,2.1,3,5.7,2,4.8,5.46,2.92,0.21,1.03,0.48,10.09
23.2,Monday,1,3.85,1,20.7,2,3.2,2,2.4,1,5.6,5.39,3.1,0.64,0.29,0.28,9.71
26.5,Sunday,0,0.0,1,18.8,1,3.2,3,1.9,1,2.9,0.0,2.82,0.32,0.34,0.14,3.48
39.8,Friday,1,3.85,1,20.4,1,2.5,3,4.7,2,8.0,10.67,3.06,0.25,0.85,0.8,15.66
27.4,Sunday,1,2.88,1,23.3,1,4.2,4,9.6,1,5.5,4.03,3.5,0.42,2.3,0.28,10.67
30.9,Friday,2,5.24,1,21.9,2,3.8,6,7.7,2,1.8,8.0,3.28,0.76,2.77,0.18,14.95
32.0,Monday,1,6.15,1,19.2,1,5.0,6,11.3,1,4.0,10.33,2.88,0.5,4.07,0.2,18.22
30.7,Saturday,2,4.8,1,18.0,0,3.7,2,3.1,2,7.9,7.19,2.7,0.0,0.37,0.79,11.19
29.6,Friday,0,0.0,1,19.6,1,4.9,2,3.1,1,5.7,0.0,2.94,0.49,0.37,0.29,3.96
24.0,Thursday,1,4.81,1,20.4,1,4.8,3,2.4,3,4.4,6.73,3.06,0.48,0.43,0.66,11.4
37.3,Friday,0,0.0,1,21.1,0,2.5,3,5.0,3,6.3,0.0,3.16,0.0,0.9,0.94,4.79
39.0,Sunday,0,0.0,1,19.8,1,1.5,2,0.7,1,5.4,0.0,2.97,0.15,0.08,0.27,3.33
21.6,Monday,1,2.97,1,22.7,2,4.7,3,4.7,1,6.2,4.16,3.4,0.94,0.85,0.31,9.4
24.9,Saturday,1,3.24,1,20.0,2,3.7,4,9.0,2,6.6,4.54,3.0,0.74,2.16,0.66,10.86
28.6,Wednesday,1,3.71,1,19.3,1,3.5,4,10.1,1,4.4,5.19,2.9,0.35,2.42,0.22,11.04
25.2,Saturday,1,3.68,1,20.8,2,2.6,4,2.6,1,4.8,5.15,3.12,0.52,0.62,0.24,9.62
32.5,Saturday,2,5.36,1,21.1,1,3.4,3,4.9,1,4.5,9.38,3.16,0.34,0.88,0.22,14.01
26.4,Saturday,1,2.61,1,18.9,0,4.0,5,4.3,3,4.6,3.65,2.83,0.0,1.29,0.69,8.33
40.8,Thursday,1,4.26,1,18.6,1,3.7,5,7.1,3,4.7,12.4,2.79,0.37,2.13,0.7,18.52
36.0,Tuesday,1,4.88,1,17.5,0,2.4,3,7.8,2,5.4,10.93,2.62,0.0,1.4,0.54,15.46
31.1,Sunday,1,4.84,1,19.6,0,4.5,2,3.8,2,4.8,7.53,2.94,0.0,0.46,0.48,11.46
35.1,Monday,0,0.0,1,21.8,1,3.1,3,2.7,3,6.3,0.0,3.27,0.31,0.49,0.94,4.53
35.5,Tuesday,1,3.69,1,21.0,1,3.7,2,1.7,3,5.4,8.01,3.15,0.37,0.2,0.81,12.54
27.2,Wednesday,1,2.22,1,21.7,1,3.8,4,5.4,3,4.6,3.11,3.26,0.38,1.3,0.69,8.86
25.9,Tuesday,2,3.16,1,19.0,1,5.1,2,2.8,1,2.1,4.42,2.85,0.51,0.34,0.11,7.89
30.4,Monday,1,3.73,1,19.8,1,3.4,4,5.7,1,4.2,5.43,2.97,0.34,1.37,0.21,10.32
34.3,Sunday,1,5.07,1,17.1,2,2.9,3,1.0,2,5.3,10.15,2.56,0.58,0.18,0.53,13.88
30.7,Sunday,1,1.8,1,21.5,1,4.9,5,13.3,2,7.9,2.7,3.22,0.49,3.99,0.79,11.42
22.1,Monday,1,4.1,1,22.0,1,4.1,1,2.7,0,5.9,5.74,3.3,0.41,0.16,0.0,9.42
26.0,Wednesday,1,3.35,1,18.4,1,3.3,4,6.6,1,3.0,4.69,2.76,0.33,1.58,0.15,9.83
29.6,Monday,1,3.78,1,22.4,1,3.2,2,1.5,3,6.2,5.29,3.36,0.32,0.18,0.93,10.27
29.6,Wednesday,1,5.13,1,19.6,2,1.0,1,0.9,3,5.1,7.18,2.94,0.2,0.05,0.76,11.15
39.9,Wednesday,0,0.0,1,18.4,1,2.9,6,4.2,1,7.1,0.0,2.76,0.29,1.51,0.36,4.7
23.1,Monday,0,0.0,1,19.5,1,1.6,5,3.2,3,3.1,0.0,2.92,0.16,0.96,0.47,4.44
32.5,Friday,1,3.64,1,20.9,1,0.3,2,1.8,2,8.4,6.38,3.14,0.03,0.22,0.84,10.71
37.4,Sunday,1,4.33,1,19.9,1,2.4,5,8.1,2,6.9,10.54,2.98,0.24,2.43,0.69,16.9
41.4,Wednesday,1,4.23,1,19.1,2,1.6,4,5.7,2,5.6,12.67,2.86,0.32,1.37,0.56,17.62
28.0,Monday,1,2.56,1,20.9,0,2.6,4,9.4,1,2.9,3.58,3.14,0.0,2.26,0.14,9.29
32.5,Friday,1,4.33,1,21.0,1,3.3,4,1.3,2,3.1,7.57,3.15,0.33,0.31,0.31,11.66
32.8,Sunday,2,3.66,1,19.7,0,3.5,6,4.5,2,7.4,6.55,2.95,0.0,1.62,0.74,11.9
31.0,Wednesday,2,4.34,1,19.5,1,2.9,3,0.0,2,7.6,6.69,2.92,0.29,0.0,0.76,10.81
29.5,Sunday,1,5.88,1,19.2,1,1.7,3,4.3,1,8.1,8.23,2.88,0.17,0.77,0.4,12.58
32.2,Friday,0,0.0,1,20.7,1,2.9,3,7.2,3,9.3,0.0,3.1,0.29,1.3,1.4,6.25
17.3,Sunday,1,2.55,1,17.6,0,1.9,5,5.1,1,7.5,3.57,2.64,0.0,1.53,0.38,8.22
33.4,Thursday,1,4.13,1,18.9,1,4.4,6,13.5,1,6.8,7.75,2.83,0.44,4.86,0.34,16.12
30.6,Saturday,1,4.34,1,19.8,1,2.9,5,9.0,2,10.8,6.44,2.97,0.29,2.7,1.08,13.47
28.9,Thursday,1,3.9,1,18.8,1,1.9,5,9.6,2,4.9,5.46,2.82,0.19,2.88,0.49,12.04
40.2,Friday,0,0.0,1,20.4,1,1.9,6,10.3,2,5.8,0.0,3.06,0.19,3.71,0.58,7.34
26.6,Wednesday,1,2.28,1,20.2,1,3.0,5,12.7,2,2.9,3.19,3.03,0.3,3.81,0.29,10.45
28.0,Monday,0,0.0,1,23.7,1,3.1,5,6.0,2,7.2,0.0,3.56,0.31,1.8,0.72,6.47
40.0,Tuesday,1,3.85,1,18.9,1,2.8,6,10.7,2,5.6,10.78,2.83,0.28,3.85,0.56,18.29
25.8,Monday,1,5.22,1,20.0,1,4.0,1,2.6,2,4.8,7.31,3.0,0.4,0.16,0.48,11.1
27.2,Sunday,1,3.57,1,18.6,1,2.0,4,2.6,0,4.8,5.0,2.79,0.2,0.62,0.0,8.71
29.3,Tuesday,0,0.0,1,22.9,0,4.0,5,5.9,2,4.4,0.0,3.43,0.0,1.77,0.44,5.71
34.2,Tuesday,1,3.97,1,22.6,1,2.9,6,10.3,3,5.7,7.9,3.39,0.29,3.71,0.86,16.55
31.0,Sunday,1,4.4,1,17.6,1,3.9,6,4.6,0,3.1,6.78,2.64,0.39,1.66,0.0,11.5
23.5,Sunday,1,2.85,1,19.8,1,2.4,5,3.7,2,3.3,3.99,2.97,0.24,1.11,0.33,8.96
27.3,Wednesday,1,3.28,1,20.1,1,3.8,6,16.0,3,3.8,4.59,3.02,0.38,5.76,0.57,14.47
27.0,Friday,1,4.53,1,19.5,1,2.2,4,3.2,1,4.8,6.34,2.92,0.22,0.77,0.24,10.21
29.6,Monday,1,3.08,1,19.3,1,4.6,1,1.1,2,5.1,4.31,2.9,0.46,0.07,0.51,8.25
32.1,Friday,1,4.92,1,21.2,1,2.9,1,1.5,3,1.9,8.34,3.18,0.29,0.09,0.29,12.18
32.1,Thursday,1,5.22,1,22.7,1,2.6,4,6.5,1,5.0,8.85,3.4,0.26,1.56,0.25,14.31
21.1,Wednesday,1,4.02,1,21.2,1,1.8,4,3.9,1,4.3,5.63,3.18,0.18,0.94,0.22,10.02
35.3,Wednesday,1,4.85,1,21.3,1,3.2,4,4.8,3,7.6,10.39,3.2,0.32,1.15,1.14,16.32
31.3,Thursday,1,2.34,1,19.5,1,2.9,4,2.7,3,4.2,3.71,2.92,0.29,0.65,0.63,8.15
36.9,Monday,1,3.29,1,21.5,1,1.7,6,5.8,2,8.0,7.79,3.22,0.17,2.09,0.8,14.25
32.2,Saturday,1,2.87,1,21.5,1,2.3,3,5.4,2,9.5,4.9,3.22,0.23,0.97,0.95,10.42
35.5,Thursday,1,4.16,1,19.3,1,1.0,6,11.6,2,8.3,9.02,2.9,0.1,4.18,0.83,16.99
32.3,Monday,0,0.0,1,19.7,1,1.9,6,12.1,2,4.0,0.0,2.95,0.19,4.36,0.4,7.81
36.7,Tuesday,1,3.3,1,17.6,1,2.9,4,5.3,1,7.0,7.72,2.64,0.29,1.27,0.35,12.19
32.6,Sunday,1,4.18,1,18.0,1,3.4,4,4.8,0,4.1,7.37,2.7,0.34,1.15,0.0,11.56
29.5,Wednesday,1,4.82,1,19.3,1,2.7,5,2.3,2,4.3,6.75,2.9,0.27,0.69,0.43,11.09
41.4,Monday,1,3.81,1,18.4,1,3.5,5,5.5,3,4.5,11.41,2.76,0.35,1.65,0.68,16.78
34.4,Friday,2,3.59,1,21.2,1,2.0,3,4.3,3,6.3,7.24,3.18,0.2,0.77,0.94,12.27
32.9,Sunday,1,5.69,1,19.8,1,3.4,2,4.1,3,4.3,10.28,2.97,0.34,0.49,0.64,14.76
23.6,Friday,2,2.8,1,20.8,0,2.9,3,0.1,3,6.1,3.92,3.12,0.0,0.02,0.92,8.13
23.6,Sunday,1,3.96,1,18.2,1,2.8,2,2.2,2,8.5,5.54,2.73,0.28,0.26,0.85,9.7
31.5,Wednesday,1,5.61,1,21.9,1,3.0,3,0.0,2,3.8,9.03,3.28,0.3,0.0,0.38,12.99
30.7,Thursday,0,0.0,1,20.7,1,2.4,3,0.8,2,2.8,0.0,3.1,0.24,0.14,0.28,3.8
26.9,Saturday,1,2.83,1,20.6,1,1.5,4,8.8,2,4.7,3.96,3.09,0.15,2.11,0.47,9.51
30.7,Thursday,0,0.0,1,21.4,2,2.0,6,2.8,2,8.9,0.0,3.21,0.4,1.01,0.89,5.48
37.9,Monday,1,4.87,1,20.5,2,1.6,5,7.0,1,7.4,12.21,3.08,0.32,2.1,0.37,17.89
33.5,Thursday,1,3.73,1,18.5,1,2.8,6,12.1,3,4.3,7.05,2.78,0.28,4.36,0.64,15.03
24.3,Wednesday,1,5.53,1,20.9,1,3.7,5,5.1,2,3.9,7.74,3.14,0.37,1.53,0.39,13.03
29.4,Monday,1,4.67,1,18.8,1,4.5,5,2.6,1,6.6,6.54,2.82,0.45,0.78,0.33,10.78
26.0,Tuesday,2,3.07,1,20.3,1,2.5,4,5.7,2,6.2,4.3,3.04,0.25,1.37,0.62,9.43
28.1,Thursday,0,0.0,1,18.8,2,2.8,3,7.1,2,7.2,0.0,2.82,0.56,1.28,0.72,5.73
27.9,Thursday,0,0.0,1,22.5,1,4.9,5,10.0,1,3.7,0.0,3.38,0.49,3.0,0.19,7.05
27.6,Saturday,1,4.4,1,21.0,1,2.6,6,7.0,2,5.8,6.16,3.15,0.26,2.52,0.58,12.85
23.7,Monday,1,5.34,1,21.5,1,2.4,4,3.8,1,7.8,7.48,3.22,0.24,0.91,0.39,12.35
29.4,Friday,1,4.19,1,18.9,1,2.9,1,2.1,1,8.3,5.87,2.83,0.29,0.13,0.42,9.64
27.2,Thursday,1,3.7,1,20.4,1,2.6,5,1.8,2,3.5,5.18,3.06,0.26,0.54,0.35,9.47
15.4,Wednesday,0,0.0,1,20.3,2,2.3,3,5.9,2,5.8,0.0,3.04,0.46,1.06,0.58,5.45
40.3,Thursday,1,5.45,1,20.2,1,1.6,1,1.0,3,5.4,15.49,3.03,0.16,0.06,0.81,19.61
35.4,Saturday,2,5.76,1,17.1,1,4.6,5,1.7,2,4.3,12.41,2.56,0.46,0.51,0.43,16.1
28.1,Tuesday,0,0.0,1,22.9,1,3.6,4,0.6,3,4.5,0.0,3.43,0.36,0.14,0.68,4.58
30.1,Saturday,2,4.25,1,19.9,1,4.6,5,12.1,1,7.1,6.01,2.98,0.46,3.63,0.36,13.28
24.1,Thursday,2,2.75,1,20.8,1,4.0,6,7.2,1,4.5,3.85,3.12,0.4,2.59,0.22,9.97
38.5,Friday,0,0.0,1,18.0,1,3.0,4,2.9,2,5.8,0.0,2.7,0.3,0.7,0.58,4.34
39.5,Sunday,1,7.0,1,22.2,2,1.3,4,5.2,1,7.0,19.11,3.33,0.26,1.25,0.35,23.99
30.8,Thursday,1,5.16,1,22.1,1,2.1,3,2.9,2,9.5,7.8,3.32,0.21,0.52,0.95,12.82
35.1,Monday,1,3.88,1,21.3,0,2.7,3,2.9,2,6.6,8.2,3.2,0.0,0.52,0.66,12.33
30.9,Thursday,1,4.06,1,20.4,1,2.0,5,5.0,3,7.4,6.19,3.06,0.2,1.5,1.11,12.03
23.3,Friday,1,3.34,1,23.5,1,1.2,4,5.4,1,6.5,4.68,3.52,0.12,1.3,0.32,10.06
27.9,Monday,1,2.87,1,21.5,2,2.1,2,3.7,2,5.6,4.02,3.22,0.42,0.44,0.56,8.56
30.7,Wednesday,0,0.0,1,18.0,1,2.8,2,0.6,2,5.6,0.0,2.7,0.28,0.07,0.56,3.43
27.7,Monday,2,4.76,1,20.3,0,4.6,4,8.9,1,5.8,6.66,3.04,0.0,2.14,0.29,12.08
28.9,Saturday,1,3.5,1,20.9,1,2.3,4,2.8,2,1.7,4.9,3.14,0.23,0.67,0.17,9.2
29.5,Tuesday,1,4.6,1,20.2,0,3.7,5,7.5,2,5.3,6.44,3.03,0.0,2.25,0.53,12.3
29.6,Saturday,2,3.55,1,20.9,1,2.0,4,5.2,2,6.9,4.97,3.14,0.2,1.25,0.69,10.24
30.3,Sunday,1,2.95,1,22.2,1,2.8,2,1.6,1,4.5,4.25,3.33,0.28,0.19,0.22,8.14
24.7,Monday,1,4.85,1,19.7,1,3.0,4,8.4,0,8.9,6.79,2.95,0.3,2.02,0.0,12.0
26.4,Wednesday,1,1.81,1,19.4,1,4.6,6,4.8,2,6.3,2.53,2.91,0.46,1.73,0.63,8.36
23.6,Thursday,1,5.28,1,18.4,2,0.3,2,4.6,1,5.7,7.39,2.76,0.06,0.55,0.29,11.03
34.9,Monday,0,0.0,1,17.2,1,2.2,5,8.9,0,7.7,0.0,2.58,0.22,2.67,0.0,5.51
19.5,Saturday,2,3.47,1,19.5,1,3.2,4,3.3,1,7.1,4.86,2.92,0.32,0.79,0.36,9.2
35.8,Monday,0,0.0,1,19.0,1,3.4,5,2.7,1,8.3,0.0,2.85,0.34,0.81,0.42,4.25
36.9,Monday,1,4.28,1,19.7,1,1.8,2,4.1,1,8.7,10.12,2.95,0.18,0.49,0.44,14.48
28.5,Monday,1,4.24,1,19.1,1,3.0,6,3.4,1,8.9,5.94,2.86,0.3,1.22,0.45,10.89
17.0,Wednesday,0,0.0,1,18.4,1,3.0,4,5.0,2,6.9,0.0,2.76,0.3,1.2,0.69,4.99
28.2,Friday,2,3.05,1,19.2,1,4.5,5,9.0,2,3.9,4.27,2.88,0.45,2.7,0.39,10.67
29.7,Friday,2,4.21,1,20.8,1,3.2,3,4.9,2,5.5,5.89,3.12,0.32,0.88,0.55,10.97
24.9,Monday,1,3.99,1,19.2,1,2.9,5,6.0,2,9.3,5.59,2.88,0.29,1.8,0.93,11.37
27.4,Wednesday,1,3.65,1,19.7,1,2.3,5,4.2,2,6.5,5.11,2.95,0.23,1.26,0.65,10.3
37.7,Wednesday,0,0.0,1,23.1,1,3.6,3,5.4,2,5.1,0.0,3.47,0.36,0.97,0.51,5.32
33.3,Sunday,1,4.28,1,21.6,1,2.7,3,0.2,2,4.9,7.97,3.24,0.27,0.04,0.49,11.97
25.4,Monday,1,2.12,1,20.3,1,2.4,5,7.5,2,3.8,2.97,3.04,0.24,2.25,0.38,8.84
22.0,Saturday,1,2.63,1,20.4,1,2.0,2,0.9,2,7.8,3.68,3.06,0.2,0.11,0.78,8.03
28.4,Saturday,2,4.74,1,18.9,2,2.7,5,3.7,2,5.1,6.64,2.83,0.54,1.11,0.51,11.35
28.9,Tuesday,1,3.34,1,19.4,0,3.7,1,1.6,2,4.0,4.68,2.91,0.0,0.1,0.4,8.34
32.5,Monday,2,3.28,1,19.6,1,2.5,2,1.7,2,4.3,5.74,2.94,0.25,0.2,0.43,9.71
27.3,Tuesday,1,5.32,1,20.2,2,3.0,5,10.5,1,0.8,7.45,3.03,0.6,3.15,0.04,14.28
32.6,Saturday,1,4.55,1,19.9,1,2.4,2,3.6,1,7.4,8.03,2.98,0.24,0.43,0.37,12.01
39.7,Saturday,2,4.19,1,18.3,2,3.2,6,5.2,1,5.5,11.56,2.74,0.64,1.87,0.28,17.09
34.1,Monday,1,1.38,1,20.9,2,3.1,6,7.1,1,3.5,2.72,3.14,0.62,2.56,0.18,9.29
29.8,Tuesday,2,4.79,1,19.1,1,2.2,4,2.4,1,8.8,6.71,2.86,0.22,0.58,0.44,11.0
29.1,Tuesday,1,4.1,1,22.9,1,3.8,5,8.2,2,6.1,5.74,3.43,0.38,2.46,0.61,12.69
28.2,Monday,0,0.0,1,21.9,1,1.5,6,14.3,2,1.5,0.0,3.28,0.15,5.15,0.15,8.77
35.9,Sunday,2,3.36,1,17.5,1,4.1,3,1.6,2,7.4,7.47,2.62,0.41,0.29,0.74,11.53
26.9,Tuesday,1,3.55,1,19.6,1,3.3,5,7.3,1,4.0,4.97,2.94,0.33,2.19,0.2,10.35
30.2,Sunday,2,4.49,1,22.4,1,3.6,2,3.1,3,7.2,6.42,3.36,0.36,0.37,1.08,11.34
30.3,Thursday,2,5.5,1,21.0,2,1.3,4,2.0,2,7.0,7.93,3.15,0.26,0.48,0.7,12.69
27.5,Saturday,0,0.0,1,20.1,1,2.9,4,2.6,1,6.3,0.0,3.02,0.29,0.62,0.32,4.32
23.1,Friday,1,2.97,1,16.5,2,4.5,5,0.6,2,3.5,4.16,2.48,0.9,0.18,0.35,8.19
31.6,Sunday,1,5.68,1,19.7,0,2.9,1,1.7,2,3.5,9.22,2.95,0.0,0.1,0.35,12.74
29.7,Sunday,1,3.81,1,20.3,1,3.1,3,3.3,2,5.9,5.33,3.04,0.31,0.59,0.59,9.95
32.5,Sunday,1,4.56,1,16.9,1,1.9,4,3.4,1,4.1,7.98,2.53,0.19,0.82,0.2,11.85
27.3,Wednesday,1,4.68,1,20.9,1,1.6,3,8.1,2,8.4,6.55,3.14,0.16,1.46,0.84,12.02
36.1,Tuesday,1,6.46,1,18.9,1,3.2,5,0.7,3,5.8,14.55,2.83,0.32,0.21,0.87,18.86
25.6,Tuesday,1,4.16,1,20.5,1,2.3,5,11.0,2,4.0,5.82,3.08,0.23,3.3,0.4,12.9
38.6,Wednesday,0,0.0,1,20.2,2,2.4,3,0.0,2,8.0,0.0,3.03,0.48,0.0,0.8,4.51
21.3,Tuesday,2,3.39,1,19.6,1,3.1,2,2.0,2,2.2,4.75,2.94,0.31,0.24,0.22,7.92
32.2,Wednesday,1,4.65,1,21.2,1,3.7,4,0.8,2,5.7,7.94,3.18,0.37,0.19,0.57,12.61
32.4,Sunday,2,3.68,1,20.4,1,3.5,4,3.1,1,7.1,6.39,3.06,0.35,0.74,0.36,11.03
26.0,Monday,1,4.15,1,24.0,1,3.1,2,1.9,2,3.9,5.81,3.6,0.31,0.23,0.39,10.38
32.1,Thursday,0,0.0,1,22.7,0,3.9,3,2.6,1,5.1,0.0,3.4,0.0,0.47,0.26,3.99
36.4,Sunday,1,5.89,1,18.5,1,4.0,3,4.5,2,4.7,13.53,2.78,0.4,0.81,0.47,17.95
18.9,Thursday,0,0.0,1,21.8,1,2.9,2,3.8,2,3.8,0.0,3.27,0.29,0.46,0.38,4.45
32.5,Saturday,2,3.79,1,18.9,1,4.7,4,5.0,0,6.2,6.64,2.83,0.47,1.2,0.0,11.39
17.5,Sunday,0,0.0,1,18.2,1,1.9,5,7.7,2,7.7,0.0,2.73,0.19,2.31,0.77,6.23
25.2,Friday,1,3.14,1,17.8,1,1.5,4,9.5,2,10.0,4.4,2.67,0.15,2.28,1.0,10.59
38.1,Tuesday,1,5.47,1,19.5,0,4.4,5,4.3,1,7.5,13.86,2.92,0.0,1.29,0.38,18.56
27.1,Friday,1,3.38,1,21.5,1,2.3,2,3.9,2,5.5,4.73,3.22,0.23,0.47,0.55,9.23
24.1,Monday,0,0.0,1,20.2,0,0.3,4,12.1,1,8.2,0.0,3.03,0.0,2.9,0.41,6.19
29.0,Thursday,1,2.93,1,20.8,1,2.7,4,10.2,2,3.7,4.1,3.12,0.27,2.45,0.37,10.19
40.3,Sunday,1,3.52,1,15.2,1,4.2,5,12.1,1,4.9,10.01,2.28,0.42,3.63,0.25,16.73
20.8,Monday,1,2.97,1,19.7,0,2.7,5,9.1,2,7.9,4.16,2.95,0.0,2.73,0.79,10.74
24.7,Monday,2,2.94,1,18.4,1,1.2,5,10.5,2,4.7,4.12,2.76,0.12,3.15,0.47,10.53
37.5,Tuesday,1,4.73,1,17.6,2,2.7,5,5.1,2,6.1,11.58,2.64,0.54,1.53,0.61,16.79
39.3,Monday,1,4.42,1,18.2,1,2.8,2,2.6,0,4.6,11.95,2.73,0.28,0.31,0.0,15.37
29.5,Sunday,1,4.65,1,20.1,2,2.7,5,6.0,3,5.6,6.51,3.02,0.54,1.8,0.84,12.66
23.8,Sunday,0,0.0,1,21.0,1,2.3,5,4.5,2,5.9,0.0,3.15,0.23,1.35,0.59,5.2
40.5,Thursday,2,4.6,1,18.6,0,2.3,6,8.6,0,6.9,13.2,2.79,0.0,3.1,0.0,19.14
38.0,Sunday,1,6.29,1,20.9,0,3.7,5,4.9,2,6.3,15.86,3.14,0.0,1.47,0.63,21.2
33.4,Friday,0,0.0,1,21.2,1,2.4,5,6.9,1,7.4,0.0,3.18,0.24,2.07,0.37,5.69
25.9,Thursday,1,4.8,1,20.5,1,3.2,4,1.7,2,6.8,6.72,3.08,0.32,0.41,0.68,11.16
29.8,Tuesday,1,4.31,1,18.7,1,3.2,6,5.9,2,5.6,6.03,2.8,0.32,2.12,0.56,11.94
29.2,Thursday,1,3.69,1,19.3,1,2.4,6,13.3,2,4.8,5.17,2.9,0.24,4.79,0.48,13.82
31.7,Wednesday,1,5.51,1,20.5,1,2.2,5,7.3,3,4.2,9.02,3.08,0.22,2.19,0.63,15.18
37.3,Friday,0,0.0,1,18.9,1,3.1,4,8.9,2,0.5,0.0,2.83,0.31,2.14,0.05,5.25
34.4,Wednesday,1,3.3,1,21.0,1,1.3,2,1.9,1,5.8,6.65,3.15,0.13,0.23,0.29,10.33
24.6,Wednesday,2,4.07,1,18.3,2,5.0,5,5.8,3,3.7,5.7,2.74,1.0,1.74,0.56,11.74
36.9,Saturday,0,0.0,1,20.6,0,2.4,5,7.4,3,4.2,0.0,3.09,0.0,2.22,0.63,5.93
31.6,Sunday,2,5.37,1,21.4,1,2.6,5,6.0,2,5.4,8.72,3.21,0.26,1.8,0.54,14.21
33.4,Tuesday,0,0.0,1,20.3,1,3.7,2,0.8,2,5.0,0.0,3.04,0.37,0.1,0.5,3.76
37.3,Monday,2,5.52,1,18.5,1,2.8,5,8.6,1,7.1,13.37,2.78,0.28,2.58,0.36,19.03
24.4,Wednesday,1,3.3,1,17.6,1,2.6,3,2.0,2,5.7,4.62,2.64,0.26,0.36,0.57,8.45
29.8,Thursday,1,3.93,1,18.3,1,1.7,5,6.6,1,9.3,5.5,2.74,0.17,1.98,0.47,11.02
27.3,Monday,0,0.0,1,20.7,1,3.1,3,0.0,1,10.4,0.0,3.1,0.31,0.0,0.52,4.07
22.2,Thursday,0,0.0,1,19.7,1,2.5,5,4.5,2,5.4,0.0,2.95,0.25,1.35,0.54,4.9
31.7,Thursday,1,5.68,1,19.1,1,5.1,3,3.7,1,4.3,9.3,2.86,0.51,0.67,0.22,13.42
42.6,Monday,0,0.0,1,20.6,1,2.8,1,1.7,0,2.5,0.0,3.09,0.28,0.1,0.0,3.27
20.8,Monday,1,3.65,1,17.0,1,0.7,4,2.0,2,9.7,5.11,2.55,0.07,0.48,0.97,9.19
29.8,Sunday,1,3.8,1,19.6,1,4.0,2,1.5,1,4.6,5.32,2.94,0.4,0.18,0.23,9.21
33.2,Thursday,1,4.15,1,18.3,1,2.0,5,12.5,1,4.9,7.67,2.74,0.2,3.75,0.25,14.78
30.6,Tuesday,1,4.92,1,18.0,2,3.1,6,15.9,1,4.6,7.3,2.7,0.62,5.72,0.23,16.47
29.4,Sunday,1,3.31,1,19.2,1,4.4,6,10.1,1,5.3,4.63,2.88,0.44,3.64,0.26,11.87
23.5,Friday,1,4.06,1,23.7,0,2.7,3,6.6,2,5.0,5.68,3.56,0.0,1.19,0.5,10.82
31.2,Saturday,1,4.75,1,20.9,1,2.8,5,5.4,2,7.7,7.45,3.14,0.28,1.62,0.77,13.26
26.2,Friday,1,3.11,1,18.3,1,3.9,3,5.3,2,0.5,4.35,2.74,0.39,0.95,0.05,8.38
19.1,Tuesday,1,4.04,1,21.8,1,4.4,6,10.4,2,5.6,5.66,3.27,0.44,3.74,0.56,13.59
36.0,Sunday,2,6.23,1,18.0,1,2.9,5,3.5,0,7.4,13.95,2.7,0.29,1.05,0.0,17.79
34.8,Saturday,1,6.84,1,22.3,1,5.0,2,2.9,1,4.6,14.18,3.34,0.5,0.35,0.23,18.15
30.3,Sunday,0,0.0,1,18.7,1,1.3,4,4.5,1,7.2,0.0,2.8,0.13,1.08,0.36,4.31
31.1,Monday,1,4.45,1,20.2,1,2.1,3,4.7,2,6.2,6.92,3.03,0.21,0.85,0.62,11.68
35.4,Saturday,1,4.88,1,23.1,2,2.5,5,4.9,2,4.6,10.52,3.47,0.5,1.47,0.46,16.45
31.1,Thursday,2,4.96,1,19.5,1,4.1,4,1.5,2,2.4,7.7,2.92,0.41,0.36,0.24,11.41
34.5,Friday,2,6.5,1,22.8,1,3.2,5,6.7,1,6.8,13.19,3.42,0.32,2.01,0.34,18.94
28.5,Saturday,0,0.0,1,19.9,1,2.3,4,7.5,1,6.6,0.0,2.98,0.23,1.8,0.33,5.33
36.6,Thursday,0,0.0,1,19.9,1,1.9,6,11.3,2,4.5,0.0,2.98,0.19,4.07,0.45,7.52
31.6,Sunday,1,3.11,1,18.7,1,1.5,6,0.9,1,7.5,5.05,2.8,0.15,0.32,0.38,8.63
31.0,Tuesday,1,6.41,1,22.1,1,3.5,4,5.8,2,5.0,9.87,3.32,0.35,1.39,0.5,15.25
23.6,Saturday,1,3.21,1,19.3,2,2.6,5,9.0,2,8.1,4.49,2.9,0.52,2.7,0.81,11.19
31.4,Thursday,1,1.43,1,22.9,1,4.0,5,7.1,2,6.6,2.28,3.43,0.4,2.13,0.66,9.08
25.8,Sunday,1,1.65,1,19.1,0,1.6,6,11.5,3,9.0,2.31,2.86,0.0,4.14,1.35,10.73
26.8,Sunday,1,4.22,1,19.3,1,3.4,2,0.8,3,6.7,5.91,2.9,0.34,0.1,1.01,10.26
25.9,Sunday,0,0.0,1,21.5,0,3.0,3,1.7,2,6.1,0.0,3.22,0.0,0.31,0.61,4.27
24.7,Tuesday,1,3.79,1,19.8,1,2.4,3,5.2,2,2.2,5.31,2.97,0.24,0.94,0.22,9.68
40.6,Monday,1,3.14,1,20.4,1,2.5,4,4.4,1,6.1,9.06,3.06,0.25,1.06,0.3,13.67
36.7,Tuesday,2,5.05,1,18.0,1,3.1,2,4.2,3,5.5,11.81,2.7,0.31,0.5,0.82,16.39
39.6,Tuesday,1,5.62,1,20.2,1,3.0,4,6.2,2,9.2,15.43,3.03,0.3,1.49,0.92,21.43
23.9,Friday,1,3.83,1,20.6,0,2.1,5,3.7,1,6.4,5.36,3.09,0.0,1.11,0.32,9.73
30.4,Sunday,2,3.46,1,22.6,1,3.5,4,2.8,2,7.6,5.03,3.39,0.35,0.67,0.76,10.24
23.5,Thursday,2,4.44,1,19.3,1,4.2,5,0.4,1,8.8,6.22,2.9,0.42,0.12,0.44,10.12
26.5,Saturday,1,3.49,1,20.5,2,2.8,2,3.6,2,8.7,4.89,3.08,0.56,0.43,0.87,9.96
25.4,Friday,1,3.61,1,21.8,1,3.6,6,7.5,2,5.8,5.05,3.27,0.36,2.7,0.58,11.8
36.2,Sunday,1,4.06,1,20.1,1,2.8,6,11.7,1,10.3,9.2,3.02,0.28,4.21,0.52,17.42
28.0,Wednesday,1,3.73,1,21.6,1,5.4,4,6.0,1,5.0,5.22,3.24,0.54,1.44,0.25,10.55
35.3,Tuesday,0,0.0,1,23.7,1,3.0,6,8.5,3,8.7,0.0,3.56,0.3,3.06,1.3,8.2
33.0,Wednesday,2,4.39,1,20.0,1,3.7,2,3.8,2,4.5,8.0,3.0,0.37,0.46,0.45,12.11
41.5,Sunday,0,0.0,1,22.0,2,4.2,5,6.3,2,7.7,0.0,3.3,0.84,1.89,0.77,6.72
22.6,Friday,0,0.0,1,20.8,0,2.4,2,2.2,1,4.1,0.0,3.12,0.0,0.26,0.2,3.42
36.3,Thursday,0,0.0,1,21.3,1,3.7,4,5.3,2,7.2,0.0,3.2,0.37,1.27,0.72,5.42
35.7,Friday,1,3.7,1,21.1,1,3.9,3,5.7,2,4.3,8.13,3.16,0.39,1.03,0.43,13.26
25.1,Thursday,1,4.66,1,21.6,0,3.4,4,2.8,1,3.9,6.52,3.24,0.0,0.67,0.2,10.62
35.0,Thursday,1,2.94,1,21.5,1,3.8,3,5.8,1,4.1,6.18,3.22,0.38,1.04,0.2,11.32
31.7,Sunday,1,4.17,1,19.9,2,2.4,4,5.5,1,7.0,6.83,2.98,0.48,1.32,0.35,11.93
28.9,Monday,1,5.1,1,19.2,1,5.1,3,3.2,1,7.0,7.14,2.88,0.51,0.58,0.35,11.34
25.9,Sunday,1,3.23,1,20.6,2,0.6,6,8.7,3,7.0,4.52,3.09,0.12,3.13,1.05,11.83
26.4,Tuesday,0,0.0,1,17.8,0,2.2,4,8.5,0,6.4,0.0,2.67,0.0,2.04,0.0,4.69
40.2,Friday,2,4.93,1,20.9,1,1.7,3,6.3,2,5.0,13.94,3.14,0.17,1.13,0.5,18.93
30.0,Thursday,1,4.13,1,21.1,1,4.7,3,4.8,2,4.6,5.78,3.16,0.47,0.86,0.46,10.67
33.9,Sunday,2,5.04,1,19.7,1,2.9,5,8.8,1,3.9,9.81,2.95,0.29,2.64,0.2,15.7
26.0,Sunday,0,0.0,1,20.1,2,2.1,3,4.1,2,3.8,0.0,3.02,0.42,0.74,0.38,4.7
26.1,Friday,1,5.01,1,21.4,1,2.4,4,3.8,1,8.4,7.01,3.21,0.24,0.91,0.42,11.97
35.4,Friday,1,2.41,1,21.1,1,1.5,4,6.5,2,3.9,5.19,3.16,0.15,1.56,0.39,10.39
23.3,Thursday,0,0.0,1,21.4,1,3.6,3,3.1,1,4.1,0.0,3.21,0.36,0.56,0.2,4.55
27.9,Saturday,2,4.43,1,21.2,1,3.7,3,1.9,2,4.0,6.2,3.18,0.37,0.34,0.4,10.41
30.2,Wednesday,2,4.67,1,20.2,2,3.3,4,4.2,2,3.3,6.67,3.03,0.66,1.01,0.33,11.86
30.6,Tuesday,1,5.91,1,20.0,1,2.3,3,0.7,3,6.6,8.77,3.0,0.23,0.13,0.99,12.98
29.1,Tuesday,1,5.3,1,20.6,1,4.5,3,1.5,2,4.9,7.42,3.09,0.45,0.27,0.49,12.08
32.0,Saturday,1,5.2,1,22.2,1,3.8,2,5.4,2,5.7,8.74,3.33,0.38,0.65,0.57,13.41
33.5,Monday,2,4.11,1,20.4,1,1.3,3,6.3,1,5.8,7.76,3.06,0.13,1.13,0.29,12.2
33.7,Saturday,1,4.05,1,22.0,1,2.8,3,3.5,2,6.6,7.77,3.3,0.28,0.63,0.66,12.97
25.1,Monday,1,4.56,1,17.0,1,1.8,6,10.1,2,6.2,6.38,2.55,0.18,3.64,0.62,13.11
28.6,Monday,1,4.51,1,20.5,1,4.5,4,2.8,3,8.4,6.31,3.08,0.45,0.67,1.26,11.73
36.0,Saturday,1,4.99,1,20.1,1,2.6,5,8.9,1,4.7,11.18,3.02,0.26,2.67,0.24,17.29
34.5,Tuesday,2,4.46,1,17.5,1,1.6,1,1.5,1,4.8,9.05,2.62,0.16,0.09,0.24,12.16
23.1,Wednesday,0,0.0,1,17.7,1,2.9,2,1.7,2,5.8,0.0,2.66,0.29,0.2,0.58,3.77
31.8,Tuesday,0,0.0,1,20.7,0,4.6,5,5.6,2,5.9,0.0,3.1,0.0,1.68,0.59,5.33
20.1,Sunday,1,3.91,1,20.2,1,3.9,4,4.3,1,3.0,5.47,3.03,0.39,1.03,0.15,10.18
30.2,Tuesday,1,3.99,1,21.2,1,2.5,2,3.8,2,2.8,5.7,3.18,0.25,0.46,0.28,10.08
39.5,Tuesday,0,0.0,1,16.1,1,2.8,4,5.1,2,5.7,0.0,2.42,0.28,1.22,0.57,4.4
25.3,Saturday,1,2.07,1,21.6,1,4.0,4,1.1,3,8.8,2.9,3.24,0.4,0.26,1.32,7.85
25.8,Saturday,2,3.91,1,21.6,1,4.4,5,5.2,2,9.0,5.47,3.24,0.44,1.56,0.9,11.51
33.8,Sunday,1,2.94,1,17.9,1,1.4,2,1.6,1,3.8,5.69,2.68,0.14,0.19,0.19,8.93
22.3,Sunday,1,3.16,1,22.1,1,3.2,4,1.4,1,5.1,4.42,3.32,0.32,0.34,0.26,8.68
26.8,Saturday,1,4.68,1,22.7,1,2.6,5,4.1,0,6.3,6.55,3.4,0.26,1.23,0.0,11.57
33.0,Tuesday,1,4.47,1,18.0,1,2.5,6,0.0,2,6.6,8.14,2.7,0.25,0.0,0.66,12.03
26.8,Wednesday,2,3.8,1,20.2,1,4.3,5,3.6,2,4.1,5.32,3.03,0.43,1.08,0.41,10.3
28.8,Monday,1,3.33,1,20.3,1,1.6,3,4.4,1,9.4,4.66,3.04,0.16,0.79,0.47,9.06
33.7,Friday,1,3.85,1,17.3,1,3.8,5,8.2,2,4.9,7.38,2.6,0.38,2.46,0.49,13.2
32.1,Monday,1,6.04,1,19.5,0,0.7,5,8.3,2,6.7,10.24,2.92,0.0,2.49,0.67,16.29
31.3,Sunday,1,5.1,1,22.1,1,2.3,5,9.9,1,5.3,8.07,3.32,0.23,2.97,0.26,14.98
28.3,Sunday,1,3.56,1,18.7,1,3.0,5,10.6,1,5.4,4.98,2.8,0.3,3.18,0.27,11.44
31.9,Monday,2,4.2,1,22.7,1,1.7,6,3.9,3,7.5,7.0,3.4,0.17,1.4,1.12,13.18
29.4,Friday,1,4.37,1,20.6,1,5.2,2,0.8,1,8.0,6.12,3.09,0.52,0.1,0.4,10.07
32.3,Tuesday,1,4.82,1,18.8,1,2.3,2,2.7,2,7.4,8.3,2.82,0.23,0.32,0.74,12.41
27.5,Wednesday,1,3.94,1,20.1,1,2.2,5,8.5,2,4.2,5.52,3.02,0.22,2.55,0.42,11.5
29.1,Wednesday,0,0.0,1,17.8,1,2.3,3,2.3,2,3.3,0.0,2.67,0.23,0.41,0.33,3.55
25.1,Monday,0,0.0,1,20.6,1,3.6,2,3.0,2,11.3,0.0,3.09,0.36,0.36,1.13,5.16
29.8,Friday,2,4.05,1,19.7,1,3.9,4,10.2,2,6.6,5.67,2.95,0.39,2.45,0.66,12.16
25.9,Sunday,1,5.8,1,19.4,0,2.6,5,2.2,3,4.2,8.12,2.91,0.0,0.66,0.63,12.3
24.4,Thursday,1,6.21,1,17.8,1,3.3,2,2.7,3,7.9,8.69,2.67,0.33,0.32,1.18,13.23
31.3,Tuesday,1,4.95,1,19.9,0,3.4,5,10.1,2,4.2,7.83,2.98,0.0,3.03,0.42,14.34
31.1,Monday,2,3.53,1,20.3,1,1.6,1,1.2,1,9.9,5.48,3.04,0.16,0.07,0.5,9.3
33.9,Wednesday,1,5.23,1,17.9,1,2.9,2,3.2,1,5.2,10.17,2.68,0.29,0.38,0.26,13.81
27.8,Sunday,2,2.29,1,21.6,1,2.4,3,5.8,2,7.7,3.21,3.24,0.24,1.04,0.77,8.35
32.0,Saturday,1,3.74,1,20.4,0,1.4,2,2.3,2,5.9,6.29,3.06,0.0,0.28,0.59,10.0
32.8,Saturday,2,2.6,1,18.7,1,3.2,5,3.1,1,3.0,4.66,2.8,0.32,0.93,0.15,8.97
32.2,Friday,1,4.93,1,19.9,1,4.0,6,7.6,1,4.0,8.42,2.98,0.4,2.74,0.2,14.54
25.9,Friday,1,2.67,1,21.3,1,3.0,5,3.0,2,4.5,3.74,3.2,0.3,0.9,0.45,8.64
30.7,Monday,1,3.91,1,22.1,1,0.4,3,2.9,1,4.6,5.85,3.32,0.04,0.52,0.23,10.11
31.8,Thursday,1,4.26,1,22.4,1,2.5,4,6.5,2,6.4,7.03,3.36,0.25,1.56,0.64,12.69
30.0,Wednesday,0,0.0,1,22.7,1,2.1,2,2.9,2,1.1,0.0,3.4,0.21,0.35,0.11,3.97
19.6,Monday,1,2.93,1,18.0,0,4.8,3,6.0,2,6.4,4.1,2.7,0.0,1.08,0.64,8.5
30.8,Thursday,1,4.58,1,18.9,0,2.7,4,6.0,1,2.0,6.92,2.83,0.0,1.44,0.1,11.16
41.1,Sunday,0,0.0,1,17.9,1,1.4,5,4.1,1,6.7,0.0,2.68,0.14,1.23,0.34,4.25
28.2,Friday,2,5.76,1,21.6,1,3.0,2,1.3,1,4.4,8.06,3.24,0.3,0.16,0.22,11.9
26.4,Saturday,1,2.87,1,19.7,1,3.6,3,5.3,1,6.3,4.02,2.95,0.36,0.95,0.32,8.48
31.9,Tuesday,2,4.35,1,21.9,1,3.1,6,9.0,2,3.3,7.25,3.28,0.31,3.24,0.33,14.48
31.6,Sunday,1,4.96,1,17.9,1,2.2,4,4.8,2,4.7,8.05,2.68,0.22,1.15,0.47,12.58
36.0,Saturday,1,5.43,1,19.0,1,2.5,6,9.4,1,1.9,12.16,2.85,0.25,3.38,0.1,18.52
23.7,Wednesday,1,4.36,1,18.8,1,3.8,6,5.2,1,3.5,6.1,2.82,0.38,1.87,0.18,11.61
33.7,Wednesday,1,2.68,1,21.9,1,3.1,4,0.0,1,8.8,5.14,3.28,0.31,0.0,0.44,9.13
33.0,Saturday,2,3.39,1,21.1,1,5.0,3,6.1,3,8.9,6.18,3.16,0.5,1.1,1.34,12.27
29.3,Sunday,1,4.24,1,17.0,0,3.1,5,8.8,2,3.5,5.94,2.55,0.0,2.64,0.35,11.4
31.7,Saturday,2,4.81,1,19.3,0,1.5,2,2.6,3,5.3,7.87,2.9,0.0,0.31,0.8,11.88
35.1,Thursday,2,6.0,1,21.4,1,2.8,3,2.2,2,6.9,12.68,3.21,0.28,0.4,0.69,17.12
34.4,Monday,1,3.93,1,21.7,0,2.4,5,6.0,2,6.2,7.92,3.26,0.0,1.8,0.62,13.4
24.3,Friday,2,2.87,1,20.6,1,1.4,4,0.7,2,4.8,4.02,3.09,0.14,0.17,0.48,7.85
34.1,Thursday,1,3.87,1,20.3,1,3.1,3,4.2,1,2.9,7.64,3.04,0.31,0.76,0.14,12.11
29.7,Tuesday,2,6.47,1,18.6,1,2.6,5,0.2,2,7.8,9.06,2.79,0.26,0.06,0.78,13.03
30.4,Saturday,1,5.76,1,21.6,1,3.1,5,7.0,1,5.0,8.38,3.24,0.31,2.1,0.25,14.46
30.4,Tuesday,0,0.0,1,18.2,1,4.8,2,1.7,2,2.7,0.0,2.73,0.48,0.2,0.27,3.59
29.2,Tuesday,2,5.41,1,17.6,1,2.9,3,3.7,1,5.9,7.57,2.64,0.29,0.67,0.3,11.35
36.0,Thursday,1,3.98,1,20.3,2,4.0,3,1.7,2,5.3,8.91,3.04,0.8,0.31,0.53,13.51
29.6,Friday,1,5.11,1,19.3,1,2.8,3,7.0,1,5.0,7.15,2.9,0.28,1.26,0.25,11.92
24.4,Sunday,1,2.43,1,21.1,1,3.4,5,7.9,3,6.3,3.4,3.16,0.34,2.37,0.94,10.36
28.0,Wednesday,0,0.0,1,20.7,1,3.1,5,4.4,1,5.6,0.0,3.1,0.31,1.32,0.28,4.97
30.9,Monday,1,5.31,1,22.6,1,3.3,5,6.1,2,8.2,8.1,3.39,0.33,1.83,0.82,14.26
36.1,Wednesday,2,4.27,1,20.6,1,2.9,1,2.4,2,4.2,9.63,3.09,0.29,0.14,0.42,13.72
33.0,Friday,0,0.0,1,21.6,0,4.5,2,1.4,1,4.5,0.0,3.24,0.0,0.17,0.22,3.8
25.7,Wednesday,1,3.28,1,18.7,2,3.6,3,1.8,2,7.5,4.59,2.8,0.72,0.32,0.75,9.26
42.4,Saturday,0,0.0,1,21.1,1,3.1,3,1.7,3,11.0,0.0,3.16,0.31,0.31,1.65,5.64
31.3,Saturday,1,3.75,1,19.6,2,3.9,2,1.8,0,10.7,5.93,2.94,0.78,0.22,0.0,9.58
36.4,Thursday,1,5.63,1,19.3,1,3.1,4,9.3,3,7.5,12.92,2.9,0.31,2.23,1.12,19.34
29.2,Tuesday,1,2.8,1,18.6,1,4.1,2,1.9,2,5.3,3.92,2.79,0.41,0.23,0.53,7.88
32.7,Friday,2,3.27,1,22.3,1,1.8,5,5.3,2,4.9,5.82,3.34,0.18,1.59,0.49,11.26
34.2,Friday,1,5.96,1,20.0,1,5.1,5,7.3,1,5.2,11.84,3.0,0.51,2.19,0.26,17.94
36.1,Wednesday,1,1.79,1,18.8,1,3.2,4,5.3,2,2.5,4.04,2.82,0.32,1.27,0.25,8.52
35.3,Thursday,2,3.85,1,21.0,2,1.9,2,4.0,3,7.4,8.25,3.15,0.38,0.48,1.11,13.57
34.4,Wednesday,1,4.35,1,19.3,0,3.7,6,11.3,2,8.6,8.77,2.9,0.0,4.07,0.86,16.47
28.4,Wednesday,1,4.39,1,18.8,1,4.3,6,9.3,2,5.7,6.15,2.82,0.43,3.35,0.57,13.53
27.1,Friday,1,3.46,1,24.0,1,2.0,3,3.5,0,10.2,4.84,3.6,0.2,0.63,0.0,9.15
31.7,Wednesday,2,3.09,1,18.2,1,2.5,5,9.9,1,11.5,5.07,2.73,0.25,2.97,0.58,11.25
34.7,Tuesday,1,5.93,1,22.8,1,4.0,5,4.0,2,7.8,12.2,3.42,0.4,1.2,0.78,18.02
28.9,Wednesday,1,5.14,1,18.8,1,3.6,4,3.1,2,4.7,7.2,2.82,0.36,0.74,0.47,11.69
35.3,Tuesday,1,4.15,1,20.9,1,2.6,3,3.2,2,4.3,8.89,3.14,0.26,0.58,0.43,13.14
37.3,Friday,0,0.0,1,19.8,1,2.8,4,8.4,1,7.5,0.0,2.97,0.28,2.02,0.38,5.89
25.4,Thursday,1,4.08,1,21.1,1,1.7,4,3.1,2,8.1,5.71,3.16,0.17,0.74,0.81,10.8
25.8,Saturday,1,4.0,1,17.9,1,2.0,4,3.7,1,4.7,5.6,2.68,0.2,0.89,0.24,9.58
29.3,Tuesday,0,0.0,1,17.7,1,1.3,6,8.7,2,3.7,0.0,2.66,0.13,3.13,0.37,6.34
31.5,Thursday,0,0.0,1,21.2,1,2.7,5,6.5,3,2.6,0.0,3.18,0.27,1.95,0.39,5.79
27.4,Thursday,0,0.0,1,17.3,0,3.7,3,3.2,2,3.9,0.0,2.6,0.0,0.58,0.39,3.67
36.8,Tuesday,1,5.61,1,18.2,2,2.7,4,6.6,1,5.2,13.19,2.73,0.54,1.58,0.26,18.43
32.1,Friday,2,5.32,1,19.9,2,4.1,5,5.1,3,8.2,9.01,2.98,0.82,1.53,1.23,15.32
30.2,Monday,2,4.13,1,18.1,1,2.4,2,4.1,2,4.9,5.9,2.72,0.24,0.49,0.49,10.09
22.8,Thursday,1,3.03,1,18.2,2,1.5,3,4.5,2,0.0,4.24,2.73,0.3,0.81,0.0,8.26
23.4,Thursday,1,4.3,1,19.4,1,4.2,6,12.1,1,4.7,6.02,2.91,0.42,4.36,0.24,13.79
31.4,Friday,2,3.06,1,16.7,0,3.4,4,3.2,2,5.3,4.88,2.5,0.0,0.77,0.53,8.9
19.3,Friday,0,0.0,1,17.9,1,4.2,3,3.7,1,5.3,0.0,2.68,0.42,0.67,0.26,4.32
35.1,Wednesday,1,4.47,1,22.0,2,2.7,2,0.1,2,0.8,9.45,3.3,0.54,0.01,0.08,13.12
29.2,Friday,1,5.68,1,21.4,1,4.6,4,8.9,0,5.3,7.95,3.21,0.46,2.14,0.0,13.86
45.0,Thursday,0,0.0,1,23.4,1,1.9,4,11.5,1,8.6,0.0,3.51,0.19,2.76,0.43,7.03
41.5,Tuesday,2,3.41,1,20.9,1,2.7,3,3.4,1,5.1,10.26,3.14,0.27,0.61,0.26,14.59
29.1,Monday,2,3.64,1,22.0,1,3.4,4,6.3,1,4.7,5.1,3.3,0.34,1.51,0.24,10.67
29.5,Sunday,0,0.0,1,19.4,0,2.5,2,2.8,1,4.5,0.0,2.91,0.0,0.34,0.22,3.5
35.0,Wednesday,0,0.0,1,19.7,1,3.2,2,0.9,2,6.3,0.0,2.95,0.32,0.11,0.63,4.08
38.5,Sunday,0,0.0,1,20.6,0,4.2,4,8.7,0,3.0,0.0,3.09,0.0,2.09,0.0,4.89
21.8,Tuesday,1,4.36,1,17.2,1,3.4,2,2.3,2,3.7,6.1,2.58,0.34,0.28,0.37,9.57
21.1,Monday,1,4.47,1,20.8,1,2.8,6,0.0,1,8.2,6.26,3.12,0.28,0.0,0.41,10.26
26.9,Monday,1,3.48,1,19.1,1,4.2,2,1.7,3,7.3,4.87,2.86,0.42,0.2,1.1,9.35
32.9,Monday,1,3.93,1,19.3,1,3.5,5,2.0,3,4.9,7.09,2.9,0.35,0.6,0.74,11.67
32.5,Saturday,2,3.37,1,21.5,1,3.0,3,4.2,1,7.0,5.9,3.22,0.3,0.76,0.35,10.36
35.3,Tuesday,1,5.5,1,17.7,1,2.9,3,4.2,2,4.2,11.78,2.66,0.29,0.76,0.42,15.81
24.0,Wednesday,0,0.0,1,20.1,1,2.6,5,10.6,0,4.1,0.0,3.02,0.26,3.18,0.0,6.51
18.4,Wednesday,1,3.1,1,20.7,1,3.8,4,10.2,3,4.1,4.34,3.1,0.38,2.45,0.62,10.87
34.3,Monday,1,6.34,1,19.2,1,3.9,5,13.0,2,2.9,12.7,2.88,0.39,3.9,0.29,19.89
25.9,Tuesday,1,4.4,1,20.1,2,4.3,4,2.6,0,5.8,6.16,3.02,0.86,0.62,0.0,10.55
19.9,Saturday,1,4.19,1,20.1,1,3.4,4,7.0,1,10.0,5.87,3.02,0.34,1.68,0.5,11.62
30.7,Monday,0,0.0,1,21.3,0,2.5,5,9.3,1,2.0,0.0,3.2,0.0,2.79,0.1,6.25
34.0,Friday,2,3.37,1,19.7,1,3.3,4,3.9,1,9.4,6.61,2.95,0.33,0.94,0.47,11.3
29.4,Sunday,2,5.33,1,18.1,1,2.4,4,6.1,2,0.6,7.46,2.72,0.24,1.46,0.06,11.99
27.7,Wednesday,1,4.1,1,19.1,1,3.2,5,8.0,2,7.0,5.74,2.86,0.32,2.4,0.7,11.92
29.2,Sunday,1,3.03,1,19.5,1,4.4,6,6.1,1,2.3,4.24,2.92,0.44,2.2,0.12,10.13
28.1,Thursday,1,4.64,1,18.8,1,4.2,3,6.6,1,7.0,6.5,2.82,0.42,1.19,0.35,11.24
23.3,Monday,1,3.14,1,20.3,2,3.9,4,6.0,1,4.4,4.4,3.04,0.78,1.44,0.22,9.7
26.4,Friday,1,6.33,1,20.2,1,3.0,2,2.4,1,7.4,8.86,3.03,0.3,0.29,0.37,12.59
32.6,Wednesday,2,5.02,1,20.1,1,3.9,3,1.6,2,4.4,8.86,3.02,0.39,0.29,0.44,12.74
31.6,Sunday,1,3.3,1,18.7,1,2.4,4,8.4,1,7.0,5.36,2.8,0.24,2.02,0.35,10.65
30.8,Saturday,1,5.15,1,20.2,1,1.5,5,6.9,2,5.6,7.79,3.03,0.15,2.07,0.56,13.85
25.0,Tuesday,1,5.28,1,21.9,1,3.3,4,5.5,1,8.4,7.39,3.28,0.33,1.32,0.42,13.14
29.1,Wednesday,2,4.08,1,20.4,0,2.6,5,3.8,1,5.6,5.71,3.06,0.0,1.14,0.28,10.35
19.1,Sunday,1,2.66,1,21.6,1,4.8,1,1.9,2,6.4,3.72,3.24,0.48,0.11,0.64,7.93
30.9,Tuesday,0,0.0,1,20.2,1,4.6,4,2.3,2,6.1,0.0,3.03,0.46,0.55,0.61,4.48
37.1,Sunday,1,4.0,1,19.0,1,2.3,6,0.0,2,7.7,9.58,2.85,0.23,0.0,0.77,13.26
22.6,Tuesday,1,3.34,1,21.3,1,3.7,3,2.6,2,7.9,4.68,3.2,0.37,0.47,0.79,9.47
27.1,Saturday,1,2.56,1,17.9,1,1.0,1,1.6,2,6.1,3.58,2.68,0.1,0.1,0.61,6.94
31.6,Saturday,1,5.23,1,19.2,1,3.3,4,6.2,1,2.5,8.49,2.88,0.33,1.49,0.12,13.4
36.3,Monday,2,3.32,1,19.8,1,3.3,5,7.1,2,4.0,7.58,2.97,0.33,2.13,0.4,13.37
27.8,Monday,1,4.59,1,21.0,1,2.0,4,4.9,2,7.6,6.43,3.15,0.2,1.18,0.76,11.85
26.5,Wednesday,2,3.59,1,21.9,1,3.2,4,5.8,0,2.9,5.03,3.28,0.32,1.39,0.0,10.11
20.2,Saturday,1,3.56,1,21.3,2,2.1,5,16.0,2,4.5,4.98,3.2,0.42,4.8,0.45,14.05
30.5,Friday,2,3.7,1,21.1,1,3.9,3,4.5,1,4.8,5.44,3.16,0.39,0.81,0.24,9.93
40.2,Sunday,1,5.22,1,21.3,1,3.2,5,5.3,1,5.5,14.77,3.2,0.32,1.59,0.28,20.3
31.4,Sunday,1,4.73,1,21.5,1,4.5,2,2.5,2,5.2,7.55,3.22,0.45,0.3,0.52,11.93
29.9,Sunday,1,3.79,1,18.3,1,1.5,3,3.6,3,6.1,5.31,2.74,0.15,0.65,0.92,9.76
31.6,Wednesday,0,0.0,1,23.3,1,2.1,5,6.9,3,3.9,0.0,3.5,0.21,2.07,0.58,6.23
29.9,Sunday,1,4.5,1,21.7,1,2.5,5,3.6,1,4.2,6.3,3.26,0.25,1.08,0.21,11.15
25.9,Thursday,1,4.21,1,19.7,0,3.5,5,9.3,2,9.5,5.89,2.95,0.0,2.79,0.95,12.78
34.1,Tuesday,1,2.88,1,20.6,2,3.3,5,7.7,2,8.8,5.68,3.09,0.66,2.31,0.88,12.8
31.1,Sunday,1,3.21,1,18.0,1,3.4,3,2.4,1,7.0,4.98,2.7,0.34,0.43,0.35,8.85
30.1,Tuesday,1,3.81,1,19.6,1,2.4,2,4.0,2,7.2,5.38,2.94,0.24,0.48,0.72,9.74
25.1,Monday,1,1.61,1,19.5,1,1.1,3,0.2,2,6.5,2.25,2.92,0.11,0.04,0.65,5.97
36.5,Sunday,0,0.0,1,19.4,1,2.2,6,16.0,3,5.9,0.0,2.91,0.22,5.76,0.89,10.01
33.3,Friday,1,3.88,1,21.2,1,4.4,6,15.5,0,4.2,7.22,3.18,0.44,5.58,0.0,16.29
27.2,Saturday,1,4.22,1,20.2,1,2.4,6,14.9,1,8.9,5.91,3.03,0.24,5.36,0.45,15.06
35.0,Saturday,2,3.35,1,18.2,1,3.2,2,2.0,2,9.7,7.04,2.73,0.32,0.24,0.97,11.47
27.5,Monday,2,5.96,1,18.2,1,3.1,4,6.0,2,4.9,8.34,2.73,0.31,1.44,0.49,13.31
26.1,Thursday,1,2.48,1,17.1,1,3.2,4,3.7,3,8.2,3.47,2.56,0.32,0.89,1.23,8.61
26.2,Wednesday,1,3.38,1,21.3,1,1.7,5,8.1,1,5.1,4.73,3.2,0.17,2.43,0.26,11.12
21.1,Wednesday,1,4.48,1,19.7,1,3.8,4,5.4,2,4.4,6.27,2.95,0.38,1.3,0.44,11.33
32.4,Friday,1,3.1,1,21.1,1,2.9,5,5.1,2,5.1,5.38,3.16,0.29,1.53,0.51,10.83
20.8,Monday,1,3.5,1,24.0,0,5.3,3,3.1,0,5.2,4.9,3.6,0.0,0.56,0.0,9.09
23.9,Monday,1,4.25,1,18.7,1,2.6,2,2.8,2,7.1,5.95,2.8,0.26,0.34,0.71,10.13
19.6,Thursday,1,2.07,1,20.5,2,4.0,3,9.9,2,5.0,2.9,3.08,0.8,1.78,0.5,9.26
29.6,Sunday,0,0.0,1,22.2,1,2.6,1,2.2,1,7.6,0.0,3.33,0.26,0.13,0.38,4.29
29.2,Wednesday,1,4.29,1,19.3,1,4.9,3,4.2,1,4.5,6.01,2.9,0.49,0.76,0.22,10.43
28.4,Sunday,2,4.49,1,19.5,2,3.7,2,2.4,2,5.8,6.29,2.92,0.74,0.29,0.58,10.52
24.8,Monday,1,2.97,1,20.8,1,1.7,3,5.2,2,3.7,4.16,3.12,0.17,0.94,0.37,8.54
24.1,Sunday,1,5.39,1,23.8,2,4.4,4,3.7,3,3.3,7.55,3.57,0.88,0.89,0.5,13.54
32.3,Saturday,2,4.87,1,21.0,1,3.8,6,7.1,1,6.7,8.39,3.15,0.38,2.56,0.34,14.73
27.2,Friday,1,4.7,1,18.7,1,2.5,5,0.2,1,6.1,6.58,2.8,0.25,0.06,0.3,10.15
31.6,Wednesday,1,5.06,1,18.9,1,1.4,3,4.2,3,5.0,8.21,2.83,0.14,0.76,0.75,12.81
25.6,Thursday,1,2.32,1,19.3,1,4.2,2,2.8,3,4.1,3.25,2.9,0.42,0.34,0.62,7.5
30.9,Friday,1,4.11,1,17.3,1,4.7,2,1.9,0,3.6,6.27,2.6,0.47,0.23,0.0,9.45
36.5,Tuesday,1,4.66,1,19.8,1,4.1,6,9.8,2,6.6,10.76,2.97,0.41,3.53,0.66,18.3
32.9,Saturday,0,0.0,1,20.0,1,3.9,4,5.7,1,4.5,0.0,3.0,0.39,1.37,0.22,5.01
27.9,Thursday,1,4.2,1,20.1,1,3.6,2,2.0,0,9.2,5.88,3.02,0.36,0.24,0.0,9.29
31.3,Friday,2,2.02,1,17.8,0,4.1,5,9.4,1,6.3,3.2,2.67,0.0,2.82,0.32,9.15
28.8,Monday,1,4.19,1,20.5,2,2.7,3,3.6,1,7.0,5.87,3.08,0.54,0.65,0.35,10.6
30.0,Tuesday,2,3.84,1,18.5,1,1.2,6,3.8,2,8.8,5.38,2.78,0.12,1.37,0.88,10.56
28.4,Thursday,1,1.9,1,19.6,2,3.8,3,0.5,2,4.3,2.66,2.94,0.76,0.09,0.43,6.91
29.2,Monday,2,4.53,1,18.9,1,3.4,3,6.9,3,6.8,6.34,2.83,0.34,1.24,1.02,11.98
31.1,Saturday,1,2.99,1,21.7,1,1.6,4,5.7,2,6.9,4.65,3.26,0.16,1.37,0.69,10.02
25.0,Tuesday,1,3.4,1,19.0,1,0.8,6,8.3,2,4.9,4.76,2.85,0.08,2.99,0.49,11.12
24.9,Wednesday,0,0.0,1,22.0,1,3.1,6,7.8,2,2.9,0.0,3.3,0.31,2.81,0.29,6.72
23.1,Monday,1,1.94,1,20.2,1,2.8,4,8.6,3,1.6,2.72,3.03,0.28,2.06,0.24,8.24
22.0,Friday,1,1.99,1,20.6,1,2.8,3,4.3,2,4.1,2.79,3.09,0.28,0.77,0.41,7.32
23.9,Sunday,1,4.17,1,20.1,1,3.6,4,9.5,2,8.2,5.84,3.02,0.36,2.28,0.82,12.08
30.8,Thursday,2,3.59,1,18.7,1,2.3,6,8.6,3,4.4,5.43,2.8,0.23,3.1,0.66,12.16
25.5,Tuesday,2,3.43,1,20.6,2,3.7,4,0.0,1,7.9,4.8,3.09,0.74,0.0,0.4,9.01
32.6,Monday,0,0.0,1,19.4,1,3.7,5,10.9,2,4.4,0.0,2.91,0.37,3.27,0.44,6.88
30.2,Wednesday,1,2.34,1,20.5,1,0.3,4,6.2,3,6.0,3.35,3.08,0.03,1.49,0.9,9.04
20.2,Sunday,1,3.03,1,20.9,1,2.9,4,4.0,3,7.0,4.24,3.14,0.29,0.96,1.05,9.75
33.3,Thursday,1,4.3,1,22.9,1,3.2,4,4.6,1,8.0,8.01,3.43,0.32,1.1,0.4,13.24
34.1,Thursday,2,6.47,1,20.7,2,3.7,5,5.6,2,5.0,12.77,3.1,0.74,1.68,0.5,18.7
25.0,Monday,1,2.89,1,21.4,1,3.5,6,3.0,2,4.7,4.05,3.21,0.35,1.08,0.47,8.93
32.1,Wednesday,2,5.18,1,21.0,1,1.2,4,7.7,1,2.0,8.77,3.15,0.12,1.85,0.1,13.89
25.7,Saturday,0,0.0,1,19.7,1,3.1,4,4.1,2,5.1,0.0,2.95,0.31,0.98,0.51,4.76
30.5,Sunday,1,3.01,1,21.0,1,2.7,3,2.3,1,12.6,4.42,3.15,0.27,0.41,0.63,8.87
23.7,Saturday,1,3.08,1,19.8,1,4.1,2,8.4,1,5.5,4.31,2.97,0.41,1.01,0.28,8.87
21.0,Tuesday,1,4.18,1,19.4,1,1.8,6,3.4,2,3.1,5.85,2.91,0.18,1.22,0.31,10.72
28.1,Monday,1,4.79,1,18.4,1,3.0,3,3.8,2,5.6,6.71,2.76,0.3,0.68,0.56,11.17
29.4,Sunday,2,3.58,1,21.0,1,3.9,5,0.0,2,7.4,5.01,3.15,0.39,0.0,0.74,9.22
28.0,Tuesday,1,4.34,1,19.1,1,3.8,5,10.8,2,4.7,6.08,2.86,0.38,3.24,0.47,13.12
24.1,Saturday,1,2.73,1,20.9,1,2.8,5,5.7,1,3.8,3.82,3.14,0.28,1.71,0.19,9.33
28.0,Sunday,1,3.82,1,20.0,1,4.2,6,11.3,1,11.0,5.35,3.0,0.42,4.07,0.55,13.44
31.3,Thursday,0,0.0,1,19.6,0,2.3,4,2.8,0,6.7,0.0,2.94,0.0,0.67,0.0,3.59
29.8,Tuesday,1,5.11,1,18.7,1,3.7,6,1.5,1,9.1,7.15,2.8,0.37,0.54,0.46,11.05
30.9,Wednesday,1,4.72,1,22.0,0,3.9,2,1.7,2,5.2,7.2,3.3,0.0,0.2,0.52,11.21
26.6,Friday,0,0.0,1,19.4,1,1.6,4,8.9,2,9.5,0.0,2.91,0.16,2.14,0.95,6.05
35.9,Saturday,2,3.96,1,22.4,1,4.3,5,8.6,1,7.8,8.81,3.36,0.43,2.58,0.39,15.48
24.1,Saturday,1,3.66,1,18.8,2,1.4,3,0.8,1,7.0,5.12,2.82,0.28,0.14,0.35,8.66
32.4,Wednesday,2,4.18,1,22.3,1,3.4,5,0.0,2,3.5,7.25,3.34,0.34,0.0,0.35,11.25
35.9,Sunday,1,4.31,1,20.1,1,2.5,5,5.6,1,4.5,9.59,3.02,0.25,1.68,0.22,14.7
32.4,Sunday,2,3.97,1,21.3,1,4.0,5,10.3,3,6.9,6.89,3.2,0.4,3.09,1.04,14.42
29.0,Sunday,1,5.49,1,18.0,1,3.3,3,2.5,2,5.3,7.69,2.7,0.33,0.45,0.53,11.44
27.4,Tuesday,1,3.51,1,18.0,1,4.8,5,10.3,1,6.7,4.91,2.7,0.48,3.09,0.34,11.64
35.2,Monday,2,4.92,1,20.4,0,4.1,3,4.3,1,5.0,10.47,3.06,0.0,0.77,0.25,14.8
22.9,Thursday,1,5.77,1,18.5,1,3.1,5,12.5,2,6.8,8.08,2.78,0.31,3.75,0.68,15.62
25.1,Friday,0,0.0,1,22.0,1,4.2,4,3.5,1,4.7,0.0,3.3,0.42,0.84,0.24,4.64
28.0,Monday,1,4.19,1,20.5,1,2.9,4,5.2,1,6.9,5.87,3.08,0.29,1.25,0.34,10.98
36.2,Monday,2,4.94,1,19.0,1,1.9,4,3.6,1,4.0,11.21,2.85,0.19,0.86,0.2,15.62
31.9,Wednesday,1,4.3,1,18.6,2,2.5,2,4.0,2,5.3,7.16,2.79,0.5,0.48,0.53,11.64
25.2,Tuesday,1,3.81,1,19.6,2,2.9,2,3.5,2,5.6,5.33,2.94,0.58,0.42,0.56,10.03
28.4,Saturday,1,3.15,1,19.1,2,0.0,2,0.4,0,4.2,4.41,2.86,0.0,0.05,0.0,7.14
26.9,Saturday,2,4.26,1,20.7,1,4.4,4,7.2,2,4.7,5.96,3.1,0.44,1.73,0.47,11.62
26.5,Wednesday,0,0.0,1,19.9,1,2.9,5,1.7,2,6.6,0.0,2.98,0.29,0.51,0.66,4.62
34.9,Tuesday,1,6.6,1,21.8,1,4.0,1,0.7,2,7.4,13.77,3.27,0.4,0.04,0.74,18.04
23.1,Wednesday,1,5.15,1,20.9,1,3.2,2,3.7,1,6.5,7.21,3.14,0.32,0.44,0.32,11.35
38.0,Saturday,1,4.4,1,18.7,1,1.5,4,2.0,2,7.0,11.09,2.8,0.15,0.48,0.7,15.25
34.1,Monday,1,5.67,1,19.4,1,3.1,5,5.4,3,6.2,11.2,2.91,0.31,1.62,0.93,17.05
35.5,Thursday,0,0.0,1,18.7,2,2.9,2,3.7,1,4.6,0.0,2.8,0.58,0.44,0.23,4.01
27.7,Sunday,1,3.99,1,18.7,1,2.3,3,4.8,1,2.5,5.59,2.8,0.23,0.86,0.12,9.6
29.3,Tuesday,1,3.41,1,17.3,1,2.6,3,4.7,1,4.9,4.77,2.6,0.26,0.85,0.25,8.75
22.8,Friday,0,0.0,1,21.4,1,3.0,3,5.6,1,5.8,0.0,3.21,0.3,1.01,0.29,4.78
27.4,Friday,1,3.38,1,21.9,2,0.5,3,6.6,1,4.7,4.73,3.28,0.1,1.19,0.24,9.46
32.5,Monday,2,5.22,1,18.5,1,3.4,3,1.5,2,9.1,9.14,2.78,0.34,0.27,0.91,13.42
36.5,Wednesday,1,4.63,1,18.4,1,3.6,5,7.8,3,6.6,10.69,2.76,0.36,2.34,0.99,17.06
24.5,Wednesday,1,3.7,1,20.8,1,3.5,4,7.9,1,5.8,5.18,3.12,0.35,1.9,0.29,10.97
28.2,Saturday,2,2.52,1,18.8,1,2.7,2,3.7,2,7.1,3.53,2.82,0.27,0.44,0.71,7.82
29.2,Monday,1,4.16,1,21.9,0,5.0,4,4.9,2,10.0,5.82,3.28,0.0,1.18,1.0,11.27
23.0,Saturday,1,2.57,1,18.9,1,3.5,4,4.8,2,5.4,3.6,2.83,0.35,1.15,0.54,8.43
33.0,Saturday,1,4.47,1,16.8,1,2.6,6,11.3,2,4.1,8.14,2.52,0.26,4.07,0.41,15.56
26.4,Friday,1,5.75,1,19.8,0,1.8,3,4.4,1,6.6,8.05,2.97,0.0,0.79,0.33,12.08
29.0,Saturday,2,2.66,1,19.1,1,1.6,5,10.3,2,3.7,3.72,2.86,0.16,3.09,0.37,10.31
27.7,Sunday,2,3.83,1,20.2,1,3.4,5,7.0,2,4.1,5.36,3.03,0.34,2.1,0.41,11.42
26.1,Saturday,1,3.24,1,19.5,2,3.7,3,3.3,2,8.8,4.54,2.92,0.74,0.59,0.88,9.74
30.0,Friday,1,3.08,1,20.9,2,3.1,6,0.9,2,8.6,4.31,3.14,0.62,0.32,0.86,9.01
28.9,Sunday,0,0.0,1,20.6,1,2.9,4,4.7,1,7.3,0.0,3.09,0.29,1.13,0.36,4.81
28.1,Wednesday,1,5.48,1,20.5,2,2.7,5,2.6,1,6.8,7.67,3.08,0.54,0.78,0.34,12.28
26.4,Tuesday,0,0.0,1,20.3,0,3.5,2,0.2,3,3.6,0.0,3.04,0.0,0.02,0.54,3.42
31.6,Thursday,1,3.17,1,20.0,1,2.2,3,2.3,2,4.4,5.15,3.0,0.22,0.41,0.44,9.38
38.3,Saturday,1,5.31,1,17.9,1,3.0,4,7.2,3,8.6,13.6,2.68,0.3,1.73,1.29,19.66
30.7,Sunday,0,0.0,1,20.6,1,3.1,3,3.5,1,5.0,0.0,3.09,0.31,0.63,0.25,3.9
35.0,Tuesday,2,3.79,1,21.1,1,3.6,4,5.8,2,4.4,7.96,3.16,0.36,1.39,0.44,13.31
23.0,Friday,1,1.76,1,20.5,1,2.2,3,5.3,2,5.6,2.46,3.08,0.22,0.95,0.56,7.17
30.8,Tuesday,1,6.48,1,19.7,1,2.0,4,5.2,3,7.2,9.8,2.95,0.2,1.25,1.08,15.42
24.5,Thursday,1,4.74,1,20.9,1,3.0,4,3.5,1,5.6,6.64,3.14,0.3,0.84,0.28,11.1
22.6,Tuesday,1,2.99,1,20.4,1,3.2,1,1.0,1,5.6,4.19,3.06,0.32,0.06,0.28,7.96
26.3,Sunday,1,4.14,1,21.1,1,3.0,4,7.4,2,1.6,5.8,3.16,0.3,1.78,0.16,11.25
36.0,Tuesday,0,0.0,1,19.9,1,0.3,4,5.3,3,5.9,0.0,2.98,0.03,1.27,0.89,5.05
34.8,Tuesday,1,5.62,1,17.9,2,3.3,3,0.0,3,8.0,11.65,2.68,0.66,0.0,1.2,16.04
31.2,Tuesday,1,3.89,1,19.7,1,5.6,2,2.2,3,5.9,6.1,2.95,0.56,0.26,0.89,11.06
22.3,Monday,2,3.37,1,18.6,2,3.9,3,5.1,3,10.1,4.72,2.79,0.78,0.92,1.52,10.79
29.0,Saturday,1,3.4,1,19.3,1,1.0,3,4.4,0,4.6,4.76,2.9,0.1,0.79,0.0,8.56
31.5,Friday,1,4.93,1,20.1,1,2.6,6,3.9,0,5.0,7.94,3.02,0.26,1.4,0.0,12.8
30.9,Thursday,1,6.57,1,21.5,1,2.8,4,3.3,1,4.7,10.03,3.22,0.28,0.79,0.24,14.82
20.8,Friday,2,3.18,1,21.0,1,2.7,1,0.0,1,4.6,4.45,3.15,0.27,0.0,0.23,8.33
25.5,Monday,1,3.52,1,20.3,1,1.8,2,3.4,2,7.1,4.93,3.04,0.18,0.41,0.71,9.06
29.7,Monday,1,4.11,1,21.9,1,2.1,2,3.5,3,5.5,5.75,3.28,0.21,0.42,0.82,10.48
32.7,Sunday,1,4.66,1,20.1,1,3.9,4,5.0,1,9.9,8.28,3.02,0.39,1.2,0.5,13.35
19.0,Monday,1,3.03,1,20.3,1,3.7,2,2.2,2,6.5,4.24,3.04,0.37,0.26,0.65,8.84
29.2,Saturday,0,0.0,1,19.4,1,2.9,4,2.4,3,4.3,0.0,2.91,0.29,0.58,0.64,4.53
30.7,Monday,1,4.3,1,18.4,1,3.9,3,4.7,2,4.0,6.44,2.76,0.39,0.85,0.4,10.65
34.2,Tuesday,0,0.0,1,20.8,1,2.3,5,1.2,1,9.3,0.0,3.12,0.23,0.36,0.47,3.9
33.5,Friday,1,3.83,1,17.6,1,2.7,3,5.6,2,6.4,7.24,2.64,0.27,1.01,0.64,12.04
32.9,Wednesday,1,2.19,1,18.6,1,2.6,4,6.9,1,8.6,3.96,2.79,0.26,1.66,0.43,9.1
26.0,Thursday,2,3.37,1,20.3,1,1.4,5,10.6,2,6.1,4.72,3.04,0.14,3.18,0.61,11.68
20.5,Monday,1,2.59,1,18.7,2,2.7,4,5.5,2,6.0,3.63,2.8,0.54,1.32,0.6,8.84
28.0,Friday,1,4.63,1,20.0,2,4.6,5,4.9,0,8.7,6.48,3.0,0.92,1.47,0.0,11.75
35.0,Sunday,1,3.72,1,20.2,1,4.5,5,8.1,3,6.7,7.82,3.03,0.45,2.43,1.01,14.75
37.0,Monday,2,4.29,1,19.2,0,3.1,4,7.4,2,6.7,10.22,2.88,0.0,1.78,0.67,15.67
33.6,Saturday,0,0.0,1,20.1,1,2.8,4,2.2,2,5.2,0.0,3.02,0.28,0.53,0.52,4.35
32.1,Monday,1,5.43,1,20.1,1,4.8,6,7.7,3,7.7,9.2,3.02,0.48,2.77,1.16,16.79
31.9,Monday,0,0.0,1,18.3,2,2.8,5,7.6,1,5.9,0.0,2.74,0.56,2.28,0.3,5.98
27.2,Monday,1,3.46,1,20.8,2,2.5,6,9.9,1,4.9,4.84,3.12,0.5,3.56,0.25,12.41
29.3,Sunday,1,4.9,1,17.0,1,4.0,2,2.2,2,10.3,6.86,2.55,0.4,0.26,1.03,11.13
38.3,Monday,1,5.77,1,22.8,0,1.3,4,7.0,1,5.4,14.79,3.42,0.0,1.68,0.27,20.14
25.3,Thursday,1,2.73,1,20.8,2,2.9,6,4.2,2,4.4,3.82,3.12,0.58,1.51,0.44,9.3
38.1,Friday,2,5.44,1,21.5,1,2.9,3,8.0,1,8.3,13.79,3.22,0.29,1.44,0.42,19.31
28.4,Saturday,1,2.87,1,21.0,1,3.5,6,5.5,0,7.4,4.02,3.15,0.35,1.98,0.0,9.54
36.6,Monday,1,4.96,1,19.9,1,2.4,2,3.2,2,4.7,11.52,2.98,0.24,0.38,0.47,15.55
23.0,Monday,2,2.89,1,18.8,1,2.8,6,5.8,1,5.8,4.05,2.82,0.28,2.09,0.29,9.36
32.9,Monday,2,3.28,1,20.0,1,3.1,4,5.6,2,7.3,5.92,3.0,0.31,1.34,0.73,11.49
26.3,Monday,1,3.9,1,21.3,1,2.7,2,1.2,2,6.4,5.46,3.2,0.27,0.14,0.64,9.71
22.9,Tuesday,2,2.94,1,18.8,1,2.8,6,12.3,3,7.6,4.12,2.82,0.28,4.43,1.14,13.07
31.1,Tuesday,0,0.0,1,20.2,1,3.8,3,2.4,2,6.0,0.0,3.03,0.38,0.43,0.6,4.13
35.0,Wednesday,1,3.86,1,17.3,0,3.6,1,1.4,1,7.6,8.1,2.6,0.0,0.08,0.38,11.21
25.8,Monday,2,2.68,1,18.8,1,3.5,2,2.6,2,5.4,3.75,2.82,0.35,0.31,0.54,7.57
22.5,Wednesday,1,2.76,1,18.7,1,1.4,5,4.3,2,4.7,3.86,2.8,0.14,1.29,0.47,8.45
29.5,Thursday,1,4.1,1,22.5,1,3.4,6,0.0,2,8.1,5.74,3.38,0.34,0.0,0.81,10.23
29.6,Wednesday,1,4.24,1,18.0,2,2.2,2,4.1,2,6.6,5.94,2.7,0.44,0.49,0.66,10.32
32.7,Friday,1,4.71,1,20.6,1,5.0,4,5.7,2,7.4,8.37,3.09,0.5,1.37,0.74,14.11
34.7,Tuesday,1,5.57,1,22.4,1,3.0,2,0.3,2,8.4,11.47,3.36,0.3,0.04,0.84,15.93
29.7,Tuesday,1,2.41,1,21.5,2,2.8,5,0.3,2,4.9,3.37,3.22,0.56,0.09,0.49,7.63
39.3,Monday,2,6.08,1,22.3,1,4.5,2,2.2,1,7.1,16.42,3.34,0.45,0.26,0.36,20.57
31.1,Monday,1,3.28,1,22.5,0,4.2,3,3.8,1,10.6,5.09,3.38,0.0,0.68,0.53,9.59
28.3,Thursday,1,4.43,1,20.1,1,2.8,2,2.4,2,5.7,6.2,3.02,0.28,0.29,0.57,10.25
21.9,Saturday,2,5.02,1,20.7,1,1.8,4,9.2,1,3.6,7.03,3.1,0.18,2.21,0.18,12.88
28.7,Thursday,1,3.25,1,20.3,1,1.2,6,1.3,1,7.6,4.55,3.04,0.12,0.47,0.38,8.5
28.3,Friday,0,0.0,1,20.7,1,2.0,4,5.9,0,2.7,0.0,3.1,0.2,1.42,0.0,4.66
34.8,Monday,0,0.0,1,20.6,2,3.3,2,3.5,2,3.8,0.0,3.09,0.66,0.42,0.38,4.58
32.3,Monday,1,3.98,1,22.6,0,2.9,4,7.0,1,6.0,6.85,3.39,0.0,1.68,0.3,12.43
24.1,Thursday,0,0.0,1,20.4,1,2.1,5,9.6,2,5.9,0.0,3.06,0.21,2.88,0.59,6.94
30.9,Thursday,0,0.0,1,18.6,1,2.6,2,2.8,1,6.4,0.0,2.79,0.26,0.34,0.32,4.07
33.4,Thursday,1,3.88,1,20.9,1,4.7,2,3.0,2,10.4,7.28,3.14,0.47,0.36,1.04,12.08
37.6,Tuesday,1,5.93,1,21.1,2,4.1,2,2.2,2,6.2,14.61,3.16,0.82,0.26,0.62,19.49
34.4,Wednesday,1,5.22,1,18.8,1,4.8,5,1.6,2,4.8,10.53,2.82,0.48,0.48,0.48,14.77
33.8,Wednesday,2,3.91,1,18.7,0,2.3,4,6.2,1,4.7,7.55,2.8,0.0,1.49,0.24,11.81
30.3,Monday,1,3.96,1,21.4,1,3.8,4,4.3,3,5.1,5.71,3.21,0.38,1.03,0.76,10.91
31.9,Tuesday,1,5.3,1,19.2,1,3.7,3,2.5,3,3.6,8.83,2.88,0.37,0.45,0.54,13.21
36.2,Thursday,1,6.5,1,19.4,2,4.5,3,4.7,2,7.1,14.74,2.91,0.9,0.85,0.71,20.19
23.3,Monday,2,5.17,1,19.3,1,3.0,6,9.8,3,6.6,7.24,2.9,0.3,3.53,0.99,15.04
28.3,Tuesday,0,0.0,1,20.4,1,2.2,3,2.6,2,6.9,0.0,3.06,0.22,0.47,0.69,4.51
26.1,Friday,2,3.2,1,21.7,1,2.1,6,9.0,2,7.6,4.48,3.26,0.21,3.24,0.76,11.7
31.9,Saturday,0,0.0,1,21.0,1,3.0,4,5.1,2,7.2,0.0,3.15,0.3,1.22,0.72,5.23
36.2,Tuesday,2,3.8,1,19.3,1,3.1,2,2.9,2,3.2,8.62,2.9,0.31,0.35,0.32,12.42
27.0,Sunday,1,2.3,1,22.0,1,3.3,4,8.7,3,5.4,3.22,3.3,0.33,2.09,0.81,9.87
18.0,Monday,1,3.29,1,21.3,1,1.6,6,9.8,2,5.5,4.61,3.2,0.16,3.53,0.55,12.07
27.9,Wednesday,1,5.47,1,21.5,1,4.3,4,6.3,3,8.8,7.66,3.22,0.43,1.51,1.32,14.28
34.6,Sunday,1,5.28,1,21.4,1,1.6,6,4.5,1,8.9,10.79,3.21,0.16,1.62,0.45,16.52
32.7,Thursday,1,4.3,1,19.2,2,4.3,3,2.5,2,5.1,7.65,2.88,0.86,0.45,0.51,12.11
32.1,Saturday,1,4.64,1,18.6,1,2.7,4,6.6,2,4.0,7.87,2.79,0.27,1.58,0.4,12.89
28.6,Friday,1,4.59,1,19.5,1,4.8,5,1.4,2,6.3,6.43,2.92,0.48,0.42,0.63,10.86
23.6,Saturday,0,0.0,1,21.5,2,1.3,6,6.6,1,5.4,0.0,3.22,0.26,2.38,0.27,6.01
32.6,Saturday,0,0.0,1,18.2,1,4.2,4,3.3,2,5.8,0.0,2.73,0.42,0.79,0.58,4.59
25.8,Tuesday,1,3.12,1,18.0,1,2.0,4,5.0,3,8.4,4.37,2.7,0.2,1.2,1.26,10.16
40.9,Monday,0,0.0,1,17.3,1,1.9,1,1.2,1,6.5,0.0,2.6,0.19,0.07,0.32,3.04
32.9,Monday,1,4.26,1,18.1,1,4.7,3,4.3,2,5.0,7.69,2.72,0.47,0.77,0.5,12.24
27.1,Saturday,1,3.93,1,18.8,1,3.8,3,4.9,1,4.7,5.5,2.82,0.38,0.88,0.24,9.66
26.9,Thursday,1,4.93,1,20.2,1,1.5,2,4.0,3,3.1,6.9,3.03,0.15,0.48,0.47,10.76
29.5,Monday,0,0.0,1,18.3,1,3.2,3,6.1,2,7.1,0.0,2.74,0.32,1.1,0.71,4.78
28.8,Saturday,1,3.85,1,21.0,2,4.4,3,3.5,1,6.6,5.39,3.15,0.88,0.63,0.33,10.42
35.6,Monday,0,0.0,1,20.1,1,3.6,6,5.6,1,7.1,0.0,3.02,0.36,2.02,0.36,5.82
30.9,Thursday,0,0.0,1,16.9,1,3.0,5,4.0,2,6.0,0.0,2.53,0.3,1.2,0.6,4.9
26.3,Friday,0,0.0,1,20.0,1,4.2,4,4.5,1,3.9,0.0,3.0,0.42,1.08,0.2,4.74
39.5,Sunday,2,6.26,1,20.2,1,3.4,6,4.0,2,6.1,17.08,3.03,0.34,1.44,0.61,22.5
30.2,Saturday,0,0.0,1,22.9,1,1.3,2,3.3,3,8.3,0.0,3.43,0.13,0.4,1.25,5.33
33.8,Wednesday,1,4.4,1,20.4,1,3.1,4,8.1,3,6.1,8.5,3.06,0.31,1.94,0.92,14.77
27.0,Wednesday,0,0.0,1,17.3,1,3.5,4,1.3,1,9.3,0.0,2.6,0.35,0.31,0.47,3.73
31.8,Saturday,0,0.0,1,20.3,1,3.2,2,2.7,3,6.5,0.0,3.04,0.32,0.32,0.98,4.63
31.6,Tuesday,1,4.53,1,20.3,1,2.6,5,11.9,2,9.9,7.35,3.04,0.26,3.57,0.99,15.31
20.6,Friday,1,3.97,1,20.9,1,3.5,2,0.7,1,10.1,5.56,3.14,0.35,0.08,0.5,9.71
40.1,Tuesday,2,3.11,1,24.0,1,3.2,2,4.6,0,4.2,8.74,3.6,0.32,0.55,0.0,13.17
36.5,Sunday,2,3.93,1,19.2,1,1.0,2,1.5,1,4.7,9.07,2.88,0.1,0.18,0.24,12.69
28.0,Wednesday,1,4.41,1,19.0,2,1.7,6,5.6,2,5.1,6.17,2.85,0.34,2.02,0.51,12.02
24.5,Thursday,1,3.57,1,20.7,0,3.3,5,8.7,0,2.6,5.0,3.1,0.0,2.61,0.0,10.85
31.7,Saturday,1,4.78,1,22.7,2,3.7,5,8.4,1,6.9,7.83,3.4,0.74,2.52,0.34,14.69
30.4,Sunday,1,6.4,1,21.0,2,2.2,4,5.1,2,6.9,9.32,3.15,0.44,1.22,0.69,14.74
31.8,Monday,2,4.85,1,19.5,2,3.7,3,2.5,2,6.4,8.01,2.92,0.74,0.45,0.64,12.99
31.0,Wednesday,1,3.76,1,21.5,1,3.5,4,2.0,2,3.6,5.79,3.22,0.35,0.48,0.36,10.36
32.5,Friday,1,3.65,1,22.7,2,2.8,4,5.1,2,9.2,6.39,3.4,0.56,1.22,0.92,12.28
37.2,Wednesday,1,3.83,1,18.8,1,3.4,2,2.4,1,2.2,9.22,2.82,0.34,0.29,0.11,12.83
32.8,Friday,0,0.0,1,18.5,0,3.4,5,4.0,3,3.4,0.0,2.78,0.0,1.2,0.51,4.63
24.8,Friday,2,3.38,1,20.1,1,3.9,2,2.3,1,7.8,4.73,3.02,0.39,0.28,0.39,8.66
36.8,Saturday,1,4.84,1,20.5,2,3.9,2,3.0,2,6.6,11.39,3.08,0.78,0.36,0.66,16.42
38.2,Friday,1,5.45,1,22.1,0,2.0,5,10.2,2,4.8,13.89,3.32,0.0,3.06,0.48,20.76
45.0,Tuesday,0,0.0,1,19.3,1,2.3,5,7.3,1,6.1,0.0,2.9,0.23,2.19,0.3,5.85
24.4,Sunday,2,3.83,1,20.6,0,4.5,4,4.9,3,6.3,5.36,3.09,0.0,1.18,0.94,10.55
31.2,Thursday,0,0.0,1,22.3,1,3.9,4,3.1,2,8.4,0.0,3.34,0.39,0.74,0.84,5.09
19.6,Wednesday,2,5.44,1,20.3,0,3.6,3,2.5,1,3.6,7.62,3.04,0.0,0.45,0.18,11.37
32.8,Thursday,0,0.0,1,19.4,1,3.8,5,7.4,3,6.6,0.0,2.91,0.38,2.22,0.99,6.33
27.3,Sunday,2,3.91,1,20.9,1,4.1,5,7.6,2,8.2,5.47,3.14,0.41,2.28,0.82,12.03
39.6,Monday,1,2.73,1,19.5,2,3.1,4,4.7,2,4.0,7.49,2.92,0.62,1.13,0.4,12.29
26.1,Sunday,0,0.0,1,20.5,1,2.6,6,11.6,2,5.9,0.0,3.08,0.26,4.18,0.59,7.99
21.6,Wednesday,1,2.7,1,19.7,2,3.6,6,8.2,2,5.9,3.78,2.95,0.72,2.95,0.59,11.19
27.6,Thursday,1,3.24,1,19.8,1,3.0,4,4.0,0,2.8,4.54,2.97,0.3,0.96,0.0,8.79
20.1,Thursday,0,0.0,1,19.4,1,4.5,5,4.5,1,6.6,0.0,2.91,0.45,1.35,0.33,5.01
33.8,Saturday,2,2.96,1,19.1,1,4.5,4,3.4,2,6.7,5.71,2.86,0.45,0.82,0.67,10.38
19.7,Saturday,1,3.44,1,21.5,1,3.9,4,6.6,1,9.0,4.82,3.22,0.39,1.58,0.45,10.49
30.1,Sunday,1,4.91,1,20.3,1,1.7,2,1.8,2,6.0,6.94,3.04,0.17,0.22,0.6,10.94
19.6,Sunday,0,0.0,1,21.9,1,1.9,4,5.6,1,6.9,0.0,3.28,0.19,1.34,0.34,5.51
28.4,Monday,1,1.99,1,16.6,1,1.7,6,4.6,1,8.9,2.79,2.49,0.17,1.66,0.45,7.56
38.2,Friday,2,4.95,1,19.2,1,3.2,5,6.1,0,4.7,12.61,2.88,0.32,1.83,0.0,17.71
31.8,Wednesday,1,4.81,1,18.9,1,3.9,5,6.5,2,3.6,7.94,2.83,0.39,1.95,0.36,13.37
